batsman,bowler,runs,balls,dismissals,sr
A Ashish Reddy,AD Mathews,25,12,0,208.33
A Ashish Reddy,DJ Bravo,24,13,1,184.62
A Badoni,AD Russell,22,13,0,169.23
A Badoni,AR Patel,11,10,0,110.0
A Badoni,Arshdeep Singh,13,12,1,108.33
A Badoni,Azmatullah Omarzai,21,12,0,175.0
A Badoni,CV Varun,18,16,0,112.5
A Badoni,HH Pandya,20,14,1,142.86
A Badoni,KV Sharma,28,12,0,233.33
A Badoni,Kuldeep Yadav,13,14,1,92.86
A Badoni,LH Ferguson,23,14,0,164.29
A Badoni,M Jansen,16,13,0,123.08
A Badoni,MM Sharma,23,12,1,191.67
A Badoni,Mohammed Shami,16,11,0,145.45
A Badoni,Mohammed Siraj,21,18,0,116.67
A Badoni,Mukesh Kumar,43,24,1,179.17
A Badoni,PWH de Silva,14,13,0,107.69
A Badoni,R Shepherd,29,14,1,207.14
A Badoni,Rashid Khan,28,27,1,103.7
A Badoni,SM Curran,18,14,1,128.57
A Badoni,SP Narine,30,30,3,100.0
A Badoni,Sandeep Sharma,21,12,0,175.0
A Badoni,T Natarajan,38,18,0,211.11
A Badoni,TA Boult,7,13,3,53.85
A Badoni,TU Deshpande,23,19,2,121.05
A Badoni,Vijaykumar Vyshak,38,13,0,292.31
A Badoni,YS Chahal,17,17,2,100.0
A Manohar,AR Patel,12,12,0,100.0
A Manohar,B Kumar,16,11,1,145.45
A Manohar,JJ Bumrah,16,12,0,133.33
A Manohar,KK Ahmed,2,10,1,20.0
A Manohar,Kuldeep Yadav,13,19,1,68.42
A Manohar,MJ Santner,5,12,0,41.67
A Manohar,PP Chawla,19,10,0,190.0
A Manohar,TA Boult,25,11,1,227.27
A Manohar,YS Chahal,23,12,1,191.67
A Mhatre,B Kumar,38,12,0,316.67
A Mhatre,KH Pandya,15,11,0,136.36
A Mhatre,TU Deshpande,21,11,1,190.91
A Mishra,AB Dinda,18,14,1,128.57
A Mishra,HV Patel,11,14,1,78.57
A Mishra,Harbhajan Singh,13,15,0,86.67
A Mishra,JO Holder,11,10,0,110.0
A Mishra,KA Pollard,4,10,1,40.0
A Mishra,KV Sharma,6,15,0,40.0
A Mishra,L Balaji,23,14,0,164.29
A Mishra,M Morkel,12,10,1,120.0
A Mishra,MM Patel,32,17,1,188.24
A Mishra,R Ashwin,5,12,1,41.67
A Mishra,SC Ganguly,14,15,0,93.33
A Mishra,SK Trivedi,14,15,1,93.33
A Mishra,SL Malinga,5,14,2,35.71
A Mishra,SR Watson,7,12,0,58.33
A Raghuvanshi,AR Patel,16,12,0,133.33
A Raghuvanshi,KH Pandya,12,12,0,100.0
A Raghuvanshi,M Theekshana,18,11,0,163.64
A Raghuvanshi,PWH de Silva,27,17,0,158.82
A Raghuvanshi,R Parag,15,11,0,136.36
A Raghuvanshi,Ravi Bishnoi,14,11,0,127.27
A Raghuvanshi,V Nigam,23,11,0,209.09
A Raghuvanshi,YS Chahal,14,10,1,140.0
A Raghuvanshi,Zeeshan Ansari,16,10,0,160.0
A Symonds,A Kumble,13,13,2,100.0
A Symonds,A Mishra,60,42,3,142.86
A Symonds,AB Agarkar,27,19,2,142.11
A Symonds,DP Nannes,26,14,0,185.71
A Symonds,DT Christian,11,12,0,91.67
A Symonds,DW Steyn,36,23,1,156.52
A Symonds,I Sharma,13,15,1,86.67
A Symonds,IK Pathan,16,10,0,160.0
A Symonds,JA Morkel,24,18,1,133.33
A Symonds,JH Kallis,29,17,0,170.59
A Symonds,L Balaji,21,12,0,175.0
A Symonds,M Kartik,18,22,0,81.82
A Symonds,M Morkel,12,14,0,85.71
A Symonds,M Muralitharan,5,14,0,35.71
A Symonds,Mohammad Hafeez,3,13,0,23.08
A Symonds,P Kumar,20,14,0,142.86
A Symonds,PP Chawla,35,25,0,140.0
A Symonds,R Ashwin,19,15,1,126.67
A Symonds,R Vinay Kumar,20,11,0,181.82
A Symonds,RE van der Merwe,14,11,1,127.27
A Symonds,S Sreesanth,35,12,0,291.67
A Symonds,SB Jakati,32,19,0,168.42
A Symonds,SK Trivedi,43,20,1,215.0
A Symonds,SK Warne,65,37,0,175.68
A Symonds,SR Watson,12,14,0,85.71
A Symonds,UT Yadav,13,12,0,108.33
A Symonds,WA Mota,10,11,0,90.91
A Symonds,Yuvraj Singh,11,15,2,73.33
AA Bilakhia,A Mishra,7,11,1,63.64
AA Bilakhia,A Nehra,12,12,0,100.0
AA Jhunjhunwala,DS Kulkarni,18,13,0,138.46
AA Jhunjhunwala,JH Kallis,9,12,1,75.0
AA Jhunjhunwala,M Kartik,19,16,1,118.75
AA Jhunjhunwala,PJ Sangwan,9,13,0,69.23
AA Jhunjhunwala,S Ladda,16,14,0,114.29
AB de Villiers,A Ashish Reddy,46,18,0,255.56
AB de Villiers,A Chandila,26,11,0,236.36
AB de Villiers,A Flintoff,34,12,0,283.33
AB de Villiers,A Kumble,39,41,0,95.12
AB de Villiers,A Mishra,40,37,1,108.11
AB de Villiers,A Nehra,54,25,2,216.0
AB de Villiers,A Nortje,16,11,2,145.45
AB de Villiers,A Symonds,15,12,0,125.0
AB de Villiers,AB Dinda,50,17,0,294.12
AB de Villiers,AD Mascarenhas,8,13,1,61.54
AB de Villiers,AD Russell,83,35,1,237.14
AB de Villiers,AG Murtaza,18,18,1,100.0
AB de Villiers,AJ Tye,23,21,1,109.52
AB de Villiers,AR Patel,71,70,2,101.43
AB de Villiers,AS Rajpoot,33,14,0,235.71
AB de Villiers,Ankit Sharma,39,20,0,195.0
AB de Villiers,Avesh Khan,9,12,0,75.0
AB de Villiers,Azhar Mahmood,20,16,1,125.0
AB de Villiers,B Akhil,16,14,0,114.29
AB de Villiers,B Kumar,68,41,3,165.85
AB de Villiers,BB Sran,19,16,1,118.75
AB de Villiers,CH Morris,71,33,0,215.15
AB de Villiers,CV Varun,17,14,0,121.43
AB de Villiers,DJ Bravo,68,44,1,154.55
AB de Villiers,DJ Hussey,23,12,1,191.67
AB de Villiers,DJG Sammy,34,11,0,309.09
AB de Villiers,DL Chahar,10,16,1,62.5
AB de Villiers,DR Smith,30,16,1,187.5
AB de Villiers,DS Kulkarni,35,26,1,134.62
AB de Villiers,DW Steyn,55,23,2,239.13
AB de Villiers,GC Viljoen,22,10,0,220.0
AB de Villiers,HH Pandya,88,39,0,225.64
AB de Villiers,HV Patel,53,23,0,230.43
AB de Villiers,Harbhajan Singh,110,78,3,141.03
AB de Villiers,Harmeet Singh,26,19,0,136.84
AB de Villiers,I Sharma,37,33,0,112.12
AB de Villiers,IC Pandey,23,17,1,135.29
AB de Villiers,IK Pathan,52,32,0,162.5
AB de Villiers,IS Sodhi,22,12,0,183.33
AB de Villiers,Imran Tahir,58,40,3,145.0
AB de Villiers,J Suchith,25,11,0,227.27
AB de Villiers,JA Morkel,36,28,3,128.57
AB de Villiers,JC Archer,30,13,0,230.77
AB de Villiers,JD Unadkat,45,26,0,173.08
AB de Villiers,JH Kallis,36,42,1,85.71
AB de Villiers,JJ Bumrah,97,76,3,127.63
AB de Villiers,JO Holder,7,10,0,70.0
AB de Villiers,JP Duminy,15,16,0,93.75
AB de Villiers,JP Faulkner,49,25,1,196.0
AB de Villiers,K Rabada,42,23,1,182.61
AB de Villiers,KA Pollard,15,18,3,83.33
AB de Villiers,KC Cariappa,22,11,1,200.0
AB de Villiers,KH Pandya,43,43,4,100.0
AB de Villiers,KV Sharma,29,29,0,100.0
AB de Villiers,Kuldeep Yadav,22,12,0,183.33
AB de Villiers,L Balaji,36,27,3,133.33
AB de Villiers,M Ashwin,55,31,1,177.42
AB de Villiers,M Kartik,12,14,0,85.71
AB de Villiers,M Morkel,16,12,0,133.33
AB de Villiers,M Muralitharan,33,28,0,117.86
AB de Villiers,M Prasidh Krishna,29,15,0,193.33
AB de Villiers,MC Henriques,57,36,1,158.33
AB de Villiers,MG Johnson,24,18,0,133.33
AB de Villiers,MG Neser,28,10,0,280.0
AB de Villiers,MJ McClenaghan,55,24,1,229.17
AB de Villiers,MM Patel,31,27,0,114.81
AB de Villiers,MM Sharma,69,28,1,246.43
AB de Villiers,MP Stoinis,48,20,0,240.0
AB de Villiers,MS Gony,40,24,1,166.67
AB de Villiers,Mohammed Shami,59,30,1,196.67
AB de Villiers,Mustafizur Rahman,7,12,1,58.33
AB de Villiers,P Awana,19,10,1,190.0
AB de Villiers,P Kumar,52,25,0,208.0
AB de Villiers,P Negi,13,10,0,130.0
AB de Villiers,PC Valthaty,14,10,0,140.0
AB de Villiers,PJ Cummins,23,12,0,191.67
AB de Villiers,PP Chawla,53,52,4,101.92
AB de Villiers,PP Ojha,39,33,1,118.18
AB de Villiers,PV Tambe,45,28,1,160.71
AB de Villiers,R Ashwin,69,61,2,113.11
AB de Villiers,R Bhatia,36,27,0,133.33
AB de Villiers,R Sharma,10,12,1,83.33
AB de Villiers,R Tewatia,22,14,0,157.14
AB de Villiers,R Vinay Kumar,16,20,1,80.0
AB de Villiers,RA Jadeja,111,91,2,121.98
AB de Villiers,RD Chahar,31,25,0,124.0
AB de Villiers,RG Sharma,20,13,0,153.85
AB de Villiers,RP Singh,12,12,1,100.0
AB de Villiers,Rashid Khan,45,41,3,109.76
AB de Villiers,Ravi Bishnoi,14,15,0,93.33
AB de Villiers,S Gopal,30,33,3,90.91
AB de Villiers,S Kaul,52,24,1,216.67
AB de Villiers,S Lamichhane,13,11,0,118.18
AB de Villiers,S Nadeem,72,48,1,150.0
AB de Villiers,S Randiv,13,12,0,108.33
AB de Villiers,S Sreesanth,18,15,2,120.0
AB de Villiers,SB Jakati,55,29,2,189.66
AB de Villiers,SK Trivedi,37,23,1,160.87
AB de Villiers,SK Warne,43,38,2,113.16
AB de Villiers,SL Malinga,124,61,1,203.28
AB de Villiers,SN Thakur,48,29,2,165.52
AB de Villiers,SP Narine,53,39,4,135.9
AB de Villiers,SR Watson,45,35,1,128.57
AB de Villiers,Sandeep Sharma,107,54,2,198.15
AB de Villiers,Shakib Al Hasan,49,32,0,153.12
AB de Villiers,T Natarajan,25,19,1,131.58
AB de Villiers,TA Boult,48,18,1,266.67
AB de Villiers,TG Southee,21,11,0,190.91
AB de Villiers,UT Yadav,22,13,0,169.23
AB de Villiers,VR Aaron,22,13,0,169.23
AB de Villiers,YK Pathan,23,14,0,164.29
AB de Villiers,Z Khan,28,21,1,133.33
AC Blizzard,B Lee,23,10,1,230.0
AC Blizzard,M Morkel,29,12,0,241.67
AC Gilchrist,A Kumble,34,38,3,89.47
AC Gilchrist,A Mishra,38,33,2,115.15
AC Gilchrist,A Mithun,13,10,0,130.0
AC Gilchrist,A Nehra,96,52,1,184.62
AC Gilchrist,AB Agarkar,47,20,1,235.0
AC Gilchrist,AB Dinda,32,31,2,103.23
AC Gilchrist,AD Mathews,19,18,2,105.56
AC Gilchrist,B Akhil,26,12,1,216.67
AC Gilchrist,B Kumar,19,12,1,158.33
AC Gilchrist,B Lee,32,26,0,123.08
AC Gilchrist,BJ Hodge,14,10,2,140.0
AC Gilchrist,BW Hilfenhaus,6,10,0,60.0
AC Gilchrist,CH Gayle,23,14,0,164.29
AC Gilchrist,CK Langeveldt,40,19,1,210.53
AC Gilchrist,DE Bollinger,8,11,1,72.73
AC Gilchrist,DJ Bravo,35,23,2,152.17
AC Gilchrist,DP Nannes,45,23,2,195.65
AC Gilchrist,DT Christian,27,12,1,225.0
AC Gilchrist,DW Steyn,50,52,1,96.15
AC Gilchrist,Harbhajan Singh,27,27,2,100.0
AC Gilchrist,I Sharma,62,53,0,116.98
AC Gilchrist,IK Pathan,66,44,4,150.0
AC Gilchrist,JA Morkel,47,31,3,151.61
AC Gilchrist,JD Unadkat,18,13,0,138.46
AC Gilchrist,JH Kallis,56,42,0,133.33
AC Gilchrist,JP Duminy,12,15,0,80.0
AC Gilchrist,L Balaji,41,30,0,136.67
AC Gilchrist,M Kartik,8,11,1,72.73
AC Gilchrist,M Morkel,30,35,1,85.71
AC Gilchrist,M Muralitharan,34,16,0,212.5
AC Gilchrist,M Ntini,25,12,0,208.33
AC Gilchrist,MM Patel,40,28,0,142.86
AC Gilchrist,MS Gony,27,22,1,122.73
AC Gilchrist,Mashrafe Mortaza,23,11,0,209.09
AC Gilchrist,Mohammad Asif,17,11,1,154.55
AC Gilchrist,P Kumar,20,15,0,133.33
AC Gilchrist,R Ashwin,46,43,2,106.98
AC Gilchrist,R Vinay Kumar,17,15,1,113.33
AC Gilchrist,RP Singh,5,10,1,50.0
AC Gilchrist,RR Powar,6,12,2,50.0
AC Gilchrist,S Aravind,23,10,0,230.0
AC Gilchrist,S Sreesanth,56,30,2,186.67
AC Gilchrist,SK Trivedi,24,20,1,120.0
AC Gilchrist,SK Warne,22,12,0,183.33
AC Gilchrist,SL Malinga,34,30,1,113.33
AC Gilchrist,SMSM Senanayake,18,16,1,112.5
AC Gilchrist,SP Narine,16,13,1,123.08
AC Gilchrist,SR Watson,31,21,1,147.62
AC Gilchrist,Sohail Tanvir,20,12,0,166.67
AC Gilchrist,TM Dilshan,13,15,0,86.67
AC Gilchrist,YK Pathan,32,40,2,80.0
AC Gilchrist,Z Khan,42,30,3,140.0
AC Voges,IK Pathan,25,11,1,227.27
AC Voges,JH Kallis,8,10,0,80.0
AD Hales,TA Boult,10,11,0,90.91
AD Hales,UT Yadav,19,10,0,190.0
AD Mathews,A Mishra,22,17,1,129.41
AD Mathews,A Symonds,8,11,0,72.73
AD Mathews,B Kumar,12,12,0,100.0
AD Mathews,IK Pathan,13,12,1,108.33
AD Mathews,J Botha,16,13,0,123.08
AD Mathews,JP Faulkner,29,20,1,145.0
AD Mathews,Jaskaran Singh,17,12,1,141.67
AD Mathews,M Muralitharan,43,27,1,159.26
AD Mathews,PP Ojha,13,11,1,118.18
AD Mathews,R Ashwin,15,17,0,88.24
AD Mathews,R Bhatia,32,30,0,106.67
AD Mathews,R Vinay Kumar,8,10,3,80.0
AD Mathews,RP Singh,18,10,0,180.0
AD Mathews,S Kaul,17,11,1,154.55
AD Mathews,SB Jakati,11,12,0,91.67
AD Mathews,SP Narine,25,16,2,156.25
AD Mathews,SR Watson,13,14,1,92.86
AD Mathews,STR Binny,12,10,1,120.0
AD Mathews,UT Yadav,27,21,3,128.57
AD Russell,A Mishra,12,14,2,85.71
AD Russell,A Nortje,10,12,0,83.33
AD Russell,AJ Tye,43,19,2,226.32
AD Russell,AR Patel,54,28,1,192.86
AD Russell,Anureet Singh,43,15,0,286.67
AD Russell,Arshdeep Singh,30,15,3,200.0
AD Russell,Avesh Khan,35,25,3,140.0
AD Russell,B Kumar,93,36,1,258.33
AD Russell,CH Morris,17,16,3,106.25
AD Russell,DJ Bravo,78,30,0,260.0
AD Russell,DL Chahar,16,12,0,133.33
AD Russell,HH Pandya,34,19,1,178.95
AD Russell,HV Patel,21,20,3,105.0
AD Russell,Harbhajan Singh,21,12,0,175.0
AD Russell,Harpreet Brar,30,16,0,187.5
AD Russell,Imran Tahir,26,27,2,96.3
AD Russell,JC Archer,56,30,0,186.67
AD Russell,JJ Bumrah,57,44,4,129.55
AD Russell,K Rabada,55,25,1,220.0
AD Russell,KH Pandya,15,15,0,100.0
AD Russell,KK Ahmed,15,14,0,107.14
AD Russell,Kuldeep Yadav,4,10,1,40.0
AD Russell,LH Ferguson,13,12,0,108.33
AD Russell,M Jansen,12,11,1,109.09
AD Russell,M Markande,32,22,2,145.45
AD Russell,M Pathirana,14,10,1,140.0
AD Russell,MM Sharma,17,14,1,121.43
AD Russell,MP Stoinis,32,11,0,290.91
AD Russell,Mohammed Shami,99,39,2,253.85
AD Russell,Mohammed Siraj,17,19,2,89.47
AD Russell,Mukesh Kumar,20,11,1,181.82
AD Russell,Mustafizur Rahman,15,16,1,93.75
AD Russell,NLTC Perera,22,15,1,146.67
AD Russell,NT Ellis,18,10,0,180.0
AD Russell,Noor Ahmad,16,10,1,160.0
AD Russell,PP Chawla,16,10,1,160.0
AD Russell,RA Jadeja,47,33,0,142.42
AD Russell,RD Chahar,39,33,0,118.18
AD Russell,Rashid Khan,26,24,4,108.33
AD Russell,Ravi Bishnoi,17,14,1,121.43
AD Russell,SC Kuggeleijn,27,15,0,180.0
AD Russell,SL Malinga,26,12,2,216.67
AD Russell,SM Curran,55,23,2,239.13
AD Russell,SN Thakur,54,20,4,270.0
AD Russell,SR Watson,46,24,1,191.67
AD Russell,Sandeep Sharma,11,12,1,91.67
AD Russell,T Natarajan,41,23,0,178.26
AD Russell,TA Boult,21,10,2,210.0
AD Russell,TG Southee,48,16,1,300.0
AD Russell,Umran Malik,9,11,0,81.82
AD Russell,VR Aaron,38,16,0,237.5
AD Russell,YS Chahal,99,50,1,198.0
AD Russell,Yash Dayal,41,15,0,273.33
AJ Finch,A Nehra,4,10,0,40.0
AJ Finch,AR Patel,10,10,1,100.0
AJ Finch,Azhar Mahmood,18,10,0,180.0
AJ Finch,B Kumar,19,21,1,90.48
AJ Finch,B Lee,13,10,0,130.0
AJ Finch,BB Sran,26,16,0,162.5
AJ Finch,CH Morris,14,12,0,116.67
AJ Finch,CJ Anderson,25,19,0,131.58
AJ Finch,CR Brathwaite,25,11,0,227.27
AJ Finch,CV Varun,15,14,0,107.14
AJ Finch,DL Chahar,14,17,2,82.35
AJ Finch,DP Nannes,22,14,0,157.14
AJ Finch,DS Kulkarni,3,10,1,30.0
AJ Finch,HH Pandya,15,13,0,115.38
AJ Finch,Harbhajan Singh,30,24,1,125.0
AJ Finch,I Sharma,20,15,0,133.33
AJ Finch,IC Pandey,16,10,0,160.0
AJ Finch,IK Pathan,34,18,1,188.89
AJ Finch,Imran Tahir,15,12,2,125.0
AJ Finch,JC Archer,18,13,0,138.46
AJ Finch,JD Unadkat,33,17,0,194.12
AJ Finch,JH Kallis,16,11,2,145.45
AJ Finch,JJ Bumrah,24,25,1,96.0
AJ Finch,JO Holder,9,14,1,64.29
AJ Finch,JP Faulkner,25,26,1,96.15
AJ Finch,K Rabada,12,10,1,120.0
AJ Finch,KH Pandya,23,23,0,100.0
AJ Finch,KK Cooper,22,20,1,110.0
AJ Finch,Kuldeep Yadav,18,10,1,180.0
AJ Finch,L Balaji,6,10,2,60.0
AJ Finch,LR Shukla,30,12,0,250.0
AJ Finch,M Ashwin,26,15,2,173.33
AJ Finch,M Kartik,13,10,0,130.0
AJ Finch,M Morkel,19,23,1,82.61
AJ Finch,M Prasidh Krishna,36,24,2,150.0
AJ Finch,MC Henriques,37,20,1,185.0
AJ Finch,MG Johnson,32,34,3,94.12
AJ Finch,MJ McClenaghan,16,11,0,145.45
AJ Finch,MM Sharma,20,15,3,133.33
AJ Finch,Mohammed Shami,33,35,1,94.29
AJ Finch,Mustafizur Rahman,14,16,0,87.5
AJ Finch,P Kumar,8,10,0,80.0
AJ Finch,PJ Cummins,37,33,0,112.12
AJ Finch,PP Chawla,34,23,1,147.83
AJ Finch,PP Ojha,30,17,0,176.47
AJ Finch,R Ashwin,29,30,0,96.67
AJ Finch,R Bhatia,29,14,1,207.14
AJ Finch,RA Jadeja,33,21,1,157.14
AJ Finch,RP Singh,17,21,0,80.95
AJ Finch,Rashid Khan,37,25,2,148.0
AJ Finch,S Kaul,14,12,1,116.67
AJ Finch,S Nadeem,34,35,2,97.14
AJ Finch,SK Trivedi,27,21,0,128.57
AJ Finch,SL Malinga,13,18,1,72.22
AJ Finch,SMSM Senanayake,13,13,0,100.0
AJ Finch,SP Narine,35,19,0,184.21
AJ Finch,Sandeep Sharma,45,42,1,107.14
AJ Finch,Shakib Al Hasan,36,14,1,257.14
AJ Finch,TA Boult,23,20,1,115.0
AJ Finch,TG Southee,22,18,0,122.22
AJ Finch,UT Yadav,34,20,2,170.0
AJ Finch,VR Aaron,19,11,0,172.73
AJ Finch,YS Chahal,45,35,0,128.57
AJ Finch,Yuvraj Singh,14,13,1,107.69
AJ Finch,Z Khan,31,19,1,163.16
AK Markram,AD Russell,19,13,1,146.15
AK Markram,AR Patel,24,19,1,126.32
AK Markram,Arshdeep Singh,29,24,2,120.83
AK Markram,CV Varun,75,48,2,156.25
AK Markram,DL Chahar,24,20,0,120.0
AK Markram,HH Pandya,26,18,1,144.44
AK Markram,HV Patel,14,16,1,87.5
AK Markram,Harpreet Brar,14,10,1,140.0
AK Markram,Harsh Dubey,22,10,0,220.0
AK Markram,Harshit Rana,17,15,1,113.33
AK Markram,JC Archer,18,11,0,163.64
AK Markram,JJ Bumrah,9,14,1,64.29
AK Markram,K Rabada,29,15,0,193.33
AK Markram,KK Ahmed,18,18,2,100.0
AK Markram,Kuldeep Yadav,32,21,1,152.38
AK Markram,LH Ferguson,41,24,1,170.83
AK Markram,M Prasidh Krishna,30,15,1,200.0
AK Markram,M Theekshana,43,31,1,138.71
AK Markram,MA Starc,26,20,0,130.0
AK Markram,MJ Santner,24,13,1,184.62
AK Markram,MR Marsh,17,12,1,141.67
AK Markram,Mohammed Shami,17,12,2,141.67
AK Markram,Mohammed Siraj,43,30,0,143.33
AK Markram,Mustafizur Rahman,11,10,0,110.0
AK Markram,NM Coulter-Nile,12,10,0,120.0
AK Markram,NT Ellis,24,11,0,218.18
AK Markram,PJ Cummins,26,13,0,200.0
AK Markram,PWH de Silva,16,11,2,145.45
AK Markram,R Ashwin,8,11,0,72.73
AK Markram,RA Jadeja,27,24,0,112.5
AK Markram,RD Chahar,24,24,1,100.0
AK Markram,Rashid Khan,27,25,0,108.0
AK Markram,Ravi Bishnoi,15,11,0,136.36
AK Markram,SN Thakur,16,13,1,123.08
AK Markram,SP Narine,47,51,1,92.16
AK Markram,Suyash Sharma,28,11,0,254.55
AK Markram,TA Boult,24,14,1,171.43
AK Markram,TU Deshpande,14,13,0,107.69
AK Markram,V Puthur,18,12,0,150.0
AK Markram,VG Arora,26,15,1,173.33
AK Markram,YS Chahal,22,17,1,129.41
AK Markram,Yash Dayal,18,19,1,94.74
AL Menaria,A Mishra,17,12,1,141.67
AL Menaria,Harbhajan Singh,8,10,0,80.0
AL Menaria,JH Kallis,19,12,0,158.33
AL Menaria,NL McCullum,12,10,0,120.0
AL Menaria,P Awana,9,13,0,69.23
AL Menaria,PP Chawla,27,20,2,135.0
AL Menaria,R Ashwin,9,15,2,60.0
AL Menaria,R Bhatia,14,13,0,107.69
AL Menaria,RA Jadeja,14,14,0,100.0
AL Menaria,Shakib Al Hasan,11,12,0,91.67
AL Menaria,YK Pathan,13,14,2,92.86
AM Nayar,A Mishra,15,24,1,62.5
AM Nayar,DW Steyn,9,10,1,90.0
AM Nayar,JD Ryder,16,17,1,94.12
AM Nayar,M Kartik,10,14,2,71.43
AM Nayar,M Muralitharan,20,25,0,80.0
AM Nayar,MG Johnson,12,14,0,85.71
AM Nayar,P Awana,12,11,1,109.09
AM Nayar,P Kumar,15,14,1,107.14
AM Nayar,PP Chawla,15,16,1,93.75
AM Nayar,PP Ojha,9,11,1,81.82
AM Nayar,R Bhatia,10,12,0,83.33
AM Nayar,R Vinay Kumar,29,16,0,181.25
AM Nayar,SK Raina,10,10,1,100.0
AM Nayar,SK Trivedi,12,11,0,109.09
AM Nayar,SK Warne,24,16,0,150.0
AM Nayar,SR Watson,6,10,1,60.0
AM Rahane,A Kamboj,28,15,0,186.67
AM Rahane,A Kumble,22,14,0,157.14
AM Rahane,A Mishra,96,78,3,123.08
AM Rahane,A Nehra,59,43,0,137.21
AM Rahane,AB Agarkar,39,30,1,130.0
AM Rahane,AB Dinda,9,14,0,64.29
AM Rahane,AD Mathews,52,43,1,120.93
AM Rahane,AD Russell,56,39,1,143.59
AM Rahane,AF Milne,22,17,0,129.41
AM Rahane,AR Patel,70,53,2,132.08
AM Rahane,Akash Deep,23,11,0,209.09
AM Rahane,Arshdeep Singh,25,21,2,119.05
AM Rahane,Azhar Mahmood,23,20,1,115.0
AM Rahane,B Kumar,104,117,7,88.89
AM Rahane,BW Hilfenhaus,12,17,0,70.59
AM Rahane,Bipul Sharma,13,25,2,52.0
AM Rahane,C de Grandhomme,9,10,0,90.0
AM Rahane,CH Morris,42,26,0,161.54
AM Rahane,CR Brathwaite,14,10,0,140.0
AM Rahane,CR Woakes,22,14,1,157.14
AM Rahane,CV Varun,21,11,1,190.91
AM Rahane,D Wiese,17,10,0,170.0
AM Rahane,DJ Bravo,58,28,1,207.14
AM Rahane,DJG Sammy,10,12,0,83.33
AM Rahane,DL Chahar,25,25,4,100.0
AM Rahane,DL Vettori,13,15,0,86.67
AM Rahane,DS Kulkarni,21,25,2,84.0
AM Rahane,DW Steyn,18,32,2,56.25
AM Rahane,GJ Maxwell,14,11,0,127.27
AM Rahane,GS Sandhu,21,12,0,175.0
AM Rahane,HH Pandya,54,27,1,200.0
AM Rahane,HV Patel,31,20,1,155.0
AM Rahane,Harbhajan Singh,27,30,1,90.0
AM Rahane,Harmeet Singh,19,11,0,172.73
AM Rahane,I Sharma,64,58,2,110.34
AM Rahane,IC Pandey,14,10,0,140.0
AM Rahane,IK Pathan,43,32,0,134.38
AM Rahane,Imran Tahir,15,20,1,75.0
AM Rahane,Iqbal Abdulla,23,14,0,164.29
AM Rahane,J Suchith,17,14,0,121.43
AM Rahane,J Yadav,10,13,0,76.92
AM Rahane,JA Morkel,25,20,1,125.0
AM Rahane,JC Archer,1,11,1,9.09
AM Rahane,JD Unadkat,35,34,4,102.94
AM Rahane,JH Kallis,16,15,0,106.67
AM Rahane,JJ Bumrah,48,40,0,120.0
AM Rahane,JO Holder,29,20,1,145.0
AM Rahane,JP Behrendorff,24,16,0,150.0
AM Rahane,JP Duminy,23,19,0,121.05
AM Rahane,JP Faulkner,19,16,1,118.75
AM Rahane,K Rabada,35,27,2,129.63
AM Rahane,K Upadhyay,18,10,0,180.0
AM Rahane,KA Pollard,14,11,1,127.27
AM Rahane,KH Pandya,61,53,4,115.09
AM Rahane,KK Ahmed,25,21,1,119.05
AM Rahane,KV Sharma,62,52,3,119.23
AM Rahane,Kuldeep Yadav,19,27,2,70.37
AM Rahane,L Balaji,9,13,1,69.23
AM Rahane,M Ashwin,14,10,0,140.0
AM Rahane,M Kartik,13,13,0,100.0
AM Rahane,M Morkel,74,55,1,134.55
AM Rahane,M Muralitharan,22,14,0,157.14
AM Rahane,M Prasidh Krishna,30,19,1,157.89
AM Rahane,M Theekshana,11,10,0,110.0
AM Rahane,MA Starc,36,26,1,138.46
AM Rahane,MG Johnson,63,38,1,165.79
AM Rahane,MJ Henry,13,12,1,108.33
AM Rahane,MJ McClenaghan,76,55,2,138.18
AM Rahane,MJ Santner,19,15,1,126.67
AM Rahane,MM Sharma,60,41,2,146.34
AM Rahane,Mayank Dagar,9,10,0,90.0
AM Rahane,Mohammed Shami,94,57,0,164.91
AM Rahane,Mohammed Siraj,19,32,1,59.38
AM Rahane,NM Coulter-Nile,55,34,0,161.76
AM Rahane,Noor Ahmad,10,11,0,90.91
AM Rahane,P Awana,36,23,0,156.52
AM Rahane,P Kumar,44,56,2,78.57
AM Rahane,P Negi,21,25,1,84.0
AM Rahane,PJ Cummins,26,18,1,144.44
AM Rahane,PJ Sangwan,16,16,2,100.0
AM Rahane,PP Chawla,137,93,3,147.31
AM Rahane,PP Ojha,29,18,1,161.11
AM Rahane,PWH de Silva,13,14,2,92.86
AM Rahane,R Ashwin,54,57,6,94.74
AM Rahane,R Bhatia,9,13,1,69.23
AM Rahane,R Dhawan,14,17,1,82.35
AM Rahane,R Parag,11,13,1,84.62
AM Rahane,R Rampaul,10,14,1,71.43
AM Rahane,R Sai Kishore,13,12,1,108.33
AM Rahane,R Sathish,10,10,1,100.0
AM Rahane,R Sharma,29,26,1,111.54
AM Rahane,R Shukla,24,14,0,171.43
AM Rahane,R Tewatia,12,14,0,85.71
AM Rahane,R Vinay Kumar,58,49,1,118.37
AM Rahane,RA Jadeja,39,36,3,108.33
AM Rahane,RE van der Merwe,13,13,0,100.0
AM Rahane,RP Singh,20,28,0,71.43
AM Rahane,RS Bopara,12,13,0,92.31
AM Rahane,Rashid Khan,61,49,1,124.49
AM Rahane,Rasikh Salam,30,14,0,214.29
AM Rahane,S Aravind,54,27,0,200.0
AM Rahane,S Badree,11,12,2,91.67
AM Rahane,S Gopal,17,16,1,106.25
AM Rahane,S Kaul,37,37,1,100.0
AM Rahane,S Nadeem,90,70,4,128.57
AM Rahane,SB Jakati,27,16,0,168.75
AM Rahane,SL Malinga,48,54,0,88.89
AM Rahane,SM Curran,26,14,0,185.71
AM Rahane,SN Thakur,22,15,1,146.67
AM Rahane,SP Narine,63,50,4,126.0
AM Rahane,SR Watson,23,16,1,143.75
AM Rahane,STR Binny,26,17,0,152.94
AM Rahane,Sandeep Sharma,64,71,2,90.14
AM Rahane,Shahbaz Ahmed,15,12,0,125.0
AM Rahane,Shakib Al Hasan,41,38,2,107.89
AM Rahane,Suyash Sharma,29,19,0,152.63
AM Rahane,T Shamsi,12,11,1,109.09
AM Rahane,TA Boult,42,40,3,105.0
AM Rahane,TG Southee,26,20,1,130.0
AM Rahane,TU Deshpande,12,12,0,100.0
AM Rahane,UT Yadav,108,74,4,145.95
AM Rahane,VR Aaron,30,15,0,200.0
AM Rahane,WD Parnell,26,19,1,136.84
AM Rahane,Washington Sundar,52,31,1,167.74
AM Rahane,YK Pathan,12,12,0,100.0
AM Rahane,YS Chahal,46,45,4,102.22
AM Rahane,Yash Dayal,44,18,0,244.44
AM Rahane,Yuvraj Singh,25,19,0,131.58
AM Rahane,Z Khan,34,33,2,103.03
AP Majumdar,HV Patel,9,10,1,90.0
AP Majumdar,KP Appanna,18,10,0,180.0
AP Tare,JA Morkel,11,14,2,78.57
AP Tare,JP Faulkner,30,13,0,230.77
AP Tare,MM Sharma,14,11,1,127.27
AP Tare,Sandeep Sharma,11,10,2,110.0
AP Tare,VS Malik,6,10,0,60.0
AR Patel,A Mishra,18,16,0,112.5
AR Patel,AD Russell,35,12,0,291.67
AR Patel,AJ Tye,24,12,1,200.0
AR Patel,Avesh Khan,25,21,0,119.05
AR Patel,B Kumar,58,33,2,175.76
AR Patel,BA Stokes,3,11,0,27.27
AR Patel,C Green,20,14,1,142.86
AR Patel,CH Morris,17,14,1,121.43
AR Patel,CR Brathwaite,6,10,0,60.0
AR Patel,CV Varun,14,28,2,50.0
AR Patel,DJ Bravo,28,32,4,87.5
AR Patel,DS Rathi,17,10,1,170.0
AR Patel,HV Patel,20,17,1,117.65
AR Patel,Harshit Rana,11,10,0,110.0
AR Patel,Imran Tahir,27,28,3,96.43
AR Patel,J Yadav,6,11,1,54.55
AR Patel,JD Unadkat,27,21,1,128.57
AR Patel,JJ Bumrah,53,52,5,101.92
AR Patel,JR Hazlewood,15,15,1,100.0
AR Patel,KA Pollard,19,13,1,146.15
AR Patel,KH Pandya,17,14,0,121.43
AR Patel,LH Ferguson,16,11,1,145.45
AR Patel,M Markande,28,17,0,164.71
AR Patel,M Pathirana,19,13,1,146.15
AR Patel,M Prasidh Krishna,8,10,2,80.0
AR Patel,MC Henriques,22,13,1,169.23
AR Patel,MJ McClenaghan,13,12,1,108.33
AR Patel,MM Ali,9,11,2,81.82
AR Patel,Mohammed Shami,25,21,2,119.05
AR Patel,Mohammed Siraj,21,16,0,131.25
AR Patel,Mustafizur Rahman,8,10,0,80.0
AR Patel,NM Coulter-Nile,16,13,2,123.08
AR Patel,Noor Ahmad,36,22,2,163.64
AR Patel,PJ Cummins,13,10,0,130.0
AR Patel,R Ashwin,15,26,3,57.69
AR Patel,RA Jadeja,74,40,0,185.0
AR Patel,RD Chahar,20,22,1,90.91
AR Patel,Rashid Khan,87,65,2,133.85
AR Patel,SL Malinga,27,16,1,168.75
AR Patel,SN Thakur,26,18,1,144.44
AR Patel,SP Narine,50,44,5,113.64
AR Patel,SR Watson,21,12,1,175.0
AR Patel,Sandeep Sharma,17,15,0,113.33
AR Patel,T Natarajan,17,12,1,141.67
AR Patel,UT Yadav,29,20,2,145.0
AR Patel,YS Chahal,46,33,3,139.39
AR Patel,Z Khan,21,11,0,190.91
AT Rayudu,A Kumble,27,21,0,128.57
AT Rayudu,A Mishra,100,85,3,117.65
AT Rayudu,A Nehra,29,18,3,161.11
AT Rayudu,A Nortje,28,14,0,200.0
AT Rayudu,A Zampa,12,10,0,120.0
AT Rayudu,AB Agarkar,27,21,1,128.57
AT Rayudu,AB Dinda,28,24,4,116.67
AT Rayudu,AD Mascarenhas,15,10,0,150.0
AT Rayudu,AD Russell,19,17,0,111.76
AT Rayudu,AJ Tye,21,11,0,190.91
AT Rayudu,AR Patel,51,34,1,150.0
AT Rayudu,AS Rajpoot,9,10,0,90.0
AT Rayudu,AUK Pathan,21,13,0,161.54
AT Rayudu,Ankit Sharma,17,15,0,113.33
AT Rayudu,Avesh Khan,63,37,0,170.27
AT Rayudu,B Kumar,84,69,2,121.74
AT Rayudu,B Laughlin,12,11,2,109.09
AT Rayudu,B Lee,15,17,0,88.24
AT Rayudu,BA Bhatt,20,14,0,142.86
AT Rayudu,BA Stokes,22,16,1,137.5
AT Rayudu,BB Sran,18,12,2,150.0
AT Rayudu,Bipul Sharma,24,26,1,92.31
AT Rayudu,CH Gayle,24,13,0,184.62
AT Rayudu,CH Morris,19,22,0,86.36
AT Rayudu,CV Varun,26,21,0,123.81
AT Rayudu,DJ Bravo,44,43,2,102.33
AT Rayudu,DR Sams,15,13,1,115.38
AT Rayudu,DR Smith,16,10,0,160.0
AT Rayudu,DS Kulkarni,41,19,0,215.79
AT Rayudu,DT Christian,10,15,0,66.67
AT Rayudu,DW Steyn,33,30,1,110.0
AT Rayudu,GB Hogg,13,10,0,130.0
AT Rayudu,GJ Maxwell,31,20,1,155.0
AT Rayudu,HH Pandya,31,24,0,129.17
AT Rayudu,HR Shokeen,11,10,0,110.0
AT Rayudu,HV Patel,54,44,5,122.73
AT Rayudu,I Sharma,11,14,2,78.57
AT Rayudu,IC Pandey,21,15,0,140.0
AT Rayudu,IK Pathan,69,36,2,191.67
AT Rayudu,Imran Tahir,27,22,1,122.73
AT Rayudu,JA Morkel,36,32,0,112.5
AT Rayudu,JC Archer,4,13,2,30.77
AT Rayudu,JD Unadkat,54,34,0,158.82
AT Rayudu,JH Kallis,37,33,2,112.12
AT Rayudu,JJ Bumrah,50,41,2,121.95
AT Rayudu,JP Duminy,7,13,0,53.85
AT Rayudu,JP Faulkner,18,16,2,112.5
AT Rayudu,JR Hopes,27,12,1,225.0
AT Rayudu,K Rabada,23,25,1,92.0
AT Rayudu,KH Pandya,37,31,2,119.35
AT Rayudu,KK Ahmed,11,17,3,64.71
AT Rayudu,KK Cooper,42,23,1,182.61
AT Rayudu,KL Nagarkoti,15,10,1,150.0
AT Rayudu,KV Sharma,12,15,1,80.0
AT Rayudu,Kuldeep Yadav,27,27,2,100.0
AT Rayudu,L Balaji,33,15,0,220.0
AT Rayudu,LH Ferguson,12,13,1,92.31
AT Rayudu,M Ashwin,11,17,1,64.71
AT Rayudu,M Kartik,20,14,0,142.86
AT Rayudu,M Markande,6,12,2,50.0
AT Rayudu,M Morkel,28,27,1,103.7
AT Rayudu,M Muralitharan,21,23,0,91.3
AT Rayudu,M Prasidh Krishna,6,10,0,60.0
AT Rayudu,MC Henriques,28,26,1,107.69
AT Rayudu,MG Johnson,16,14,1,114.29
AT Rayudu,MJ McClenaghan,19,11,0,172.73
AT Rayudu,MM Ali,11,18,0,61.11
AT Rayudu,MM Sharma,71,49,7,144.9
AT Rayudu,MR Marsh,15,17,0,88.24
AT Rayudu,Mohammed Shami,34,24,2,141.67
AT Rayudu,Mohammed Siraj,30,19,1,157.89
AT Rayudu,Mustafizur Rahman,23,15,0,153.33
AT Rayudu,NLTC Perera,26,20,0,130.0
AT Rayudu,NM Coulter-Nile,17,12,0,141.67
AT Rayudu,Navdeep Saini,48,41,0,117.07
AT Rayudu,P Kumar,40,33,0,121.21
AT Rayudu,P Negi,22,14,0,157.14
AT Rayudu,PJ Cummins,16,10,1,160.0
AT Rayudu,PJ Sangwan,6,10,0,60.0
AT Rayudu,PP Chawla,78,56,6,139.29
AT Rayudu,PP Ojha,17,13,1,130.77
AT Rayudu,R Ashwin,90,81,5,111.11
AT Rayudu,R Bhatia,20,17,1,117.65
AT Rayudu,R Parag,21,14,0,150.0
AT Rayudu,R Sharma,15,15,0,100.0
AT Rayudu,R Tewatia,19,15,1,126.67
AT Rayudu,R Vinay Kumar,29,20,2,145.0
AT Rayudu,RA Jadeja,50,40,1,125.0
AT Rayudu,RD Chahar,55,36,1,152.78
AT Rayudu,RJ Harris,18,14,0,128.57
AT Rayudu,RP Meredith,5,11,1,45.45
AT Rayudu,Rashid Khan,93,76,1,122.37
AT Rayudu,Ravi Bishnoi,20,19,1,105.26
AT Rayudu,S Aravind,18,18,0,100.0
AT Rayudu,S Gopal,12,16,0,75.0
AT Rayudu,S Kaul,47,27,2,174.07
AT Rayudu,S Nadeem,66,48,3,137.5
AT Rayudu,SK Trivedi,25,19,0,131.58
AT Rayudu,SP Narine,53,64,4,82.81
AT Rayudu,SR Watson,40,37,4,108.11
AT Rayudu,STR Binny,19,13,1,146.15
AT Rayudu,Sandeep Sharma,72,46,3,156.52
AT Rayudu,Shakib Al Hasan,82,56,4,146.43
AT Rayudu,T Natarajan,17,16,1,106.25
AT Rayudu,TA Boult,43,28,0,153.57
AT Rayudu,TG Southee,32,15,0,213.33
AT Rayudu,UT Yadav,67,53,1,126.42
AT Rayudu,Umran Malik,9,10,0,90.0
AT Rayudu,VG Arora,7,10,0,70.0
AT Rayudu,VR Aaron,22,19,1,115.79
AT Rayudu,WD Parnell,15,14,0,107.14
AT Rayudu,Washington Sundar,36,29,2,124.14
AT Rayudu,YS Chahal,63,82,4,76.83
AT Rayudu,Yuvraj Singh,26,31,1,83.87
AT Rayudu,Z Khan,44,25,0,176.0
Abdul Samad,A Nortje,37,16,0,231.25
Abdul Samad,AD Russell,19,12,2,158.33
Abdul Samad,AR Patel,7,12,0,58.33
Abdul Samad,Arshdeep Singh,24,14,2,171.43
Abdul Samad,CV Varun,30,23,1,130.43
Abdul Samad,HV Patel,34,16,0,212.5
Abdul Samad,JJ Bumrah,21,11,2,190.91
Abdul Samad,K Rabada,19,14,2,135.71
Abdul Samad,KH Pandya,11,11,0,100.0
Abdul Samad,M Jansen,15,12,1,125.0
Abdul Samad,R Ashwin,17,20,0,85.0
Abdul Samad,SN Thakur,22,19,1,115.79
Abdul Samad,Sandeep Sharma,43,10,0,430.0
Abdul Samad,YS Chahal,21,17,2,123.53
Abdul Samad,Yash Thakur,26,15,0,173.33
Abhishek Sharma,A Nortje,23,10,0,230.0
Abhishek Sharma,Arshdeep Singh,60,35,1,171.43
Abhishek Sharma,Avesh Khan,16,13,2,123.08
Abhishek Sharma,CV Varun,28,14,1,200.0
Abhishek Sharma,DJ Bravo,19,15,1,126.67
Abhishek Sharma,DL Chahar,44,32,2,137.5
Abhishek Sharma,Fazalhaq Farooqi,24,10,0,240.0
Abhishek Sharma,G Coetzee,29,13,0,223.08
Abhishek Sharma,GJ Maxwell,21,12,2,175.0
Abhishek Sharma,HV Patel,29,11,1,263.64
Abhishek Sharma,Harpreet Brar,20,10,1,200.0
Abhishek Sharma,Harshit Rana,13,16,1,81.25
Abhishek Sharma,I Sharma,63,30,1,210.0
Abhishek Sharma,JJ Bumrah,17,23,2,73.91
Abhishek Sharma,JR Hazlewood,31,17,1,182.35
Abhishek Sharma,Kuldeep Yadav,38,13,2,292.31
Abhishek Sharma,LH Ferguson,26,15,0,173.33
Abhishek Sharma,LS Livingstone,23,15,0,153.33
Abhishek Sharma,M Jansen,38,11,0,345.45
Abhishek Sharma,M Prasidh Krishna,5,16,0,31.25
Abhishek Sharma,M Theekshana,33,20,1,165.0
Abhishek Sharma,MA Starc,8,10,1,80.0
Abhishek Sharma,Mohammed Shami,8,18,1,44.44
Abhishek Sharma,Mohammed Siraj,66,53,1,124.53
Abhishek Sharma,Mukesh Choudhary,51,26,1,196.15
Abhishek Sharma,PP Chawla,40,16,2,250.0
Abhishek Sharma,R Ashwin,28,18,1,155.56
Abhishek Sharma,RA Jadeja,35,27,1,129.63
Abhishek Sharma,RD Chahar,10,14,2,71.43
Abhishek Sharma,Rashid Khan,82,36,1,227.78
Abhishek Sharma,SN Thakur,17,16,3,106.25
Abhishek Sharma,SP Narine,51,25,1,204.0
Abhishek Sharma,TA Boult,36,32,3,112.5
Abhishek Sharma,TG Southee,33,14,0,235.71
Abhishek Sharma,TU Deshpande,19,12,1,158.33
Abhishek Sharma,UT Yadav,6,11,0,54.55
Abhishek Sharma,VG Arora,17,22,1,77.27
Abhishek Sharma,WG Jacks,33,20,0,165.0
Abhishek Sharma,YS Chahal,40,16,1,250.0
Abhishek Sharma,Yash Dayal,40,28,2,142.86
Abhishek Sharma,Yash Thakur,72,24,0,300.0
Abishek Porel,Arshad Khan,24,13,1,184.62
Abishek Porel,B Kumar,34,18,1,188.89
Abishek Porel,DL Chahar,17,15,0,113.33
Abishek Porel,HH Pandya,20,11,0,181.82
Abishek Porel,HV Patel,34,15,2,226.67
Abishek Porel,JJ Bumrah,14,20,1,70.0
Abishek Porel,R Ashwin,19,15,1,126.67
Abishek Porel,Ravi Bishnoi,20,17,0,117.65
Abishek Porel,Sandeep Sharma,18,11,1,163.64
Abishek Porel,YS Chahal,18,13,2,138.46
Aman Hakim Khan,J Little,10,10,0,100.0
Aman Hakim Khan,MM Sharma,24,11,0,218.18
Aman Hakim Khan,Noor Ahmad,9,14,0,64.29
Aman Hakim Khan,Rashid Khan,16,17,2,94.12
Aniket Verma,AR Patel,34,15,0,226.67
Anirudh Singh,DW Steyn,9,12,0,75.0
Anirudh Singh,LR Shukla,12,10,1,120.0
Ankit Sharma,S Badree,3,12,0,25.0
Anmolpreet Singh,Sandeep Sharma,14,13,1,107.69
Anuj Rawat,JD Unadkat,21,12,0,175.0
Anuj Rawat,JJ Bumrah,7,10,0,70.0
Anuj Rawat,Mustafizur Rahman,15,10,0,150.0
Arshad Khan,Kuldeep Yadav,18,12,0,150.0
Arshad Khan,Rasikh Salam,16,10,0,160.0
Ashutosh Sharma,Avesh Khan,32,13,0,246.15
Ashutosh Sharma,JJ Bumrah,19,13,1,146.15
Ashutosh Sharma,Prince Yadav,28,10,0,280.0
Ashutosh Sharma,TA Boult,8,10,1,80.0
Atharva Taide,TA Boult,10,12,0,83.33
Azhar Mahmood,AD Russell,18,11,0,163.64
Azhar Mahmood,Harbhajan Singh,24,19,1,126.32
Azhar Mahmood,IK Pathan,11,18,0,61.11
Azhar Mahmood,M Muralitharan,20,12,0,166.67
Azhar Mahmood,R Dhawan,8,10,0,80.0
Azhar Mahmood,R Vinay Kumar,28,14,0,200.0
Azhar Mahmood,SK Trivedi,22,15,0,146.67
Azhar Mahmood,SL Malinga,20,11,1,181.82
Azhar Mahmood,UT Yadav,7,11,1,63.64
Azhar Mahmood,VR Aaron,10,11,0,90.91
B Chipli,R Bhatia,19,13,1,146.15
B Chipli,RP Singh,13,12,1,108.33
B Chipli,SB Jakati,8,10,0,80.0
B Chipli,WD Parnell,16,10,0,160.0
B Chipli,YK Pathan,13,10,0,130.0
B Kumar,C Green,11,12,1,91.67
B Kumar,CH Morris,13,10,0,130.0
B Kumar,DJ Bravo,11,19,0,57.89
B Kumar,SP Narine,4,10,0,40.0
B Sai Sudharsan,A Nortje,40,20,0,200.0
B Sai Sudharsan,AR Patel,51,25,0,204.0
B Sai Sudharsan,Akash Deep,17,14,0,121.43
B Sai Sudharsan,Arshdeep Singh,33,31,2,106.45
B Sai Sudharsan,Avesh Khan,20,11,0,181.82
B Sai Sudharsan,B Kumar,24,24,0,100.0
B Sai Sudharsan,C Green,22,14,1,157.14
B Sai Sudharsan,DJ Mitchell,27,14,0,192.86
B Sai Sudharsan,DL Chahar,25,19,0,131.58
B Sai Sudharsan,DS Rathi,13,10,0,130.0
B Sai Sudharsan,Fazalhaq Farooqi,20,13,0,153.85
B Sai Sudharsan,G Coetzee,10,10,0,100.0
B Sai Sudharsan,GJ Maxwell,20,11,0,181.82
B Sai Sudharsan,HH Pandya,27,17,0,158.82
B Sai Sudharsan,HV Patel,25,13,1,192.31
B Sai Sudharsan,Harpreet Brar,15,12,0,125.0
B Sai Sudharsan,JC Archer,21,19,0,110.53
B Sai Sudharsan,JJ Bumrah,17,17,1,100.0
B Sai Sudharsan,K Rabada,28,21,0,133.33
B Sai Sudharsan,KH Pandya,16,12,1,133.33
B Sai Sudharsan,KK Ahmed,29,21,0,138.1
B Sai Sudharsan,Kuldeep Yadav,36,31,1,116.13
B Sai Sudharsan,LS Livingstone,19,19,0,100.0
B Sai Sudharsan,M Jansen,24,20,1,120.0
B Sai Sudharsan,M Markande,19,15,0,126.67
B Sai Sudharsan,M Pathirana,38,20,2,190.0
B Sai Sudharsan,M Theekshana,43,28,1,153.57
B Sai Sudharsan,MJ Santner,40,21,0,190.48
B Sai Sudharsan,Mohammed Shami,25,14,1,178.57
B Sai Sudharsan,Mohammed Siraj,16,13,0,123.08
B Sai Sudharsan,Mukesh Kumar,32,21,0,152.38
B Sai Sudharsan,Mustafizur Rahman,24,15,0,160.0
B Sai Sudharsan,PJ Cummins,12,13,1,92.31
B Sai Sudharsan,PP Chawla,24,16,0,150.0
B Sai Sudharsan,PWH de Silva,16,12,1,133.33
B Sai Sudharsan,R Dhawan,15,12,0,125.0
B Sai Sudharsan,RA Jadeja,65,38,1,171.05
B Sai Sudharsan,RD Chahar,20,16,1,125.0
B Sai Sudharsan,Rasikh Salam,12,10,1,120.0
B Sai Sudharsan,SM Curran,16,16,1,100.0
B Sai Sudharsan,SN Thakur,24,20,0,120.0
B Sai Sudharsan,SP Narine,26,20,1,130.0
B Sai Sudharsan,Sandeep Sharma,31,32,0,96.88
B Sai Sudharsan,Suyash Sharma,15,11,0,136.36
B Sai Sudharsan,T Natarajan,47,20,1,235.0
B Sai Sudharsan,TA Boult,43,38,2,113.16
B Sai Sudharsan,TU Deshpande,64,37,2,172.97
B Sai Sudharsan,V Nigam,15,12,0,125.0
B Sai Sudharsan,VG Arora,16,11,0,145.45
B Sai Sudharsan,YS Chahal,40,17,0,235.29
B Sai Sudharsan,Yash Dayal,27,28,0,96.43
BA Stokes,AR Patel,26,18,1,144.44
BA Stokes,Ankit Soni,7,10,0,70.0
BA Stokes,Basil Thampi,30,17,0,176.47
BA Stokes,Bipul Sharma,27,11,0,245.45
BA Stokes,CH Morris,12,13,2,92.31
BA Stokes,DJ Bravo,21,14,1,150.0
BA Stokes,DL Chahar,18,15,2,120.0
BA Stokes,DR Smith,28,15,0,186.67
BA Stokes,Imran Tahir,43,31,1,138.71
BA Stokes,JJ Bumrah,27,22,0,122.73
BA Stokes,JP Faulkner,13,11,1,118.18
BA Stokes,KH Pandya,19,12,0,158.33
BA Stokes,Kuldeep Yadav,21,20,1,105.0
BA Stokes,MJ McClenaghan,19,10,0,190.0
BA Stokes,Mohammed Shami,16,14,2,114.29
BA Stokes,Mujeeb Ur Rahman,14,10,2,140.0
BA Stokes,PJ Cummins,19,16,2,118.75
BA Stokes,PJ Sangwan,18,11,0,163.64
BA Stokes,R Ashwin,22,17,0,129.41
BA Stokes,RA Jadeja,44,23,0,191.3
BA Stokes,RD Chahar,21,13,1,161.54
BA Stokes,Rashid Khan,17,22,3,77.27
BA Stokes,S Kaul,16,12,0,133.33
BA Stokes,SN Thakur,23,16,0,143.75
BA Stokes,SP Narine,17,17,1,100.0
BA Stokes,Sandeep Sharma,11,14,0,78.57
BA Stokes,Shivam Mavi,9,10,0,90.0
BA Stokes,TA Boult,39,22,2,177.27
BA Stokes,Washington Sundar,6,10,0,60.0
BB McCullum,A Kumble,11,21,1,52.38
BB McCullum,A Mishra,26,22,0,118.18
BB McCullum,A Nehra,28,27,1,103.7
BB McCullum,AA Noffke,24,12,0,200.0
BB McCullum,AB Dinda,8,10,0,80.0
BB McCullum,AG Murtaza,13,22,0,59.09
BB McCullum,AR Patel,35,37,4,94.59
BB McCullum,Ankit Sharma,27,23,1,117.39
BB McCullum,B Akhil,21,10,0,210.0
BB McCullum,B Kumar,29,38,1,76.32
BB McCullum,B Lee,16,15,0,106.67
BB McCullum,BA Stokes,21,13,0,161.54
BB McCullum,BB Sran,23,15,0,153.33
BB McCullum,Bipul Sharma,13,16,3,81.25
BB McCullum,CH Morris,17,13,2,130.77
BB McCullum,CJ Anderson,18,13,0,138.46
BB McCullum,CRD Fernando,13,12,0,108.33
BB McCullum,DE Bollinger,17,11,0,154.55
BB McCullum,DJ Bravo,11,20,1,55.0
BB McCullum,DL Vettori,25,27,2,92.59
BB McCullum,DP Nannes,36,16,0,225.0
BB McCullum,DW Steyn,16,16,2,100.0
BB McCullum,Harbhajan Singh,76,47,2,161.7
BB McCullum,I Sharma,27,12,1,225.0
BB McCullum,IK Pathan,38,43,1,88.37
BB McCullum,Imran Tahir,41,19,0,215.79
BB McCullum,Iqbal Abdulla,8,11,1,72.73
BB McCullum,JA Morkel,59,28,0,210.71
BB McCullum,JD Ryder,12,12,0,100.0
BB McCullum,JDP Oram,27,10,1,270.0
BB McCullum,JH Kallis,60,45,0,133.33
BB McCullum,JJ Bumrah,39,21,1,185.71
BB McCullum,JP Duminy,11,10,0,110.0
BB McCullum,JP Faulkner,25,20,1,125.0
BB McCullum,KA Pollard,32,15,0,213.33
BB McCullum,KH Pandya,30,24,0,125.0
BB McCullum,KV Sharma,38,24,1,158.33
BB McCullum,Kuldeep Yadav,27,17,1,158.82
BB McCullum,LH Ferguson,8,10,0,80.0
BB McCullum,M Kartik,16,14,0,114.29
BB McCullum,M Morkel,59,38,1,155.26
BB McCullum,M Muralitharan,16,16,0,100.0
BB McCullum,MA Starc,14,10,0,140.0
BB McCullum,MG Johnson,55,32,0,171.88
BB McCullum,MJ Clarke,13,15,0,86.67
BB McCullum,MJ McClenaghan,17,17,1,100.0
BB McCullum,MM Patel,14,15,0,93.33
BB McCullum,P Kumar,41,31,1,132.26
BB McCullum,P Negi,31,25,1,124.0
BB McCullum,PJ Cummins,54,21,0,257.14
BB McCullum,PJ Sangwan,8,10,1,80.0
BB McCullum,PP Chawla,63,60,4,105.0
BB McCullum,PV Tambe,20,15,1,133.33
BB McCullum,R Ashwin,29,41,3,70.73
BB McCullum,R Bhatia,30,26,1,115.38
BB McCullum,R Dhawan,15,11,0,136.36
BB McCullum,R McLaren,12,12,0,100.0
BB McCullum,R Sathish,16,12,0,133.33
BB McCullum,R Vinay Kumar,94,49,1,191.84
BB McCullum,RJ Harris,20,15,1,133.33
BB McCullum,RP Singh,32,22,3,145.45
BB McCullum,S Aravind,17,24,0,70.83
BB McCullum,S Nadeem,48,47,0,102.13
BB McCullum,SB Jakati,32,30,2,106.67
BB McCullum,SB Joshi,21,11,0,190.91
BB McCullum,SK Raina,29,19,0,152.63
BB McCullum,SL Malinga,76,57,3,133.33
BB McCullum,SN Thakur,13,11,1,118.18
BB McCullum,SP Narine,32,29,3,110.34
BB McCullum,SR Watson,37,18,1,205.56
BB McCullum,Sandeep Sharma,38,31,2,122.58
BB McCullum,Shakib Al Hasan,33,30,1,110.0
BB McCullum,TA Boult,41,19,0,215.79
BB McCullum,UT Yadav,44,31,1,141.94
BB McCullum,VR Aaron,21,16,2,131.25
BB McCullum,WD Parnell,20,19,1,105.26
BB McCullum,YS Chahal,20,23,3,86.96
BB McCullum,Z Khan,90,66,2,136.36
BB Samantray,JP Faulkner,7,11,2,63.64
BB Samantray,KK Cooper,28,15,0,186.67
BB Samantray,MR Marsh,11,10,0,110.0
BB Samantray,R Sharma,16,15,1,106.67
BB Samantray,SK Trivedi,9,11,0,81.82
BB Samantray,SR Watson,9,10,0,90.0
BCJ Cutting,JC Archer,8,10,0,80.0
BCJ Cutting,SR Watson,48,16,1,300.0
BJ Hodge,A Kumble,2,12,1,16.67
BJ Hodge,A Mishra,20,20,1,100.0
BJ Hodge,A Nehra,4,12,2,33.33
BJ Hodge,A Singh,8,10,0,80.0
BJ Hodge,A Symonds,9,11,0,81.82
BJ Hodge,AB Agarkar,11,12,0,91.67
BJ Hodge,AM Nayar,13,12,1,108.33
BJ Hodge,Azhar Mahmood,18,12,0,150.0
BJ Hodge,B Kumar,18,11,0,163.64
BJ Hodge,B Lee,34,15,1,226.67
BJ Hodge,Bipul Sharma,9,10,1,90.0
BJ Hodge,DJ Bravo,46,25,0,184.0
BJ Hodge,DW Steyn,45,22,1,204.55
BJ Hodge,GR Napier,22,16,0,137.5
BJ Hodge,Harbhajan Singh,35,33,0,106.06
BJ Hodge,Harmeet Singh,17,19,0,89.47
BJ Hodge,IK Pathan,39,19,1,205.26
BJ Hodge,JD Unadkat,12,10,0,120.0
BJ Hodge,JH Kallis,28,20,2,140.0
BJ Hodge,KV Sharma,26,16,0,162.5
BJ Hodge,L Balaji,32,18,0,177.78
BJ Hodge,M Kartik,34,29,0,117.24
BJ Hodge,M Morkel,9,12,2,75.0
BJ Hodge,P Kumar,12,13,0,92.31
BJ Hodge,PP Chawla,24,27,1,88.89
BJ Hodge,PP Ojha,44,41,0,107.32
BJ Hodge,R Ashwin,18,13,1,138.46
BJ Hodge,R Bhatia,18,16,0,112.5
BJ Hodge,R Sharma,11,12,1,91.67
BJ Hodge,RA Jadeja,11,12,0,91.67
BJ Hodge,RE van der Merwe,22,19,1,115.79
BJ Hodge,RJ Harris,22,15,2,146.67
BJ Hodge,S Gopal,17,12,0,141.67
BJ Hodge,SB Jakati,30,24,0,125.0
BJ Hodge,SB Styris,19,10,1,190.0
BJ Hodge,SK Raina,27,23,0,117.39
BJ Hodge,SK Trivedi,9,11,0,81.82
BJ Hodge,SK Warne,18,17,1,105.88
BJ Hodge,SL Malinga,41,38,2,107.89
BJ Hodge,SP Narine,20,16,0,125.0
BJ Hodge,UT Yadav,22,18,1,122.22
BJ Hodge,VS Malik,18,17,0,105.88
BJ Hodge,YK Pathan,22,19,2,115.79
BJ Hodge,Z Khan,29,25,2,116.0
BJ Rohrer,PV Tambe,17,11,0,154.55
Bipul Sharma,TA Boult,14,10,0,140.0
C Bosch,M Prasidh Krishna,15,10,1,150.0
C Green,B Kumar,17,14,0,121.43
C Green,HV Patel,21,11,1,190.91
C Green,Harpreet Brar,13,10,0,130.0
C Green,LS Livingstone,12,12,0,100.0
C Green,M Theekshana,11,11,0,100.0
C Green,Mayank Dagar,23,12,0,191.67
C Green,Mohsin Khan,16,12,0,133.33
C Green,NT Ellis,20,12,2,166.67
C Green,Noor Ahmad,37,21,1,176.19
C Green,R Ashwin,20,20,2,100.0
C Green,RA Jadeja,14,16,1,87.5
C Green,RD Chahar,32,18,0,177.78
C Green,Rashid Khan,11,12,0,91.67
C Green,SM Curran,21,11,0,190.91
C Green,T Natarajan,33,15,1,220.0
C Green,Washington Sundar,17,11,0,154.55
C Green,YS Chahal,24,11,0,218.18
C Madan,A Nehra,9,11,0,81.82
C Munro,Harbhajan Singh,18,13,0,138.46
C de Grandhomme,B Kumar,20,18,2,111.11
C de Grandhomme,Imran Tahir,30,16,0,187.5
C de Grandhomme,JJ Bumrah,2,10,1,20.0
C de Grandhomme,Rashid Khan,33,22,1,150.0
C de Grandhomme,S Kaul,25,25,2,100.0
CA Ingram,GC Viljoen,24,11,0,218.18
CA Ingram,K Gowtham,6,12,0,50.0
CA Ingram,MM Ali,2,10,1,20.0
CA Ingram,R Ashwin,8,12,1,66.67
CA Lynn,AJ Tye,30,11,3,272.73
CA Lynn,AR Patel,22,15,1,146.67
CA Lynn,B Kumar,42,31,1,135.48
CA Lynn,BA Stokes,7,11,1,63.64
CA Lynn,BB Sran,38,15,0,253.33
CA Lynn,CR Brathwaite,18,10,0,180.0
CA Lynn,DL Chahar,35,24,1,145.83
CA Lynn,DS Kulkarni,46,17,0,270.59
CA Lynn,IS Sodhi,8,12,0,66.67
CA Lynn,JC Archer,32,20,0,160.0
CA Lynn,JD Unadkat,12,10,0,120.0
CA Lynn,JJ Bumrah,27,24,2,112.5
CA Lynn,K Gowtham,11,17,1,64.71
CA Lynn,KH Pandya,29,28,0,103.57
CA Lynn,KK Ahmed,17,13,1,130.77
CA Lynn,M Ashwin,11,10,0,110.0
CA Lynn,MG Johnson,11,10,0,110.0
CA Lynn,MJ Henry,23,10,1,230.0
CA Lynn,MJ McClenaghan,49,32,1,153.12
CA Lynn,MM Sharma,15,10,0,150.0
CA Lynn,Mohammed Shami,15,18,2,83.33
CA Lynn,Mohammed Siraj,12,14,0,85.71
CA Lynn,Mujeeb Ur Rahman,13,13,0,100.0
CA Lynn,R Ashwin,25,15,0,166.67
CA Lynn,R Tewatia,9,14,0,64.29
CA Lynn,RA Jadeja,33,18,1,183.33
CA Lynn,RD Chahar,23,11,1,209.09
CA Lynn,Rashid Khan,23,24,1,95.83
CA Lynn,S Gopal,17,13,2,130.77
CA Lynn,S Kaul,48,26,1,184.62
CA Lynn,S Kaushik,17,11,0,154.55
CA Lynn,S Nadeem,25,23,0,108.7
CA Lynn,SL Malinga,30,16,0,187.5
CA Lynn,Sandeep Sharma,32,27,0,118.52
CA Lynn,Shakib Al Hasan,20,29,2,68.97
CA Lynn,TA Boult,17,14,0,121.43
CA Lynn,TG Southee,51,28,0,182.14
CA Lynn,VR Aaron,6,10,2,60.0
CA Lynn,YS Chahal,87,62,2,140.32
CA Pujara,A Mishra,13,13,0,100.0
CA Pujara,DW Steyn,25,19,1,131.58
CA Pujara,IK Pathan,14,18,0,77.78
CA Pujara,M Morkel,14,14,1,100.0
CA Pujara,MA Starc,3,10,0,30.0
CA Pujara,MS Gony,19,12,1,158.33
CA Pujara,P Awana,14,13,1,107.69
CA Pujara,P Kumar,7,13,0,53.85
CA Pujara,PP Chawla,13,13,0,100.0
CA Pujara,PV Tambe,7,10,0,70.0
CA Pujara,SK Trivedi,10,12,1,83.33
CA Pujara,SK Warne,14,12,0,116.67
CA Pujara,Sandeep Sharma,11,10,0,110.0
CA Pujara,Z Khan,11,10,0,110.0
CH Gayle,A Chandila,23,23,0,100.0
CH Gayle,A Mishra,67,31,0,216.13
CH Gayle,A Nehra,44,27,1,162.96
CH Gayle,AB Dinda,33,21,0,157.14
CH Gayle,AC Thomas,14,13,0,107.69
CH Gayle,AD Mathews,16,18,1,88.89
CH Gayle,AD Russell,82,46,2,178.26
CH Gayle,AG Murtaza,43,10,0,430.0
CH Gayle,AN Ahmed,28,10,0,280.0
CH Gayle,AR Patel,61,29,2,210.34
CH Gayle,Azhar Mahmood,20,22,1,90.91
CH Gayle,B Kumar,131,91,1,143.96
CH Gayle,B Lee,48,27,1,177.78
CH Gayle,BA Stokes,52,28,1,185.71
CH Gayle,BB Sran,27,12,0,225.0
CH Gayle,BCJ Cutting,24,17,2,141.18
CH Gayle,Basil Thampi,18,16,2,112.5
CH Gayle,CH Morris,51,49,3,104.08
CH Gayle,CJ Jordan,22,13,0,169.23
CH Gayle,DE Bollinger,17,11,0,154.55
CH Gayle,DJ Bravo,60,49,2,122.45
CH Gayle,DJ Hooda,14,11,1,127.27
CH Gayle,DL Chahar,37,28,2,132.14
CH Gayle,DS Kulkarni,60,50,3,120.0
CH Gayle,DW Steyn,48,44,1,109.09
CH Gayle,GJ Maxwell,35,14,0,250.0
CH Gayle,HH Pandya,53,26,1,203.85
CH Gayle,Harbhajan Singh,102,102,5,100.0
CH Gayle,Harmeet Singh,23,12,0,191.67
CH Gayle,I Sharma,36,20,1,180.0
CH Gayle,IK Pathan,65,36,1,180.56
CH Gayle,Imran Tahir,45,26,1,173.08
CH Gayle,J Botha,22,16,0,137.5
CH Gayle,J Yadav,15,16,0,93.75
CH Gayle,JA Morkel,19,16,0,118.75
CH Gayle,JC Archer,32,26,3,123.08
CH Gayle,JD Unadkat,72,28,0,257.14
CH Gayle,JH Kallis,40,36,2,111.11
CH Gayle,JJ Bumrah,36,45,0,80.0
CH Gayle,JO Holder,34,19,1,178.95
CH Gayle,JP Duminy,24,15,0,160.0
CH Gayle,JP Faulkner,17,15,0,113.33
CH Gayle,K Gowtham,13,18,0,72.22
CH Gayle,K Rabada,10,10,1,100.0
CH Gayle,K Upadhyay,15,10,0,150.0
CH Gayle,KA Pollard,58,31,1,187.1
CH Gayle,KC Cariappa,24,11,0,218.18
CH Gayle,KK Ahmed,17,12,1,141.67
CH Gayle,Kamran Khan,36,13,1,276.92
CH Gayle,Kartik Tyagi,25,14,0,178.57
CH Gayle,L Balaji,38,23,0,165.22
CH Gayle,LH Ferguson,27,17,1,158.82
CH Gayle,LJ Wright,16,13,0,123.08
CH Gayle,M Morkel,49,34,2,144.12
CH Gayle,M Prasidh Krishna,14,10,0,140.0
CH Gayle,MG Johnson,51,30,0,170.0
CH Gayle,MJ McClenaghan,51,40,1,127.5
CH Gayle,MM Patel,53,27,2,196.3
CH Gayle,MM Sharma,18,21,0,85.71
CH Gayle,MR Marsh,37,12,0,308.33
CH Gayle,MS Gony,74,26,1,284.62
CH Gayle,Mohammed Shami,28,18,0,155.56
CH Gayle,Mohammed Siraj,59,24,0,245.83
CH Gayle,NM Coulter-Nile,20,20,0,100.0
CH Gayle,Navdeep Saini,19,26,0,73.08
CH Gayle,P Awana,58,35,2,165.71
CH Gayle,P Kumar,103,86,1,119.77
CH Gayle,P Negi,31,10,0,310.0
CH Gayle,PJ Cummins,9,12,0,75.0
CH Gayle,PP Chawla,116,64,1,181.25
CH Gayle,R Ashwin,53,64,5,82.81
CH Gayle,R Bhatia,64,32,2,200.0
CH Gayle,R McLaren,61,30,0,203.33
CH Gayle,R Sharma,41,14,1,292.86
CH Gayle,R Tewatia,29,23,0,126.09
CH Gayle,RA Jadeja,42,17,1,247.06
CH Gayle,RD Chahar,22,19,0,115.79
CH Gayle,RJ Harris,26,16,1,162.5
CH Gayle,RP Singh,37,28,1,132.14
CH Gayle,RR Powar,13,13,0,100.0
CH Gayle,RS Bopara,30,10,0,300.0
CH Gayle,Rashid Khan,54,33,3,163.64
CH Gayle,S Badree,10,10,0,100.0
CH Gayle,S Kaul,18,20,0,90.0
CH Gayle,SJ Srivastava,8,11,1,72.73
CH Gayle,SK Raina,67,38,1,176.32
CH Gayle,SK Trivedi,14,12,0,116.67
CH Gayle,SK Warne,18,11,0,163.64
CH Gayle,SL Malinga,57,72,1,79.17
CH Gayle,SMSM Senanayake,11,12,0,91.67
CH Gayle,SN Thakur,13,10,0,130.0
CH Gayle,SP Narine,65,69,2,94.2
CH Gayle,SR Watson,21,27,3,77.78
CH Gayle,SW Tait,15,12,0,125.0
CH Gayle,Sandeep Sharma,63,61,4,103.28
CH Gayle,Shakib Al Hasan,46,22,1,209.09
CH Gayle,Shivam Mavi,10,13,1,76.92
CH Gayle,TG Southee,31,17,1,182.35
CH Gayle,UT Yadav,64,52,4,123.08
CH Gayle,VR Aaron,31,21,0,147.62
CH Gayle,Washington Sundar,32,16,0,200.0
CH Gayle,YA Abdulla,19,13,1,146.15
CH Gayle,YK Pathan,52,38,0,136.84
CH Gayle,YS Chahal,28,23,0,121.74
CH Gayle,Z Khan,34,37,3,91.89
CH Morris,A Zampa,20,10,0,200.0
CH Morris,B Kumar,20,13,1,153.85
CH Morris,DJ Bravo,34,18,0,188.89
CH Morris,HV Patel,11,11,2,100.0
CH Morris,Harbhajan Singh,10,12,1,83.33
CH Morris,JJ Bumrah,15,14,0,107.14
CH Morris,MJ McClenaghan,23,13,0,176.92
CH Morris,MM Sharma,35,20,0,175.0
CH Morris,Rashid Khan,3,10,1,30.0
CH Morris,SR Watson,15,11,1,136.36
CH Morris,Sandeep Sharma,21,12,1,175.0
CJ Anderson,AD Russell,10,10,0,100.0
CJ Anderson,AR Patel,48,23,1,208.7
CJ Anderson,B Kumar,14,11,0,127.27
CJ Anderson,CH Morris,19,14,1,135.71
CJ Anderson,GJ Maxwell,9,19,0,47.37
CJ Anderson,IC Pandey,19,10,0,190.0
CJ Anderson,JP Faulkner,34,18,0,188.89
CJ Anderson,KK Cooper,24,15,0,160.0
CJ Anderson,M Morkel,6,12,1,50.0
CJ Anderson,MG Johnson,3,10,0,30.0
CJ Anderson,PP Chawla,24,15,0,160.0
CJ Anderson,PV Tambe,28,14,0,200.0
CJ Anderson,R Ashwin,11,12,1,91.67
CJ Anderson,SK Raina,29,15,0,193.33
CJ Anderson,SP Narine,9,14,2,64.29
CJ Anderson,SR Watson,18,12,0,150.0
CJ Anderson,Sandeep Sharma,21,10,0,210.0
CJ Anderson,VR Aaron,12,10,1,120.0
CJ Anderson,YS Chahal,11,10,1,110.0
CJ Ferguson,A Chandila,9,11,0,81.82
CJ Ferguson,PP Ojha,8,11,0,72.73
CL White,A Nehra,15,15,0,100.0
CL White,Azhar Mahmood,20,21,0,95.24
CL White,B Kumar,32,23,1,139.13
CL White,DJ Bravo,26,14,2,185.71
CL White,DS Kulkarni,30,12,0,250.0
CL White,IK Pathan,22,10,0,220.0
CL White,JA Morkel,17,22,1,77.27
CL White,M Kartik,17,12,0,141.67
CL White,M Morkel,14,13,0,107.69
CL White,M Muralitharan,18,18,0,100.0
CL White,MM Patel,10,12,1,83.33
CL White,MN Samuels,17,14,2,121.43
CL White,NLTC Perera,9,10,0,90.0
CL White,PP Chawla,24,23,1,104.35
CL White,PP Ojha,17,13,0,130.77
CL White,R Ashwin,19,20,0,95.0
CL White,R Bhatia,34,19,1,178.95
CL White,R Sharma,39,23,0,169.57
CL White,R Vinay Kumar,22,17,2,129.41
CL White,RA Jadeja,31,16,0,193.75
CL White,RJ Harris,42,22,0,190.91
CL White,S Nadeem,27,26,1,103.85
CL White,SC Ganguly,32,17,0,188.24
CL White,SK Trivedi,8,11,1,72.73
CL White,SL Malinga,16,15,1,106.67
CL White,Yuvraj Singh,8,11,0,72.73
CM Gautam,AB Dinda,14,11,0,127.27
CM Gautam,Sandeep Sharma,21,14,0,150.0
CR Brathwaite,L Ngidi,11,11,0,100.0
CR Brathwaite,RA Jadeja,10,11,0,90.91
CR Brathwaite,SN Thakur,40,16,2,250.0
CR Woakes,P Negi,10,11,0,90.91
CV Varun,HV Patel,11,13,0,84.62
D Brevis,AR Patel,12,10,0,120.0
D Brevis,Azmatullah Omarzai,14,12,1,116.67
D Brevis,CV Varun,11,14,2,78.57
D Brevis,Kuldeep Yadav,22,16,0,137.5
D Brevis,PHKD Mendis,22,10,0,220.0
D Brevis,R Sai Kishore,13,14,0,92.86
D Brevis,Rashid Khan,18,13,0,138.46
D Brevis,SP Narine,19,12,0,158.33
D Brevis,VG Arora,31,11,0,281.82
D Padikkal,A Nortje,17,11,3,154.55
D Padikkal,AR Patel,40,24,1,166.67
D Padikkal,Arshdeep Singh,58,37,3,156.76
D Padikkal,B Kumar,15,23,1,65.22
D Padikkal,C Sakariya,30,23,0,130.43
D Padikkal,CV Varun,24,24,0,100.0
D Padikkal,DJ Bravo,9,12,0,75.0
D Padikkal,DJ Willey,20,17,1,117.65
D Padikkal,DL Chahar,62,34,0,182.35
D Padikkal,DR Sams,21,15,0,140.0
D Padikkal,GJ Maxwell,13,16,0,81.25
D Padikkal,HH Pandya,17,27,1,62.96
D Padikkal,Harbhajan Singh,7,12,0,58.33
D Padikkal,Harpreet Brar,15,15,1,100.0
D Padikkal,I Sharma,15,13,1,115.38
D Padikkal,JC Archer,23,23,1,100.0
D Padikkal,JD Unadkat,24,13,0,184.62
D Padikkal,JJ Bumrah,8,15,2,53.33
D Padikkal,JL Pattinson,18,11,0,163.64
D Padikkal,JO Holder,27,25,1,108.0
D Padikkal,JR Hazlewood,23,16,1,143.75
D Padikkal,K Rabada,57,33,0,172.73
D Padikkal,KH Pandya,25,12,0,208.33
D Padikkal,Kuldeep Yadav,12,11,0,109.09
D Padikkal,LH Ferguson,23,14,2,164.29
D Padikkal,Lalit Yadav,15,12,0,125.0
D Padikkal,M Pathirana,19,16,2,118.75
D Padikkal,M Prasidh Krishna,28,19,1,147.37
D Padikkal,M Theekshana,22,14,0,157.14
D Padikkal,MM Ali,12,11,1,109.09
D Padikkal,MP Stoinis,39,15,0,260.0
D Padikkal,MR Marsh,22,10,0,220.0
D Padikkal,Mohammed Shami,20,19,0,105.26
D Padikkal,Mohammed Siraj,17,15,3,113.33
D Padikkal,Mustafizur Rahman,48,31,1,154.84
D Padikkal,NT Ellis,11,15,1,73.33
D Padikkal,PJ Cummins,37,29,0,127.59
D Padikkal,PVD Chameera,25,20,0,125.0
D Padikkal,PWH de Silva,41,27,0,151.85
D Padikkal,R Ashwin,16,19,2,84.21
D Padikkal,R Parag,32,16,0,200.0
D Padikkal,R Sai Kishore,24,11,0,218.18
D Padikkal,R Shepherd,18,10,0,180.0
D Padikkal,R Tewatia,36,28,1,128.57
D Padikkal,RA Jadeja,43,33,1,130.3
D Padikkal,RD Chahar,54,36,0,150.0
D Padikkal,Rashid Khan,21,29,4,72.41
D Padikkal,Ravi Bishnoi,34,26,1,130.77
D Padikkal,S Gopal,32,25,0,128.0
D Padikkal,S Kaul,4,10,0,40.0
D Padikkal,SM Curran,54,33,1,163.64
D Padikkal,SN Thakur,25,30,3,83.33
D Padikkal,SP Narine,16,13,2,123.08
D Padikkal,Sandeep Sharma,26,24,2,108.33
D Padikkal,Shivam Mavi,7,10,0,70.0
D Padikkal,T Natarajan,27,14,0,192.86
D Padikkal,TA Boult,15,14,1,107.14
D Padikkal,TU Deshpande,42,19,0,221.05
D Padikkal,Umran Malik,16,24,2,66.67
D Wiese,A Nehra,8,12,0,66.67
D Wiese,DJ Bravo,27,19,2,142.11
DA Miller,A Mishra,68,51,1,133.33
DA Miller,A Nehra,19,16,0,118.75
DA Miller,A Nortje,31,14,0,221.43
DA Miller,AB Dinda,28,16,0,175.0
DA Miller,AD Russell,24,11,1,218.18
DA Miller,Avesh Khan,61,38,2,160.53
DA Miller,B Kumar,50,33,1,151.52
DA Miller,C Green,25,15,0,166.67
DA Miller,CH Morris,26,24,1,108.33
DA Miller,CJ Jordan,36,20,0,180.0
DA Miller,DJ Bravo,44,32,2,137.5
DA Miller,DJ Hooda,19,13,0,146.15
DA Miller,DL Chahar,14,11,1,127.27
DA Miller,DR Smith,16,12,1,133.33
DA Miller,DS Kulkarni,36,13,3,276.92
DA Miller,GJ Maxwell,26,14,0,185.71
DA Miller,HH Pandya,26,13,2,200.0
DA Miller,HV Patel,64,39,0,164.1
DA Miller,Harbhajan Singh,39,35,0,111.43
DA Miller,I Sharma,28,14,1,200.0
DA Miller,IK Pathan,7,12,0,58.33
DA Miller,Imran Tahir,38,27,0,140.74
DA Miller,J Suchith,22,17,0,129.41
DA Miller,JA Morkel,25,17,1,147.06
DA Miller,JD Unadkat,23,16,0,143.75
DA Miller,JJ Bumrah,43,32,2,134.38
DA Miller,JP Duminy,14,26,2,53.85
DA Miller,JP Faulkner,30,14,0,214.29
DA Miller,K Kartikeya,17,10,0,170.0
DA Miller,K Rabada,19,16,0,118.75
DA Miller,KA Pollard,48,24,1,200.0
DA Miller,KH Pandya,10,12,0,83.33
DA Miller,KK Cooper,6,11,1,54.55
DA Miller,KV Sharma,39,24,3,162.5
DA Miller,Kuldeep Yadav,43,37,1,116.22
DA Miller,LH Ferguson,15,10,0,150.0
DA Miller,LJ Wright,28,11,0,254.55
DA Miller,LS Livingstone,7,11,2,63.64
DA Miller,M Morkel,6,13,0,46.15
DA Miller,M Pathirana,9,13,0,69.23
DA Miller,M Prasidh Krishna,59,32,0,184.38
DA Miller,MA Starc,23,18,0,127.78
DA Miller,MC Henriques,27,24,1,112.5
DA Miller,MJ McClenaghan,9,12,0,75.0
DA Miller,MM Ali,19,18,1,105.56
DA Miller,MM Sharma,34,16,0,212.5
DA Miller,Mohammed Shami,26,12,0,216.67
DA Miller,Mohammed Siraj,10,13,2,76.92
DA Miller,Mukesh Kumar,34,14,1,242.86
DA Miller,Mustafizur Rahman,21,13,0,161.54
DA Miller,NM Coulter-Nile,8,11,2,72.73
DA Miller,OC McCoy,24,17,0,141.18
DA Miller,P Negi,10,12,1,83.33
DA Miller,PJ Cummins,25,26,0,96.15
DA Miller,PP Chawla,60,50,2,120.0
DA Miller,PP Ojha,17,12,0,141.67
DA Miller,PV Tambe,23,12,0,191.67
DA Miller,PWH de Silva,19,15,1,126.67
DA Miller,R Ashwin,82,73,2,112.33
DA Miller,R Bhatia,16,11,0,145.45
DA Miller,R Tewatia,16,18,0,88.89
DA Miller,R Vinay Kumar,29,12,0,241.67
DA Miller,RA Jadeja,111,67,2,165.67
DA Miller,RD Chahar,7,13,0,53.85
DA Miller,RP Singh,35,13,0,269.23
DA Miller,Rashid Khan,9,13,2,69.23
DA Miller,S Kaul,27,13,0,207.69
DA Miller,S Kaushik,8,11,0,72.73
DA Miller,SL Malinga,10,16,3,62.5
DA Miller,SN Thakur,12,11,0,109.09
DA Miller,SP Narine,51,37,0,137.84
DA Miller,STR Binny,14,12,0,116.67
DA Miller,Sandeep Sharma,16,14,2,114.29
DA Miller,TA Boult,44,33,0,133.33
DA Miller,TG Southee,22,14,0,157.14
DA Miller,UT Yadav,55,40,2,137.5
DA Miller,Umran Malik,13,13,1,100.0
DA Miller,VR Aaron,19,11,1,172.73
DA Miller,Washington Sundar,17,19,1,89.47
DA Miller,YS Chahal,95,54,2,175.93
DA Miller,Yash Dayal,17,12,0,141.67
DA Warner,A Mishra,52,46,3,113.04
DA Warner,A Nehra,25,14,0,178.57
DA Warner,A Nortje,27,19,1,142.11
DA Warner,AB Agarkar,20,13,1,153.85
DA Warner,AB Dinda,49,42,2,116.67
DA Warner,AC Thomas,21,10,0,210.0
DA Warner,AD Russell,44,23,1,191.3
DA Warner,AF Milne,30,13,0,230.77
DA Warner,AN Ahmed,21,12,0,175.0
DA Warner,AR Patel,93,57,2,163.16
DA Warner,AS Rajpoot,18,18,0,100.0
DA Warner,Anureet Singh,43,25,1,172.0
DA Warner,Arshdeep Singh,70,45,0,155.56
DA Warner,Avesh Khan,20,17,2,117.65
DA Warner,B Kumar,19,32,2,59.38
DA Warner,B Lee,34,25,0,136.0
DA Warner,BA Stokes,22,19,2,115.79
DA Warner,BW Hilfenhaus,2,11,3,18.18
DA Warner,C Green,17,10,0,170.0
DA Warner,CH Gayle,16,14,0,114.29
DA Warner,CH Morris,36,30,1,120.0
DA Warner,CK Langeveldt,29,13,0,223.08
DA Warner,CR Brathwaite,16,12,1,133.33
DA Warner,CV Varun,31,21,2,147.62
DA Warner,DJ Bravo,53,53,1,100.0
DA Warner,DJ Hooda,18,15,0,120.0
DA Warner,DJ Hussey,21,27,0,77.78
DA Warner,DL Chahar,98,77,2,127.27
DA Warner,DS Kulkarni,71,71,2,100.0
DA Warner,DT Christian,33,26,0,126.92
DA Warner,DW Steyn,48,42,2,114.29
DA Warner,GJ Maxwell,40,34,1,117.65
DA Warner,Gurkeerat Singh,19,10,0,190.0
DA Warner,HH Pandya,27,18,0,150.0
DA Warner,HR Shokeen,10,12,0,83.33
DA Warner,HV Patel,87,49,1,177.55
DA Warner,Harbhajan Singh,113,95,4,118.95
DA Warner,Harmeet Singh,16,17,0,94.12
DA Warner,I Sharma,66,53,1,124.53
DA Warner,IC Pandey,18,11,1,163.64
DA Warner,Imran Tahir,37,23,0,160.87
DA Warner,J Botha,30,24,0,125.0
DA Warner,J Little,12,11,0,109.09
DA Warner,J Yadav,70,48,1,145.83
DA Warner,JA Morkel,47,29,1,162.07
DA Warner,JC Archer,15,19,2,78.95
DA Warner,JD Unadkat,51,43,1,118.6
DA Warner,JH Kallis,32,23,2,139.13
DA Warner,JJ Bumrah,54,45,0,120.0
DA Warner,JL Pattinson,37,26,1,142.31
DA Warner,JO Holder,28,26,0,107.69
DA Warner,JP Behrendorff,11,12,1,91.67
DA Warner,JP Duminy,20,21,2,95.24
DA Warner,JP Faulkner,24,17,0,141.18
DA Warner,JR Hazlewood,14,10,1,140.0
DA Warner,JW Hastings,26,11,1,236.36
DA Warner,K Gowtham,30,18,0,166.67
DA Warner,K Rabada,108,58,3,186.21
DA Warner,KA Jamieson,17,10,1,170.0
DA Warner,KA Pollard,55,39,0,141.03
DA Warner,KC Cariappa,51,23,0,221.74
DA Warner,KH Pandya,39,26,0,150.0
DA Warner,KMA Paul,9,11,0,81.82
DA Warner,KW Richardson,56,21,0,266.67
DA Warner,Kartik Tyagi,33,19,0,173.68
DA Warner,Kuldeep Yadav,59,42,2,140.48
DA Warner,L Balaji,27,24,3,112.5
DA Warner,L Ngidi,16,12,1,133.33
DA Warner,M Ashwin,27,23,0,117.39
DA Warner,M Kartik,22,17,0,129.41
DA Warner,M Morkel,40,23,2,173.91
DA Warner,M Muralitharan,21,21,1,100.0
DA Warner,M Pathirana,6,13,1,46.15
DA Warner,M Prasidh Krishna,32,25,2,128.0
DA Warner,M Theekshana,23,13,1,176.92
DA Warner,M Vijay,11,11,0,100.0
DA Warner,MA Starc,33,32,2,103.12
DA Warner,MC Henriques,29,17,1,170.59
DA Warner,MG Johnson,51,21,1,242.86
DA Warner,MJ McClenaghan,52,33,2,157.58
DA Warner,MM Ali,20,14,0,142.86
DA Warner,MM Patel,10,10,0,100.0
DA Warner,MM Sharma,84,47,1,178.72
DA Warner,MP Stoinis,17,15,0,113.33
DA Warner,MS Gony,15,12,0,125.0
DA Warner,Mohammed Shami,109,78,2,139.74
DA Warner,Mohammed Siraj,64,37,2,172.97
DA Warner,Mujeeb Ur Rahman,61,35,0,174.29
DA Warner,N Rana,13,11,0,118.18
DA Warner,NM Coulter-Nile,59,54,1,109.26
DA Warner,NT Ellis,31,16,0,193.75
DA Warner,P Awana,28,12,0,233.33
DA Warner,P Kumar,124,86,3,144.19
DA Warner,PJ Cummins,19,17,0,111.76
DA Warner,PJ Sangwan,18,12,0,150.0
DA Warner,PP Chawla,115,77,2,149.35
DA Warner,PP Ojha,54,30,0,180.0
DA Warner,PV Tambe,21,20,1,105.0
DA Warner,Parvez Rasool,25,16,0,156.25
DA Warner,R Ashwin,121,110,4,110.0
DA Warner,R Bhatia,23,19,1,121.05
DA Warner,R Dhawan,33,19,0,173.68
DA Warner,R Sharma,25,12,1,208.33
DA Warner,R Shukla,21,11,1,190.91
DA Warner,RA Jadeja,116,66,0,175.76
DA Warner,RD Chahar,67,42,0,159.52
DA Warner,RJ Harris,22,25,2,88.0
DA Warner,RP Singh,33,23,1,143.48
DA Warner,RR Powar,6,11,1,54.55
DA Warner,Ravi Bishnoi,11,16,3,68.75
DA Warner,S Aravind,15,11,1,136.36
DA Warner,S Badree,16,11,0,145.45
DA Warner,S Gopal,33,26,0,126.92
DA Warner,S Kaushik,22,14,0,157.14
DA Warner,S Sreesanth,20,25,2,80.0
DA Warner,SA Abbott,24,14,0,171.43
DA Warner,SJ Srivastava,22,15,1,146.67
DA Warner,SK Raina,49,36,1,136.11
DA Warner,SK Trivedi,36,26,0,138.46
DA Warner,SL Malinga,74,54,2,137.04
DA Warner,SM Curran,53,49,2,108.16
DA Warner,SN Thakur,41,28,0,146.43
DA Warner,SP Narine,195,123,2,158.54
DA Warner,SR Watson,34,20,2,170.0
DA Warner,STR Binny,9,13,1,69.23
DA Warner,SW Tait,28,12,0,233.33
DA Warner,Sandeep Sharma,93,78,3,119.23
DA Warner,Shakib Al Hasan,19,13,1,146.15
DA Warner,T Shamsi,15,11,1,136.36
DA Warner,TA Boult,75,58,0,129.31
DA Warner,TG Southee,45,26,0,173.08
DA Warner,TP Sudhindra,24,11,0,218.18
DA Warner,TU Deshpande,21,22,0,95.45
DA Warner,Tejas Baroka,26,15,0,173.33
DA Warner,UT Yadav,99,67,5,147.76
DA Warner,Umran Malik,23,11,0,209.09
DA Warner,VR Aaron,46,32,1,143.75
DA Warner,WD Parnell,33,21,1,157.14
DA Warner,WPUJC Vaas,14,14,1,100.0
DA Warner,Washington Sundar,47,35,2,134.29
DA Warner,YK Pathan,45,37,0,121.62
DA Warner,YS Chahal,156,96,2,162.5
DA Warner,Z Khan,44,36,2,122.22
DB Das,B Kumar,14,12,0,116.67
DB Das,DJ Bravo,22,12,1,183.33
DB Das,Harbhajan Singh,17,10,1,170.0
DB Das,JA Morkel,6,10,0,60.0
DB Das,M Morkel,11,11,0,100.0
DB Das,M Muralitharan,15,11,0,136.36
DB Das,S Nadeem,14,17,0,82.35
DB Ravi Teja,AM Nayar,12,10,0,120.0
DB Ravi Teja,DJ Bravo,18,10,1,180.0
DB Ravi Teja,L Balaji,29,20,0,145.0
DB Ravi Teja,M Muralitharan,11,11,0,100.0
DB Ravi Teja,P Kumar,15,14,0,107.14
DB Ravi Teja,PC Valthaty,10,12,1,83.33
DB Ravi Teja,PJ Sangwan,6,10,0,60.0
DB Ravi Teja,PP Chawla,30,14,0,214.29
DB Ravi Teja,SL Malinga,10,12,3,83.33
DB Ravi Teja,YK Pathan,17,10,0,170.0
DB Ravi Teja,Yuvraj Singh,8,10,0,80.0
DH Yagnik,Harbhajan Singh,15,17,2,88.24
DH Yagnik,R Dhawan,21,11,0,190.91
DH Yagnik,SL Malinga,23,13,1,176.92
DJ Bravo,A Mishra,14,14,0,100.0
DJ Bravo,A Nehra,18,11,1,163.64
DJ Bravo,AB Dinda,15,19,1,78.95
DJ Bravo,AD Russell,11,11,1,100.0
DJ Bravo,Azhar Mahmood,9,13,0,69.23
DJ Bravo,B Kumar,18,10,1,180.0
DJ Bravo,B Lee,13,14,0,92.86
DJ Bravo,C de Grandhomme,5,11,0,45.45
DJ Bravo,CH Morris,31,20,1,155.0
DJ Bravo,Harbhajan Singh,17,27,0,62.96
DJ Bravo,I Sharma,26,17,1,152.94
DJ Bravo,IK Pathan,12,17,0,70.59
DJ Bravo,JA Morkel,5,11,1,45.45
DJ Bravo,JD Unadkat,13,14,0,92.86
DJ Bravo,JH Kallis,9,14,1,64.29
DJ Bravo,JJ Bumrah,35,27,4,129.63
DJ Bravo,JP Faulkner,27,18,0,150.0
DJ Bravo,KK Cooper,23,12,0,191.67
DJ Bravo,M Kartik,18,15,1,120.0
DJ Bravo,M Muralitharan,13,12,0,108.33
DJ Bravo,MJ McClenaghan,35,19,2,184.21
DJ Bravo,Mustafizur Rahman,19,12,1,158.33
DJ Bravo,P Awana,14,19,0,73.68
DJ Bravo,P Kumar,27,17,1,158.82
DJ Bravo,PP Chawla,45,43,2,104.65
DJ Bravo,PP Ojha,39,37,3,105.41
DJ Bravo,PV Tambe,24,11,0,218.18
DJ Bravo,R Bhatia,31,24,0,129.17
DJ Bravo,R Sharma,13,11,1,118.18
DJ Bravo,R Vinay Kumar,36,27,2,133.33
DJ Bravo,RE van der Merwe,30,18,0,166.67
DJ Bravo,RP Singh,20,22,3,90.91
DJ Bravo,S Nadeem,5,13,0,38.46
DJ Bravo,S Sreesanth,29,13,0,223.08
DJ Bravo,SL Malinga,46,26,3,176.92
DJ Bravo,SR Watson,28,16,2,175.0
DJ Bravo,Shahid Afridi,19,10,0,190.0
DJ Bravo,TA Boult,31,11,1,281.82
DJ Bravo,UT Yadav,23,15,2,153.33
DJ Bravo,Y Venugopal Rao,18,13,0,138.46
DJ Bravo,YA Abdulla,1,10,0,10.0
DJ Bravo,Yuvraj Singh,19,18,0,105.56
DJ Harris,M Muralitharan,5,12,0,41.67
DJ Harris,Z Khan,9,10,0,90.0
DJ Hooda,AD Russell,5,12,2,41.67
DJ Hooda,AR Patel,61,46,0,132.61
DJ Hooda,AS Joseph,10,10,1,100.0
DJ Hooda,Avesh Khan,19,11,0,172.73
DJ Hooda,B Kumar,12,15,2,80.0
DJ Hooda,C Sakariya,18,14,0,128.57
DJ Hooda,CH Morris,16,12,2,133.33
DJ Hooda,DJ Bravo,27,21,3,128.57
DJ Hooda,DL Chahar,7,12,2,58.33
DJ Hooda,HH Pandya,44,31,1,141.94
DJ Hooda,HV Patel,13,17,0,76.47
DJ Hooda,Imran Tahir,19,13,1,146.15
DJ Hooda,JD Unadkat,38,25,3,152.0
DJ Hooda,JJ Bumrah,15,18,1,83.33
DJ Hooda,JP Behrendorff,9,13,1,69.23
DJ Hooda,K Rabada,16,14,0,114.29
DJ Hooda,KH Pandya,12,12,0,100.0
DJ Hooda,Kuldeep Yadav,43,33,3,130.3
DJ Hooda,L Ngidi,29,12,1,241.67
DJ Hooda,MM Sharma,14,15,3,93.33
DJ Hooda,Mustafizur Rahman,23,17,0,135.29
DJ Hooda,NM Coulter-Nile,11,11,1,100.0
DJ Hooda,PP Chawla,18,19,1,94.74
DJ Hooda,PWH de Silva,20,13,2,153.85
DJ Hooda,R Ashwin,32,34,3,94.12
DJ Hooda,R Dhawan,10,10,0,100.0
DJ Hooda,RA Jadeja,24,22,1,109.09
DJ Hooda,RD Chahar,21,17,0,123.53
DJ Hooda,Rashid Khan,32,32,4,100.0
DJ Hooda,S Gopal,38,12,0,316.67
DJ Hooda,SN Thakur,53,33,2,160.61
DJ Hooda,SP Narine,29,29,2,100.0
DJ Hooda,Sandeep Sharma,10,15,1,66.67
DJ Hooda,Shahbaz Ahmed,22,19,1,115.79
DJ Hooda,Shivam Mavi,14,12,1,116.67
DJ Hooda,TA Boult,58,38,0,152.63
DJ Hooda,Umran Malik,27,10,0,270.0
DJ Hooda,YS Chahal,53,39,4,135.9
DJ Hussey,A Kumble,25,11,1,227.27
DJ Hussey,A Mishra,53,36,0,147.22
DJ Hussey,A Nehra,12,13,1,92.31
DJ Hussey,A Symonds,20,16,1,125.0
DJ Hussey,AB McDonald,13,15,0,86.67
DJ Hussey,CH Morris,12,11,0,109.09
DJ Hussey,DJ Bravo,24,20,1,120.0
DJ Hussey,DL Vettori,20,22,0,90.91
DJ Hussey,DS Kulkarni,23,12,0,191.67
DJ Hussey,DW Steyn,12,13,0,92.31
DJ Hussey,Gagandeep Singh,33,17,1,194.12
DJ Hussey,HV Patel,19,10,1,190.0
DJ Hussey,Harbhajan Singh,30,25,0,120.0
DJ Hussey,IK Pathan,47,29,0,162.07
DJ Hussey,JD Ryder,15,12,0,125.0
DJ Hussey,JH Kallis,14,12,1,116.67
DJ Hussey,JJ Bumrah,13,10,0,130.0
DJ Hussey,JR Hopes,34,16,1,212.5
DJ Hussey,KA Pollard,26,23,1,113.04
DJ Hussey,KP Appanna,22,10,0,220.0
DJ Hussey,KV Sharma,9,10,0,90.0
DJ Hussey,M Muralitharan,8,10,1,80.0
DJ Hussey,MF Maharoof,12,11,1,109.09
DJ Hussey,MM Patel,20,25,2,80.0
DJ Hussey,PP Ojha,41,39,1,105.13
DJ Hussey,R Ashwin,18,16,2,112.5
DJ Hussey,R Bhatia,41,45,0,91.11
DJ Hussey,R Vinay Kumar,20,16,0,125.0
DJ Hussey,RA Jadeja,14,15,0,93.33
DJ Hussey,RE van der Merwe,6,10,0,60.0
DJ Hussey,RP Singh,33,20,0,165.0
DJ Hussey,S Sreesanth,25,17,1,147.06
DJ Hussey,SB Bangar,8,12,0,66.67
DJ Hussey,SB Styris,18,12,0,150.0
DJ Hussey,SK Trivedi,35,27,4,129.63
DJ Hussey,SK Warne,17,15,0,113.33
DJ Hussey,Shakib Al Hasan,21,17,0,123.53
DJ Hussey,UT Yadav,10,24,3,41.67
DJ Hussey,VR Aaron,8,14,0,57.14
DJ Hussey,VRV Singh,20,15,0,133.33
DJ Hussey,Y Venugopal Rao,13,11,0,118.18
DJ Hussey,YK Pathan,9,10,1,90.0
DJ Jacobs,RP Singh,2,11,0,18.18
DJ Jacobs,Z Khan,20,11,0,181.82
DJ Mitchell,AR Patel,14,10,1,140.0
DJ Mitchell,JD Unadkat,13,10,1,130.0
DJ Mitchell,K Kartikeya,12,12,0,100.0
DJ Mitchell,PJ Cummins,19,10,0,190.0
DJ Mitchell,Rashid Khan,25,12,0,208.33
DJ Mitchell,Shahbaz Ahmed,18,10,0,180.0
DJ Mitchell,T Natarajan,9,10,1,90.0
DJ Thornely,PJ Sangwan,13,13,0,100.0
DJ Willey,CV Varun,11,12,0,91.67
DJ Willey,SP Narine,7,14,1,50.0
DJG Sammy,KK Cooper,28,15,0,186.67
DJG Sammy,PP Chawla,3,10,1,30.0
DJG Sammy,SK Trivedi,20,16,0,125.0
DJG Sammy,SP Narine,9,20,0,45.0
DJG Sammy,SR Watson,33,15,1,220.0
DJG Sammy,STR Binny,18,19,0,94.74
DJG Sammy,Shakib Al Hasan,19,13,2,146.15
DJM Short,PP Chawla,4,10,0,40.0
DJM Short,Shivam Mavi,19,11,0,172.73
DL Chahar,R Ashwin,24,10,1,240.0
DP Conway,A Nortje,30,21,1,142.86
DP Conway,A Zampa,15,10,1,150.0
DP Conway,AK Markram,27,14,0,192.86
DP Conway,AR Patel,21,15,1,140.0
DP Conway,Arshdeep Singh,19,12,0,158.33
DP Conway,B Kumar,17,21,0,80.95
DP Conway,CV Varun,22,16,1,137.5
DP Conway,D Wiese,21,10,0,210.0
DP Conway,DG Nalkande,14,10,0,140.0
DP Conway,GJ Maxwell,28,24,0,116.67
DP Conway,HH Pandya,15,11,0,136.36
DP Conway,JC Archer,19,16,0,118.75
DP Conway,JO Holder,13,11,0,118.18
DP Conway,K Rabada,21,13,0,161.54
DP Conway,KK Ahmed,32,24,1,133.33
DP Conway,Kuldeep Yadav,43,18,0,238.89
DP Conway,Lalit Yadav,23,12,0,191.67
DP Conway,M Jansen,69,36,0,191.67
DP Conway,M Markande,14,12,0,116.67
DP Conway,Mohammed Shami,15,16,3,93.75
DP Conway,Mohammed Siraj,20,16,0,125.0
DP Conway,Noor Ahmad,23,21,1,109.52
DP Conway,PWH de Silva,30,16,1,187.5
DP Conway,R Goyal,13,10,0,130.0
DP Conway,RD Chahar,18,10,0,180.0
DP Conway,Rashid Khan,30,16,1,187.5
DP Conway,SM Curran,17,10,0,170.0
DP Conway,SP Narine,13,10,0,130.0
DP Conway,Sandeep Sharma,6,10,0,60.0
DP Conway,Sikandar Raza,18,10,0,180.0
DP Conway,Umran Malik,16,12,1,133.33
DP Conway,VG Arora,22,19,0,115.79
DP Conway,Vijaykumar Vyshak,32,12,0,266.67
DP Conway,YS Chahal,24,17,1,141.18
DP Conway,Yash Thakur,15,15,0,100.0
DPMD Jayawardene,A Kumble,23,12,0,191.67
DPMD Jayawardene,A Mishra,20,15,0,133.33
DPMD Jayawardene,A Nehra,16,16,0,100.0
DPMD Jayawardene,A Symonds,9,12,1,75.0
DPMD Jayawardene,AB Agarkar,44,35,1,125.71
DPMD Jayawardene,AB Dinda,17,11,2,154.55
DPMD Jayawardene,AC Thomas,13,11,1,118.18
DPMD Jayawardene,AG Murtaza,10,11,1,90.91
DPMD Jayawardene,Azhar Mahmood,35,22,1,159.09
DPMD Jayawardene,B Kumar,10,13,0,76.92
DPMD Jayawardene,B Lee,37,22,1,168.18
DPMD Jayawardene,BA Bhatt,21,11,0,190.91
DPMD Jayawardene,BW Hilfenhaus,18,14,0,128.57
DPMD Jayawardene,CH Gayle,18,12,0,150.0
DPMD Jayawardene,DJ Bravo,18,19,0,94.74
DPMD Jayawardene,DL Vettori,8,17,3,47.06
DPMD Jayawardene,DW Steyn,24,34,0,70.59
DPMD Jayawardene,Harbhajan Singh,48,38,2,126.32
DPMD Jayawardene,I Sharma,27,21,3,128.57
DPMD Jayawardene,Iqbal Abdulla,36,28,1,128.57
DPMD Jayawardene,JA Morkel,29,20,3,145.0
DPMD Jayawardene,JD Unadkat,27,14,1,192.86
DPMD Jayawardene,JH Kallis,39,38,0,102.63
DPMD Jayawardene,KA Pollard,21,13,0,161.54
DPMD Jayawardene,L Balaji,44,34,1,129.41
DPMD Jayawardene,M Kartik,31,23,0,134.78
DPMD Jayawardene,M Muralitharan,24,14,1,171.43
DPMD Jayawardene,MC Henriques,17,11,0,154.55
DPMD Jayawardene,MF Maharoof,28,16,0,175.0
DPMD Jayawardene,MM Patel,28,29,2,96.55
DPMD Jayawardene,P Awana,18,23,0,78.26
DPMD Jayawardene,P Kumar,36,37,1,97.3
DPMD Jayawardene,PP Chawla,40,33,0,121.21
DPMD Jayawardene,PP Ojha,44,38,1,115.79
DPMD Jayawardene,R Ashwin,28,15,2,186.67
DPMD Jayawardene,R Bhatia,57,41,0,139.02
DPMD Jayawardene,R Sharma,14,10,0,140.0
DPMD Jayawardene,RE van der Merwe,7,11,2,63.64
DPMD Jayawardene,RJ Harris,27,26,0,103.85
DPMD Jayawardene,RP Singh,64,36,0,177.78
DPMD Jayawardene,SB Jakati,14,13,0,107.69
DPMD Jayawardene,SE Bond,22,15,0,146.67
DPMD Jayawardene,SJ Srivastava,14,11,0,127.27
DPMD Jayawardene,SK Trivedi,29,26,2,111.54
DPMD Jayawardene,SL Malinga,58,40,3,145.0
DPMD Jayawardene,SP Narine,15,16,0,93.75
DPMD Jayawardene,SR Watson,8,16,1,50.0
DPMD Jayawardene,SW Tait,21,10,0,210.0
DPMD Jayawardene,Shakib Al Hasan,12,13,0,92.31
DPMD Jayawardene,WD Parnell,11,10,1,110.0
DPMD Jayawardene,YK Pathan,32,33,1,96.97
DR Smith,A Mishra,59,37,1,159.46
DR Smith,A Nehra,14,10,1,140.0
DR Smith,AR Patel,31,23,2,134.78
DR Smith,Ankit Sharma,41,27,1,151.85
DR Smith,B Kumar,45,43,3,104.65
DR Smith,BCJ Cutting,13,10,1,130.0
DR Smith,BW Hilfenhaus,41,16,0,256.25
DR Smith,CH Morris,34,30,0,113.33
DR Smith,DJ Muthuswami,12,10,0,120.0
DR Smith,DS Kulkarni,13,11,0,118.18
DR Smith,DW Steyn,27,36,0,75.0
DR Smith,GB Hogg,14,13,0,107.69
DR Smith,GJ Maxwell,27,11,1,245.45
DR Smith,HH Pandya,25,16,0,156.25
DR Smith,HV Patel,11,11,2,100.0
DR Smith,Harbhajan Singh,72,51,4,141.18
DR Smith,I Sharma,44,36,1,122.22
DR Smith,IK Pathan,4,11,0,36.36
DR Smith,Imran Tahir,14,15,3,93.33
DR Smith,Iqbal Abdulla,82,49,1,167.35
DR Smith,J Suchith,37,16,0,231.25
DR Smith,JA Morkel,63,34,1,185.29
DR Smith,JD Unadkat,37,25,0,148.0
DR Smith,JH Kallis,9,12,1,75.0
DR Smith,JJ Bumrah,28,22,0,127.27
DR Smith,JP Faulkner,60,29,1,206.9
DR Smith,KK Cooper,9,11,1,81.82
DR Smith,KV Sharma,49,37,2,132.43
DR Smith,Karanveer Singh,26,12,0,216.67
DR Smith,L Balaji,27,36,1,75.0
DR Smith,M de Lange,0,12,0,0.0
DR Smith,MA Starc,25,30,1,83.33
DR Smith,MG Johnson,19,11,0,172.73
DR Smith,MJ McClenaghan,25,24,1,104.17
DR Smith,MM Sharma,44,30,1,146.67
DR Smith,Mohammed Shami,40,22,1,181.82
DR Smith,P Awana,14,14,0,100.0
DR Smith,P Kumar,41,40,1,102.5
DR Smith,PJ Cummins,5,10,2,50.0
DR Smith,PP Ojha,19,14,1,135.71
DR Smith,R Ashwin,40,21,1,190.48
DR Smith,R Bhatia,30,15,1,200.0
DR Smith,R Vinay Kumar,33,20,0,165.0
DR Smith,RA Jadeja,23,20,1,115.0
DR Smith,Rashid Khan,18,10,1,180.0
DR Smith,S Aravind,15,11,2,136.36
DR Smith,S Nadeem,59,49,2,120.41
DR Smith,SB Jakati,31,23,2,134.78
DR Smith,SK Trivedi,44,35,0,125.71
DR Smith,SK Warne,12,13,1,92.31
DR Smith,SL Malinga,21,26,1,80.77
DR Smith,SP Narine,10,16,1,62.5
DR Smith,SR Watson,29,30,0,96.67
DR Smith,ST Jayasuriya,24,18,2,133.33
DR Smith,STR Binny,21,14,2,150.0
DR Smith,SW Tait,24,14,0,171.43
DR Smith,Sandeep Sharma,30,25,2,120.0
DR Smith,Shakib Al Hasan,31,19,2,163.16
DR Smith,TA Boult,14,14,0,100.0
DR Smith,TG Southee,14,10,0,140.0
DR Smith,UT Yadav,17,10,1,170.0
DR Smith,VR Aaron,20,13,1,153.85
DR Smith,VS Malik,19,14,0,135.71
DR Smith,YS Chahal,55,31,2,177.42
DR Smith,Z Khan,47,36,0,130.56
DS Kulkarni,R Ashwin,19,10,1,190.0
DT Christian,Harbhajan Singh,15,20,1,75.0
DT Christian,IK Pathan,11,13,0,84.62
DT Christian,J Botha,19,11,0,172.73
DT Christian,JJ Bumrah,6,10,1,60.0
DT Christian,KA Pollard,19,13,0,146.15
DT Christian,MM Patel,10,12,2,83.33
DT Christian,PP Ojha,14,11,0,127.27
DT Christian,RA Jadeja,8,13,0,61.54
DT Christian,S Nadeem,9,10,0,90.0
DT Christian,SL Malinga,13,19,0,68.42
DT Christian,UT Yadav,9,12,2,75.0
DT Christian,Yuvraj Singh,13,14,1,92.86
DW Steyn,RA Jadeja,4,10,1,40.0
DW Steyn,SL Malinga,4,11,2,36.36
Dhruv Jurel,Abhishek Sharma,32,19,0,168.42
Dhruv Jurel,Arshdeep Singh,29,12,0,241.67
Dhruv Jurel,Azmatullah Omarzai,24,11,0,218.18
Dhruv Jurel,B Kumar,24,10,0,240.0
Dhruv Jurel,HV Patel,13,10,1,130.0
Dhruv Jurel,Harshit Rana,21,11,1,190.91
Dhruv Jurel,KH Pandya,23,24,0,95.83
Dhruv Jurel,Noor Ahmad,18,12,2,150.0
Dhruv Jurel,PJ Cummins,37,19,1,194.74
Dhruv Jurel,SM Curran,11,10,1,110.0
Dhruv Jurel,Suyash Sharma,25,20,0,125.0
Dhruv Jurel,T Natarajan,7,10,0,70.0
Dhruv Jurel,TU Deshpande,21,10,1,210.0
Dhruv Jurel,YS Chahal,13,10,0,130.0
Dhruv Jurel,Yash Thakur,19,13,0,146.15
E Lewis,DJ Bravo,18,16,1,112.5
E Lewis,DS Kulkarni,17,11,2,154.55
E Lewis,DT Christian,21,10,0,210.0
E Lewis,GHS Garton,21,12,1,175.0
E Lewis,GJ Maxwell,29,22,0,131.82
E Lewis,HV Patel,38,18,0,211.11
E Lewis,Harbhajan Singh,13,23,0,56.52
E Lewis,IC Porel,23,10,0,230.0
E Lewis,Imran Tahir,31,16,0,193.75
E Lewis,Kuldeep Yadav,6,10,0,60.0
E Lewis,Mohammed Shami,6,11,0,54.55
E Lewis,Mohammed Siraj,15,12,0,125.0
E Lewis,S Sandeep Warrier,8,10,0,80.0
E Lewis,SN Thakur,22,16,1,137.5
E Lewis,Sandeep Sharma,19,17,1,111.76
E Lewis,TA Boult,14,11,0,127.27
E Lewis,YS Chahal,23,13,0,176.92
EJG Morgan,A Mishra,29,21,0,138.1
EJG Morgan,A Nortje,15,12,2,125.0
EJG Morgan,Azhar Mahmood,26,23,2,113.04
EJG Morgan,BA Stokes,22,10,1,220.0
EJG Morgan,CH Morris,29,22,0,131.82
EJG Morgan,CJ Jordan,11,12,0,91.67
EJG Morgan,DJ Bravo,20,19,1,105.26
EJG Morgan,DJ Hooda,19,16,0,118.75
EJG Morgan,DT Christian,10,10,1,100.0
EJG Morgan,DW Steyn,15,12,0,125.0
EJG Morgan,GJ Maxwell,45,20,0,225.0
EJG Morgan,HV Patel,10,14,1,71.43
EJG Morgan,Harbhajan Singh,15,10,0,150.0
EJG Morgan,J Botha,9,11,0,81.82
EJG Morgan,JC Archer,9,10,0,90.0
EJG Morgan,JJ Bumrah,12,15,2,80.0
EJG Morgan,K Rabada,43,12,0,358.33
EJG Morgan,KV Sharma,9,13,1,69.23
EJG Morgan,Kartik Tyagi,15,10,0,150.0
EJG Morgan,MC Henriques,20,12,0,166.67
EJG Morgan,MJ McClenaghan,4,11,1,36.36
EJG Morgan,MM Sharma,22,16,1,137.5
EJG Morgan,Mohammad Nabi,15,14,2,107.14
EJG Morgan,Mohammed Shami,36,25,1,144.0
EJG Morgan,NM Coulter-Nile,26,13,1,200.0
EJG Morgan,P Kumar,20,15,0,133.33
EJG Morgan,P Parameswaran,5,10,0,50.0
EJG Morgan,PJ Cummins,16,10,1,160.0
EJG Morgan,PP Chawla,39,24,0,162.5
EJG Morgan,PV Tambe,21,12,1,175.0
EJG Morgan,Parvez Rasool,14,12,0,116.67
EJG Morgan,R Vinay Kumar,18,18,1,100.0
EJG Morgan,RA Jadeja,12,10,0,120.0
EJG Morgan,RD Chahar,16,23,1,69.57
EJG Morgan,RP Singh,28,14,1,200.0
EJG Morgan,Rashid Khan,19,24,1,79.17
EJG Morgan,Ravi Bishnoi,12,22,3,54.55
EJG Morgan,S Kaul,8,12,0,66.67
EJG Morgan,S Sreesanth,16,17,0,94.12
EJG Morgan,SL Malinga,10,10,0,100.0
EJG Morgan,SN Thakur,10,16,0,62.5
EJG Morgan,SP Narine,14,11,0,127.27
EJG Morgan,SR Watson,29,13,1,223.08
EJG Morgan,Shakib Al Hasan,13,11,0,118.18
EJG Morgan,TK Curran,22,12,0,183.33
EJG Morgan,UT Yadav,8,12,2,66.67
EJG Morgan,Washington Sundar,22,18,3,122.22
EJG Morgan,YS Chahal,22,29,0,75.86
EJG Morgan,Z Khan,10,12,1,83.33
F du Plessis,A Mishra,63,61,1,103.28
F du Plessis,A Nehra,26,17,0,152.94
F du Plessis,A Nortje,26,16,1,162.5
F du Plessis,A Zampa,14,11,0,127.27
F du Plessis,AD Russell,48,27,0,177.78
F du Plessis,AJ Tye,33,15,0,220.0
F du Plessis,AR Patel,88,80,3,110.0
F du Plessis,AS Rajpoot,17,18,1,94.44
F du Plessis,AS Roy,6,11,1,54.55
F du Plessis,Abhishek Sharma,38,29,0,131.03
F du Plessis,Ankit Sharma,30,28,1,107.14
F du Plessis,Arshad Khan,3,10,2,30.0
F du Plessis,Arshdeep Singh,62,51,1,121.57
F du Plessis,Avesh Khan,62,47,1,131.91
F du Plessis,B Kumar,108,78,2,138.46
F du Plessis,C Green,25,11,1,227.27
F du Plessis,C Sakariya,17,10,0,170.0
F du Plessis,CH Morris,24,17,2,141.18
F du Plessis,CJ Anderson,37,14,0,264.29
F du Plessis,CJ Jordan,63,33,1,190.91
F du Plessis,CR Brathwaite,27,11,1,245.45
F du Plessis,CV Varun,59,40,2,147.5
F du Plessis,D Wiese,22,12,0,183.33
F du Plessis,DL Chahar,22,14,1,157.14
F du Plessis,DL Vettori,23,14,0,164.29
F du Plessis,DS Kulkarni,15,10,0,150.0
F du Plessis,DT Christian,15,13,0,115.38
F du Plessis,DW Steyn,25,21,0,119.05
F du Plessis,Fazalhaq Farooqi,17,12,0,141.67
F du Plessis,GB Hogg,25,23,1,108.7
F du Plessis,HV Patel,16,22,2,72.73
F du Plessis,Harbhajan Singh,49,47,3,104.26
F du Plessis,Harpreet Brar,88,53,1,166.04
F du Plessis,Harshit Rana,28,14,1,200.0
F du Plessis,I Sharma,20,16,0,125.0
F du Plessis,Iqbal Abdulla,25,17,0,147.06
F du Plessis,J Little,34,11,1,309.09
F du Plessis,J Suchith,29,27,1,107.41
F du Plessis,JA Morkel,18,12,1,150.0
F du Plessis,JA Richardson,19,14,0,135.71
F du Plessis,JC Archer,22,18,2,122.22
F du Plessis,JD Unadkat,81,37,3,218.92
F du Plessis,JDS Neesham,24,17,0,141.18
F du Plessis,JJ Bumrah,65,43,1,151.16
F du Plessis,JO Holder,44,33,3,133.33
F du Plessis,JP Behrendorff,42,20,0,210.0
F du Plessis,JP Faulkner,12,14,1,85.71
F du Plessis,K Rabada,16,15,3,106.67
F du Plessis,KA Pollard,13,17,1,76.47
F du Plessis,KH Pandya,74,62,2,119.35
F du Plessis,KJ Abbott,16,12,0,133.33
F du Plessis,KK Ahmed,68,51,1,133.33
F du Plessis,KK Cooper,13,15,1,86.67
F du Plessis,KM Asif,19,11,1,172.73
F du Plessis,Kartik Tyagi,30,13,0,230.77
F du Plessis,Kuldeep Yadav,18,20,0,90.0
F du Plessis,LH Ferguson,58,27,0,214.81
F du Plessis,M Ashwin,58,44,0,131.82
F du Plessis,M Kartik,29,23,1,126.09
F du Plessis,M Prasidh Krishna,41,43,1,95.35
F du Plessis,M Siddharth,22,14,0,157.14
F du Plessis,M Theekshana,24,26,1,92.31
F du Plessis,MA Starc,34,19,0,178.95
F du Plessis,MC Henriques,21,17,1,123.53
F du Plessis,MG Johnson,29,12,2,241.67
F du Plessis,MJ McClenaghan,35,21,1,166.67
F du Plessis,MM Sharma,32,17,1,188.24
F du Plessis,MN Samuels,12,15,1,80.0
F du Plessis,Mayank Dagar,12,12,0,100.0
F du Plessis,Mohammed Shami,118,66,2,178.79
F du Plessis,Mohammed Siraj,27,17,0,158.82
F du Plessis,Mukesh Choudhary,30,14,0,214.29
F du Plessis,Mustafizur Rahman,30,25,1,120.0
F du Plessis,NT Ellis,23,13,1,176.92
F du Plessis,Navdeep Saini,34,23,0,147.83
F du Plessis,P Kumar,31,27,0,114.81
F du Plessis,P Sahu,19,13,0,146.15
F du Plessis,PJ Cummins,91,46,2,197.83
F du Plessis,PP Chawla,68,64,1,106.25
F du Plessis,PV Tambe,41,26,1,157.69
F du Plessis,R Ashwin,72,68,1,105.88
F du Plessis,R Bhatia,20,22,1,90.91
F du Plessis,R Dhawan,11,11,2,100.0
F du Plessis,R Sai Kishore,13,13,1,100.0
F du Plessis,R Sharma,18,19,1,94.74
F du Plessis,R Tewatia,26,17,1,152.94
F du Plessis,R Vinay Kumar,18,26,1,69.23
F du Plessis,RA Jadeja,46,26,0,176.92
F du Plessis,RD Chahar,54,46,1,117.39
F du Plessis,Rashid Khan,24,41,3,58.54
F du Plessis,Ravi Bishnoi,104,66,1,157.58
F du Plessis,S Gopal,30,21,0,142.86
F du Plessis,S Kaul,29,17,0,170.59
F du Plessis,S Nadeem,23,13,1,176.92
F du Plessis,SB Jakati,34,19,0,178.95
F du Plessis,SK Trivedi,19,14,0,135.71
F du Plessis,SL Malinga,23,33,2,69.7
F du Plessis,SM Curran,39,24,1,162.5
F du Plessis,SN Thakur,23,12,0,191.67
F du Plessis,SP Narine,41,53,2,77.36
F du Plessis,Sandeep Sharma,116,81,3,143.21
F du Plessis,Shakib Al Hasan,35,25,1,140.0
F du Plessis,Shivam Mavi,28,18,2,155.56
F du Plessis,T Natarajan,21,20,2,105.0
F du Plessis,TA Boult,114,102,4,111.76
F du Plessis,TU Deshpande,47,30,0,156.67
F du Plessis,UT Yadav,29,21,1,138.1
F du Plessis,YS Chahal,44,50,3,88.0
F du Plessis,Yash Dayal,16,19,1,84.21
F du Plessis,Yuvraj Singh,17,19,0,89.47
F du Plessis,Z Khan,22,14,0,157.14
FY Fazal,A Symonds,14,15,0,93.33
FY Fazal,AB Dinda,19,12,1,158.33
FY Fazal,J Theron,12,11,0,109.09
FY Fazal,RP Singh,18,16,1,112.5
G Gambhir,A Ashish Reddy,17,10,1,170.0
G Gambhir,A Mishra,54,42,2,128.57
G Gambhir,A Nehra,27,27,1,100.0
G Gambhir,A Singh,35,23,1,152.17
G Gambhir,A Symonds,6,11,0,54.55
G Gambhir,AB Agarkar,18,22,0,81.82
G Gambhir,AB Dinda,37,16,1,231.25
G Gambhir,AD Mascarenhas,31,28,3,110.71
G Gambhir,AD Mathews,60,39,0,153.85
G Gambhir,AJ Tye,9,13,1,69.23
G Gambhir,AN Ahmed,15,10,1,150.0
G Gambhir,AR Patel,58,51,0,113.73
G Gambhir,Anand Rajan,11,12,1,91.67
G Gambhir,B Akhil,15,10,1,150.0
G Gambhir,B Kumar,84,69,0,121.74
G Gambhir,BA Bhatt,35,26,0,134.62
G Gambhir,BA Stokes,11,10,0,110.0
G Gambhir,BB Sran,30,24,0,125.0
G Gambhir,BCJ Cutting,9,10,1,90.0
G Gambhir,BJ Hodge,6,11,0,54.55
G Gambhir,BW Hilfenhaus,13,14,1,92.86
G Gambhir,CH Morris,25,29,3,86.21
G Gambhir,CJ Anderson,24,14,1,171.43
G Gambhir,DE Bollinger,14,14,0,100.0
G Gambhir,DJ Bravo,32,23,1,139.13
G Gambhir,DJ Hussey,17,10,0,170.0
G Gambhir,DJ Muthuswami,13,11,0,118.18
G Gambhir,DL Vettori,21,17,0,123.53
G Gambhir,DP Vijaykumar,12,10,0,120.0
G Gambhir,DS Kulkarni,43,34,0,126.47
G Gambhir,DT Christian,26,18,1,144.44
G Gambhir,DW Steyn,67,66,2,101.52
G Gambhir,GJ Maxwell,42,24,0,175.0
G Gambhir,HH Pandya,21,15,1,140.0
G Gambhir,HV Patel,44,27,0,162.96
G Gambhir,Harbhajan Singh,84,78,5,107.69
G Gambhir,I Sharma,57,45,0,126.67
G Gambhir,IC Pandey,20,18,3,111.11
G Gambhir,IK Pathan,72,52,2,138.46
G Gambhir,Imran Tahir,28,22,1,127.27
G Gambhir,Iqbal Abdulla,18,10,1,180.0
G Gambhir,J Botha,24,18,1,133.33
G Gambhir,J Suchith,22,12,1,183.33
G Gambhir,JA Morkel,98,73,1,134.25
G Gambhir,JD Unadkat,24,19,0,126.32
G Gambhir,JH Kallis,28,26,1,107.69
G Gambhir,JJ Bumrah,29,33,1,87.88
G Gambhir,JP Duminy,26,15,0,173.33
G Gambhir,JP Faulkner,20,15,1,133.33
G Gambhir,KA Pollard,5,10,1,50.0
G Gambhir,KP Appanna,21,11,0,190.91
G Gambhir,KV Sharma,47,35,2,134.29
G Gambhir,L Balaji,20,22,2,90.91
G Gambhir,M Kartik,17,20,1,85.0
G Gambhir,M Morkel,28,18,1,155.56
G Gambhir,M Muralitharan,51,40,0,127.5
G Gambhir,MC Henriques,53,36,2,147.22
G Gambhir,MG Johnson,47,35,3,134.29
G Gambhir,MJ McClenaghan,39,32,1,121.88
G Gambhir,MM Patel,43,36,2,119.44
G Gambhir,MM Sharma,43,39,1,110.26
G Gambhir,MP Stoinis,21,16,0,131.25
G Gambhir,MS Gony,53,35,2,151.43
G Gambhir,Mohammed Shami,11,18,0,61.11
G Gambhir,Mustafizur Rahman,21,20,1,105.0
G Gambhir,NLTC Perera,10,14,0,71.43
G Gambhir,NM Coulter-Nile,16,20,1,80.0
G Gambhir,P Awana,21,16,0,131.25
G Gambhir,P Kumar,88,64,2,137.5
G Gambhir,P Sahu,6,11,1,54.55
G Gambhir,PJ Cummins,17,13,0,130.77
G Gambhir,PM Sarvesh Kumar,19,13,0,146.15
G Gambhir,PP Chawla,55,46,1,119.57
G Gambhir,PP Ojha,55,42,4,130.95
G Gambhir,R Ashwin,52,55,2,94.55
G Gambhir,R Dhawan,16,11,0,145.45
G Gambhir,R Sharma,13,10,0,130.0
G Gambhir,R Vinay Kumar,62,62,2,100.0
G Gambhir,RA Jadeja,31,19,0,163.16
G Gambhir,RP Singh,52,33,2,157.58
G Gambhir,RR Powar,23,11,1,209.09
G Gambhir,Rashid Khan,7,10,1,70.0
G Gambhir,S Aravind,27,22,3,122.73
G Gambhir,S Kaul,30,18,1,166.67
G Gambhir,S Kaushik,23,13,0,176.92
G Gambhir,S Nadeem,39,26,0,150.0
G Gambhir,S Sreesanth,50,29,0,172.41
G Gambhir,SB Jakati,56,34,1,164.71
G Gambhir,SB Styris,13,11,0,118.18
G Gambhir,SK Raina,26,29,1,89.66
G Gambhir,SK Trivedi,29,32,2,90.62
G Gambhir,SK Warne,50,37,0,135.14
G Gambhir,SL Malinga,39,41,2,95.12
G Gambhir,SR Watson,58,58,3,100.0
G Gambhir,STR Binny,14,10,0,140.0
G Gambhir,SW Tait,11,17,0,64.71
G Gambhir,Sandeep Sharma,43,46,2,93.48
G Gambhir,Swapnil Singh,14,10,0,140.0
G Gambhir,TG Southee,43,27,0,159.26
G Gambhir,TM Dilshan,13,10,0,130.0
G Gambhir,UT Yadav,31,25,1,124.0
G Gambhir,V Pratap Singh,13,10,0,130.0
G Gambhir,VR Aaron,44,36,1,122.22
G Gambhir,WD Parnell,39,44,2,88.64
G Gambhir,WPUJC Vaas,17,15,0,113.33
G Gambhir,Washington Sundar,26,18,2,144.44
G Gambhir,YA Abdulla,13,10,0,130.0
G Gambhir,YK Pathan,15,14,0,107.14
G Gambhir,YS Chahal,25,17,2,147.06
G Gambhir,Yuvraj Singh,16,17,0,94.12
G Gambhir,Z Khan,109,79,6,137.97
GC Smith,A Kumble,15,13,0,115.38
GC Smith,A Mishra,20,15,1,133.33
GC Smith,A Nehra,10,15,0,66.67
GC Smith,AB Dinda,19,21,1,90.48
GC Smith,DP Nannes,16,17,1,94.12
GC Smith,GD McGrath,16,21,1,76.19
GC Smith,I Sharma,12,12,1,100.0
GC Smith,IK Pathan,11,12,1,91.67
GC Smith,JA Morkel,21,20,1,105.0
GC Smith,JH Kallis,17,20,1,85.0
GC Smith,L Balaji,29,11,0,263.64
GC Smith,M Muralitharan,36,38,1,94.74
GC Smith,M Ntini,21,20,0,105.0
GC Smith,MF Maharoof,18,15,2,120.0
GC Smith,MS Gony,23,16,0,143.75
GC Smith,P Kumar,16,32,2,50.0
GC Smith,PJ Sangwan,22,22,1,100.0
GC Smith,PP Ojha,20,14,0,142.86
GC Smith,R Vinay Kumar,17,13,0,130.77
GC Smith,RP Singh,18,22,1,81.82
GC Smith,RR Powar,14,11,1,127.27
GC Smith,S Sreesanth,24,16,0,150.0
GC Smith,SK Raina,18,16,2,112.5
GC Smith,Shahid Afridi,25,22,1,113.64
GC Smith,WPUJC Vaas,17,11,1,154.55
GC Smith,Z Khan,53,35,1,151.43
GH Vihari,AD Mascarenhas,15,12,0,125.0
GH Vihari,B Kumar,3,12,2,25.0
GH Vihari,JP Faulkner,4,13,0,30.77
GH Vihari,MG Johnson,12,13,0,92.31
GH Vihari,P Kumar,8,10,0,80.0
GH Vihari,PP Chawla,20,18,2,111.11
GH Vihari,PP Ojha,18,17,0,105.88
GH Vihari,S Nadeem,11,12,0,91.67
GH Vihari,SL Malinga,16,15,2,106.67
GH Vihari,SR Watson,4,10,0,40.0
GJ Bailey,A Kumble,4,12,0,33.33
GJ Bailey,A Mishra,19,14,1,135.71
GJ Bailey,A Nehra,9,15,2,60.0
GJ Bailey,AB Dinda,18,15,0,120.0
GJ Bailey,AD Russell,15,12,0,125.0
GJ Bailey,B Kumar,16,16,1,100.0
GJ Bailey,DW Steyn,27,15,0,180.0
GJ Bailey,Harbhajan Singh,10,13,1,76.92
GJ Bailey,Imran Tahir,9,11,2,81.82
GJ Bailey,JJ Bumrah,17,11,1,154.55
GJ Bailey,JP Faulkner,28,11,1,254.55
GJ Bailey,KV Sharma,7,11,0,63.64
GJ Bailey,M Morkel,13,12,1,108.33
GJ Bailey,MC Henriques,15,19,3,78.95
GJ Bailey,MM Sharma,42,15,0,280.0
GJ Bailey,NM Coulter-Nile,12,13,0,92.31
GJ Bailey,PP Chawla,31,33,2,93.94
GJ Bailey,SL Malinga,27,16,0,168.75
GJ Bailey,SP Narine,25,22,1,113.64
GJ Bailey,Shakib Al Hasan,24,17,1,141.18
GJ Bailey,UT Yadav,25,14,1,178.57
GJ Bailey,YS Chahal,5,11,1,45.45
GJ Bailey,Z Khan,10,11,0,90.91
GJ Maxwell,A Mishra,80,40,5,200.0
GJ Maxwell,A Nehra,10,10,0,100.0
GJ Maxwell,A Nortje,13,11,0,118.18
GJ Maxwell,AA Chavan,16,10,0,160.0
GJ Maxwell,AD Russell,26,22,0,118.18
GJ Maxwell,AF Milne,31,14,0,221.43
GJ Maxwell,AR Patel,45,35,0,128.57
GJ Maxwell,AS Rajpoot,19,13,1,146.15
GJ Maxwell,Avesh Khan,47,23,0,204.35
GJ Maxwell,B Kumar,39,34,3,114.71
GJ Maxwell,CH Morris,25,11,1,227.27
GJ Maxwell,CV Varun,46,30,4,153.33
GJ Maxwell,DJ Bravo,20,15,2,133.33
GJ Maxwell,DR Smith,43,17,1,252.94
GJ Maxwell,DS Kulkarni,24,13,0,184.62
GJ Maxwell,GB Hogg,39,13,0,300.0
GJ Maxwell,HV Patel,13,14,2,92.86
GJ Maxwell,Harbhajan Singh,60,30,1,200.0
GJ Maxwell,Harpreet Brar,18,17,4,105.88
GJ Maxwell,Harshit Rana,18,10,0,180.0
GJ Maxwell,IC Pandey,19,10,0,190.0
GJ Maxwell,Imran Tahir,45,23,2,195.65
GJ Maxwell,JD Unadkat,23,12,1,191.67
GJ Maxwell,JH Kallis,17,13,0,130.77
GJ Maxwell,JJ Bumrah,44,35,5,125.71
GJ Maxwell,JO Holder,29,18,1,161.11
GJ Maxwell,JP Behrendorff,17,10,1,170.0
GJ Maxwell,JP Faulkner,27,17,1,158.82
GJ Maxwell,K Rabada,23,17,1,135.29
GJ Maxwell,KA Pollard,18,10,0,180.0
GJ Maxwell,KH Pandya,42,35,3,120.0
GJ Maxwell,KV Sharma,75,28,0,267.86
GJ Maxwell,Kartik Tyagi,14,13,1,107.69
GJ Maxwell,Kuldeep Yadav,59,22,4,268.18
GJ Maxwell,LH Ferguson,21,12,1,175.0
GJ Maxwell,M Jansen,12,11,1,109.09
GJ Maxwell,M Morkel,22,15,1,146.67
GJ Maxwell,M Pathirana,26,10,0,260.0
GJ Maxwell,M Prasidh Krishna,14,16,0,87.5
GJ Maxwell,M Theekshana,33,18,2,183.33
GJ Maxwell,MA Wood,7,10,1,70.0
GJ Maxwell,MC Henriques,7,11,1,63.64
GJ Maxwell,MJ McClenaghan,33,14,1,235.71
GJ Maxwell,Mustafizur Rahman,13,12,1,108.33
GJ Maxwell,P Negi,36,18,0,200.0
GJ Maxwell,PJ Cummins,19,13,1,146.15
GJ Maxwell,PJ Sangwan,22,10,0,220.0
GJ Maxwell,PP Chawla,76,45,3,168.89
GJ Maxwell,PV Tambe,11,11,0,100.0
GJ Maxwell,R Ashwin,140,71,4,197.18
GJ Maxwell,R Bhatia,37,17,0,217.65
GJ Maxwell,RA Jadeja,70,51,6,137.25
GJ Maxwell,RD Chahar,65,43,1,151.16
GJ Maxwell,Rashid Khan,49,42,1,116.67
GJ Maxwell,Ravi Bishnoi,37,20,1,185.0
GJ Maxwell,S Nadeem,19,13,0,146.15
GJ Maxwell,SL Malinga,19,15,0,126.67
GJ Maxwell,SN Thakur,22,19,2,115.79
GJ Maxwell,SP Narine,65,67,4,97.01
GJ Maxwell,Sandeep Sharma,25,15,2,166.67
GJ Maxwell,Shakib Al Hasan,36,22,0,163.64
GJ Maxwell,T Natarajan,22,17,2,129.41
GJ Maxwell,TA Boult,31,24,2,129.17
GJ Maxwell,TK Curran,18,10,0,180.0
GJ Maxwell,UT Yadav,17,19,3,89.47
GJ Maxwell,Umran Malik,8,10,0,80.0
GJ Maxwell,YS Chahal,65,46,3,141.3
Gurkeerat Singh,A Mishra,19,13,1,146.15
Gurkeerat Singh,AD Russell,20,10,3,200.0
Gurkeerat Singh,B Kumar,11,10,1,110.0
Gurkeerat Singh,Basil Thampi,23,17,0,135.29
Gurkeerat Singh,CV Varun,14,10,0,140.0
Gurkeerat Singh,IK Pathan,27,11,0,245.45
Gurkeerat Singh,LH Ferguson,7,16,1,43.75
Gurkeerat Singh,MC Henriques,18,17,1,105.88
Gurkeerat Singh,R Ashwin,39,25,2,156.0
Gurkeerat Singh,RA Jadeja,13,14,1,92.86
Gurkeerat Singh,Rashid Khan,11,11,0,100.0
Gurkeerat Singh,SK Trivedi,9,11,1,81.82
Gurkeerat Singh,T Natarajan,6,11,0,54.55
H Klaasen,A Nortje,36,18,1,200.0
H Klaasen,AD Russell,31,16,0,193.75
H Klaasen,AR Patel,29,19,1,152.63
H Klaasen,Arshdeep Singh,13,11,0,118.18
H Klaasen,Avesh Khan,15,15,1,100.0
H Klaasen,CV Varun,77,35,1,220.0
H Klaasen,DL Chahar,28,15,0,186.67
H Klaasen,DS Rathi,19,10,0,190.0
H Klaasen,G Coetzee,18,13,0,138.46
H Klaasen,HH Pandya,27,14,0,192.86
H Klaasen,HV Patel,35,22,2,159.09
H Klaasen,Harshit Rana,48,26,2,184.62
H Klaasen,JJ Bumrah,40,23,2,173.91
H Klaasen,KV Sharma,28,10,0,280.0
H Klaasen,Kuldeep Yadav,31,18,0,172.22
H Klaasen,LH Ferguson,19,11,1,172.73
H Klaasen,M Prasidh Krishna,8,11,1,72.73
H Klaasen,MA Starc,32,13,0,246.15
H Klaasen,MJ Santner,14,12,0,116.67
H Klaasen,MM Sharma,17,15,1,113.33
H Klaasen,Mohammed Siraj,28,14,1,200.0
H Klaasen,Noor Ahmad,43,16,0,268.75
H Klaasen,PP Chawla,29,17,2,170.59
H Klaasen,RA Jadeja,18,18,1,100.0
H Klaasen,Rashid Khan,46,32,1,143.75
H Klaasen,Ravi Bishnoi,21,10,0,210.0
H Klaasen,SN Thakur,41,27,3,151.85
H Klaasen,SP Narine,76,43,0,176.74
H Klaasen,Sandeep Sharma,36,21,2,171.43
H Klaasen,Shahbaz Ahmed,32,12,0,266.67
H Klaasen,TA Boult,33,21,0,157.14
H Klaasen,YS Chahal,56,30,1,186.67
H Klaasen,Yash Dayal,17,10,0,170.0
HC Brook,CV Varun,17,12,0,141.67
HC Brook,UT Yadav,31,11,0,281.82
HH Gibbs,A Kumble,15,19,1,78.95
HH Gibbs,A Mishra,5,12,1,41.67
HH Gibbs,AB Dinda,16,11,1,145.45
HH Gibbs,AD Mathews,19,19,0,100.0
HH Gibbs,B Akhil,12,12,1,100.0
HH Gibbs,B Lee,34,25,0,136.0
HH Gibbs,BJ Hodge,12,12,0,100.0
HH Gibbs,DJ Bravo,13,11,0,118.18
HH Gibbs,DP Nannes,22,14,1,157.14
HH Gibbs,DW Steyn,24,24,1,100.0
HH Gibbs,Harbhajan Singh,28,20,0,140.0
HH Gibbs,I Sharma,11,14,0,78.57
HH Gibbs,JA Morkel,16,15,0,106.67
HH Gibbs,JDP Oram,12,10,0,120.0
HH Gibbs,JH Kallis,33,29,0,113.79
HH Gibbs,L Balaji,19,20,0,95.0
HH Gibbs,M Kartik,28,37,1,75.68
HH Gibbs,M Muralitharan,27,27,0,100.0
HH Gibbs,M Ntini,14,14,1,100.0
HH Gibbs,MS Gony,22,11,1,200.0
HH Gibbs,P Kumar,46,25,2,184.0
HH Gibbs,PP Chawla,30,32,2,93.75
HH Gibbs,R Ashwin,12,19,1,63.16
HH Gibbs,R Bhatia,16,13,0,123.08
HH Gibbs,R Vinay Kumar,30,20,1,150.0
HH Gibbs,RE van der Merwe,26,19,0,136.84
HH Gibbs,S Sreesanth,28,31,0,90.32
HH Gibbs,SE Bond,9,10,1,90.0
HH Gibbs,SK Raina,12,12,0,100.0
HH Gibbs,SL Malinga,6,12,0,50.0
HH Gibbs,SP Narine,21,20,0,105.0
HH Gibbs,Shakib Al Hasan,11,20,0,55.0
HH Gibbs,V Kohli,12,12,0,100.0
HH Gibbs,Yuvraj Singh,4,10,2,40.0
HH Gibbs,Z Khan,32,25,3,128.0
HH Pandya,A Mishra,9,14,2,64.29
HH Pandya,A Nortje,49,34,2,144.12
HH Pandya,A Zampa,51,20,0,255.0
HH Pandya,AD Russell,35,23,2,152.17
HH Pandya,AJ Tye,27,22,2,122.73
HH Pandya,AR Patel,46,42,1,109.52
HH Pandya,AS Rajpoot,40,10,0,400.0
HH Pandya,Akash Madhwal,25,13,0,192.31
HH Pandya,Arshdeep Singh,20,27,1,74.07
HH Pandya,Avesh Khan,35,40,3,87.5
HH Pandya,B Kumar,30,25,1,120.0
HH Pandya,BA Stokes,11,11,1,100.0
HH Pandya,C de Grandhomme,14,10,0,140.0
HH Pandya,CH Morris,41,25,2,164.0
HH Pandya,CV Varun,22,25,1,88.0
HH Pandya,DJ Bravo,55,37,1,148.65
HH Pandya,DS Kulkarni,15,10,1,150.0
HH Pandya,DT Christian,11,11,1,100.0
HH Pandya,GC Viljoen,23,14,0,164.29
HH Pandya,GJ Maxwell,10,10,0,100.0
HH Pandya,HV Patel,24,16,4,150.0
HH Pandya,I Sharma,33,23,0,143.48
HH Pandya,Imran Tahir,16,20,1,80.0
HH Pandya,JC Archer,41,33,2,124.24
HH Pandya,JD Unadkat,59,29,2,203.45
HH Pandya,JDS Neesham,24,10,0,240.0
HH Pandya,JP Behrendorff,7,10,1,70.0
HH Pandya,JR Hazlewood,35,14,1,250.0
HH Pandya,K Rabada,53,38,3,139.47
HH Pandya,KH Pandya,29,31,1,93.55
HH Pandya,KK Ahmed,37,26,3,142.31
HH Pandya,KR Sen,24,12,0,200.0
HH Pandya,Kartik Tyagi,30,10,0,300.0
HH Pandya,Kuldeep Yadav,46,39,0,117.95
HH Pandya,M Jansen,16,10,1,160.0
HH Pandya,M Prasidh Krishna,61,40,1,152.5
HH Pandya,MP Stoinis,28,18,2,155.56
HH Pandya,Mohammed Shami,44,23,2,191.3
HH Pandya,Mohammed Siraj,40,27,0,148.15
HH Pandya,Mohsin Khan,8,10,2,80.0
HH Pandya,Navdeep Saini,20,10,0,200.0
HH Pandya,OC McCoy,25,17,0,147.06
HH Pandya,P Negi,39,11,0,354.55
HH Pandya,PJ Cummins,62,31,0,200.0
HH Pandya,PP Chawla,46,22,2,209.09
HH Pandya,PWH de Silva,13,16,0,81.25
HH Pandya,R Ashwin,79,48,0,164.58
HH Pandya,RA Jadeja,18,16,2,112.5
HH Pandya,Rashid Khan,26,36,2,72.22
HH Pandya,Ravi Bishnoi,63,30,0,210.0
HH Pandya,S Kaul,21,25,2,84.0
HH Pandya,SN Thakur,33,18,1,183.33
HH Pandya,SP Narine,70,45,0,155.56
HH Pandya,Sandeep Sharma,15,11,1,136.36
HH Pandya,Shivam Mavi,20,14,0,142.86
HH Pandya,T Natarajan,23,15,0,153.33
HH Pandya,TA Boult,42,26,1,161.54
HH Pandya,TG Southee,20,17,2,117.65
HH Pandya,TK Curran,28,16,1,175.0
HH Pandya,UT Yadav,43,22,1,195.45
HH Pandya,Umran Malik,28,18,1,155.56
HH Pandya,Washington Sundar,20,18,0,111.11
HH Pandya,YS Chahal,67,71,4,94.37
HM Amla,A Nehra,25,11,0,227.27
HM Amla,AB Dinda,8,11,0,72.73
HM Amla,Ankit Soni,16,10,0,160.0
HM Amla,B Kumar,11,10,2,110.0
HM Amla,B Stanlake,14,10,0,140.0
HM Amla,Basil Thampi,41,18,1,227.78
HM Amla,CH Morris,9,12,1,75.0
HM Amla,DS Kulkarni,15,14,0,107.14
HM Amla,JP Faulkner,25,13,0,192.31
HM Amla,KH Pandya,20,15,0,133.33
HM Amla,KV Sharma,12,11,0,109.09
HM Amla,MC Henriques,21,10,0,210.0
HM Amla,MJ McClenaghan,12,12,0,100.0
HM Amla,RA Jadeja,25,16,0,156.25
HM Amla,SL Malinga,51,16,0,318.75
HM Amla,YS Chahal,31,22,0,140.91
HR Shokeen,D Pretorius,16,12,0,133.33
HR Shokeen,DJ Bravo,11,10,1,110.0
HR Shokeen,RA Jadeja,17,12,0,141.67
HV Patel,DJ Bravo,29,11,1,263.64
HV Patel,JJ Bumrah,10,10,2,100.0
Harbhajan Singh,AB Dinda,13,14,2,92.86
Harbhajan Singh,Anureet Singh,29,10,1,290.0
Harbhajan Singh,B Kumar,8,15,1,53.33
Harbhajan Singh,B Lee,23,14,0,164.29
Harbhajan Singh,DE Bollinger,21,11,1,190.91
Harbhajan Singh,DJ Bravo,46,33,4,139.39
Harbhajan Singh,IK Pathan,13,11,1,118.18
Harbhajan Singh,M Ashwin,9,11,0,81.82
Harbhajan Singh,MM Sharma,37,25,2,148.0
Harbhajan Singh,Mustafizur Rahman,16,15,0,106.67
Harbhajan Singh,R Ashwin,15,17,1,88.24
Harbhajan Singh,R Bhatia,9,10,1,90.0
Harbhajan Singh,RA Jadeja,13,12,0,108.33
Harbhajan Singh,RP Singh,35,13,1,269.23
Harbhajan Singh,SB Jakati,4,10,0,40.0
Harpreet Brar,HV Patel,30,12,1,250.0
Harpreet Brar,JJ Bumrah,11,16,0,68.75
Harpreet Brar,Mohammed Siraj,5,11,1,45.45
Harpreet Singh,HR Shokeen,12,13,0,92.31
Harpreet Singh,SR Watson,6,10,1,60.0
IK Pathan,A Mishra,29,35,2,82.86
IK Pathan,A Nehra,11,10,1,110.0
IK Pathan,AD Mathews,19,15,1,126.67
IK Pathan,AG Murtaza,7,11,1,63.64
IK Pathan,DE Bollinger,25,14,0,178.57
IK Pathan,DJ Bravo,21,25,2,84.0
IK Pathan,DJ Hussey,10,13,0,76.92
IK Pathan,DW Steyn,8,15,2,53.33
IK Pathan,Harbhajan Singh,27,24,0,112.5
IK Pathan,I Sharma,35,23,0,152.17
IK Pathan,JA Morkel,44,22,0,200.0
IK Pathan,JH Kallis,22,19,0,115.79
IK Pathan,L Balaji,16,13,1,123.08
IK Pathan,MS Gony,10,11,0,90.91
IK Pathan,P Kumar,23,16,2,143.75
IK Pathan,PJ Sangwan,25,10,0,250.0
IK Pathan,PP Chawla,19,19,0,100.0
IK Pathan,PP Ojha,11,14,2,78.57
IK Pathan,R Ashwin,19,17,0,111.76
IK Pathan,R Bhatia,17,16,0,106.25
IK Pathan,RP Singh,55,26,1,211.54
IK Pathan,SK Raina,6,10,0,60.0
IK Pathan,SK Trivedi,13,21,1,61.9
IK Pathan,SK Warne,39,24,1,162.5
IK Pathan,SL Malinga,17,14,2,121.43
IK Pathan,SP Narine,22,19,2,115.79
IK Pathan,Umar Gul,11,15,1,73.33
IK Pathan,YK Pathan,31,23,0,134.78
IK Pathan,Z Khan,26,20,3,130.0
Iqbal Abdulla,DJ Bravo,16,13,1,123.08
Iqbal Abdulla,SL Malinga,9,10,0,90.0
Ishan Kishan,A Nortje,76,33,0,230.3
Ishan Kishan,AD Russell,22,13,0,169.23
Ishan Kishan,AR Patel,84,56,1,150.0
Ishan Kishan,AS Rajpoot,23,17,0,135.29
Ishan Kishan,Akash Deep,14,14,2,100.0
Ishan Kishan,Arshdeep Singh,32,16,2,200.0
Ishan Kishan,B Kumar,72,41,1,175.61
Ishan Kishan,BA Stokes,12,12,1,100.0
Ishan Kishan,C Sakariya,24,13,0,184.62
Ishan Kishan,CV Varun,21,17,1,123.53
Ishan Kishan,DJ Bravo,22,16,1,137.5
Ishan Kishan,DJ Hooda,10,11,0,90.91
Ishan Kishan,DL Chahar,30,25,2,120.0
Ishan Kishan,DS Kulkarni,18,14,1,128.57
Ishan Kishan,GJ Maxwell,38,23,0,165.22
Ishan Kishan,Harbhajan Singh,27,30,0,90.0
Ishan Kishan,Imran Tahir,45,29,5,155.17
Ishan Kishan,JC Archer,39,22,0,177.27
Ishan Kishan,JD Unadkat,31,20,1,155.0
Ishan Kishan,JO Holder,24,15,0,160.0
Ishan Kishan,JR Hazlewood,33,18,0,183.33
Ishan Kishan,K Gowtham,17,18,1,94.44
Ishan Kishan,K Rabada,58,34,2,170.59
Ishan Kishan,KH Pandya,60,38,0,157.89
Ishan Kishan,KK Ahmed,58,35,0,165.71
Ishan Kishan,Kuldeep Yadav,46,25,2,184.0
Ishan Kishan,Lalit Yadav,24,30,1,80.0
Ishan Kishan,M Jansen,15,13,2,115.38
Ishan Kishan,M Prasidh Krishna,34,26,1,130.77
Ishan Kishan,M Theekshana,25,12,0,208.33
Ishan Kishan,MM Sharma,28,14,0,200.0
Ishan Kishan,MP Stoinis,46,36,2,127.78
Ishan Kishan,Mohammad Nabi,25,24,1,104.17
Ishan Kishan,Mohammed Shami,56,49,0,114.29
Ishan Kishan,Mohammed Siraj,77,53,2,145.28
Ishan Kishan,Mohsin Khan,17,14,0,121.43
Ishan Kishan,Mujeeb Ur Rahman,10,13,2,76.92
Ishan Kishan,Mustafizur Rahman,31,13,0,238.46
Ishan Kishan,NT Ellis,13,10,0,130.0
Ishan Kishan,Naveen-ul-Haq,14,14,1,100.0
Ishan Kishan,Noor Ahmad,22,12,1,183.33
Ishan Kishan,P Dubey,28,14,0,200.0
Ishan Kishan,PJ Cummins,22,21,4,104.76
Ishan Kishan,PVD Chameera,6,12,0,50.0
Ishan Kishan,PWH de Silva,21,10,1,210.0
Ishan Kishan,R Ashwin,57,63,1,90.48
Ishan Kishan,R Tewatia,35,13,0,269.23
Ishan Kishan,RA Jadeja,34,31,1,109.68
Ishan Kishan,RJW Topley,23,16,0,143.75
Ishan Kishan,Rashid Khan,78,67,3,116.42
Ishan Kishan,Ravi Bishnoi,34,38,4,89.47
Ishan Kishan,S Aravind,33,13,0,253.85
Ishan Kishan,S Gopal,19,14,1,135.71
Ishan Kishan,S Kaul,44,25,1,176.0
Ishan Kishan,SM Curran,16,12,0,133.33
Ishan Kishan,SN Thakur,60,33,1,181.82
Ishan Kishan,SP Narine,54,38,2,142.11
Ishan Kishan,SSB Magala,26,10,0,260.0
Ishan Kishan,Sandeep Sharma,63,41,3,153.66
Ishan Kishan,Suyash Sharma,21,13,0,161.54
Ishan Kishan,T Natarajan,20,22,1,90.91
Ishan Kishan,TA Boult,36,38,2,94.74
Ishan Kishan,TU Deshpande,24,22,0,109.09
Ishan Kishan,UT Yadav,14,12,1,116.67
Ishan Kishan,Umran Malik,33,16,2,206.25
Ishan Kishan,VG Arora,20,20,3,100.0
Ishan Kishan,Washington Sundar,39,42,0,92.86
Ishan Kishan,YS Chahal,34,21,3,161.9
Ishan Kishan,Z Khan,12,10,0,120.0
J Botha,A Mishra,27,29,0,93.1
J Botha,DT Christian,24,11,0,218.18
J Botha,DW Steyn,13,16,1,81.25
J Botha,Harbhajan Singh,13,11,0,118.18
J Botha,I Sharma,9,10,0,90.0
J Botha,JO Holder,22,13,0,169.23
J Botha,M Morkel,6,11,0,54.55
J Botha,PP Ojha,29,13,0,223.08
J Botha,R Ashwin,6,12,1,50.0
J Botha,RA Jadeja,10,11,1,90.91
J Botha,V Kohli,9,10,0,90.0
J Fraser-McGurk,S Sandeep Warrier,21,11,1,190.91
J Fraser-McGurk,TA Boult,21,12,0,175.0
J Fraser-McGurk,Yash Thakur,15,11,0,136.36
JA Morkel,A Nehra,18,15,1,120.0
JA Morkel,AA Jhunjhunwala,17,15,1,113.33
JA Morkel,DJ Bravo,29,16,0,181.25
JA Morkel,DW Steyn,9,12,2,75.0
JA Morkel,GJ Maxwell,26,12,0,216.67
JA Morkel,IC Pandey,16,13,0,123.08
JA Morkel,JH Kallis,22,17,1,129.41
JA Morkel,KA Pollard,5,10,1,50.0
JA Morkel,L Balaji,9,13,1,69.23
JA Morkel,MM Patel,24,16,0,150.0
JA Morkel,P Awana,14,11,1,127.27
JA Morkel,P Kumar,19,19,1,100.0
JA Morkel,PJ Sangwan,20,13,1,153.85
JA Morkel,PP Ojha,19,18,2,105.56
JA Morkel,Pankaj Singh,19,10,0,190.0
JA Morkel,R Ashwin,13,18,0,72.22
JA Morkel,R Vinay Kumar,24,14,2,171.43
JA Morkel,RP Singh,28,18,1,155.56
JA Morkel,SK Warne,89,37,0,240.54
JA Morkel,SR Watson,19,20,1,95.0
JA Morkel,SW Tait,14,11,1,127.27
JA Morkel,V Sehwag,25,11,1,227.27
JA Morkel,YK Pathan,47,31,1,151.61
JA Morkel,Z Khan,16,13,0,123.08
JA Richardson,RA Jadeja,7,11,0,63.64
JC Archer,JJ Bumrah,19,16,1,118.75
JC Archer,M Prasidh Krishna,23,11,1,209.09
JC Archer,SN Thakur,21,10,0,210.0
JC Buttler,A Mishra,19,14,2,135.71
JC Buttler,A Nortje,51,24,1,212.5
JC Buttler,AD Russell,53,23,1,230.43
JC Buttler,AJ Tye,22,16,0,137.5
JC Buttler,AR Patel,82,62,1,132.26
JC Buttler,AS Joseph,50,18,0,277.78
JC Buttler,AS Rajpoot,27,16,1,168.75
JC Buttler,Akash Deep,29,11,0,263.64
JC Buttler,Arshdeep Singh,38,20,1,190.0
JC Buttler,Avesh Khan,71,35,2,202.86
JC Buttler,B Kumar,63,56,2,112.5
JC Buttler,Basil Thampi,34,10,0,340.0
JC Buttler,C Green,17,15,0,113.33
JC Buttler,CH Morris,37,18,1,205.56
JC Buttler,CJ Jordan,31,11,0,281.82
JC Buttler,CR Woakes,20,15,2,133.33
JC Buttler,CV Varun,61,36,2,169.44
JC Buttler,DJ Bravo,25,21,2,119.05
JC Buttler,DJ Willey,31,23,0,134.78
JC Buttler,DL Chahar,72,45,0,160.0
JC Buttler,DR Sams,30,22,0,136.36
JC Buttler,DR Smith,11,10,0,110.0
JC Buttler,Fazalhaq Farooqi,25,13,1,192.31
JC Buttler,GJ Maxwell,21,15,0,140.0
JC Buttler,HH Pandya,79,44,2,179.55
JC Buttler,HR Shokeen,32,11,1,290.91
JC Buttler,HV Patel,40,27,0,148.15
JC Buttler,Harshit Rana,40,22,1,181.82
JC Buttler,I Sharma,13,15,0,86.67
JC Buttler,Imran Tahir,19,11,1,172.73
JC Buttler,J Yadav,21,10,0,210.0
JC Buttler,JC Archer,29,16,0,181.25
JC Buttler,JJ Bumrah,69,73,2,94.52
JC Buttler,JR Hazlewood,47,32,1,146.88
JC Buttler,K Kartikeya,14,15,0,93.33
JC Buttler,K Rabada,47,29,2,162.07
JC Buttler,KA Pollard,33,17,0,194.12
JC Buttler,KH Pandya,64,39,0,164.1
JC Buttler,KK Ahmed,61,46,2,132.61
JC Buttler,Kuldeep Yadav,86,61,2,140.98
JC Buttler,LH Ferguson,16,10,1,160.0
JC Buttler,Lalit Yadav,26,12,0,216.67
JC Buttler,M Ashwin,35,21,0,166.67
JC Buttler,M Jansen,46,26,1,176.92
JC Buttler,M Markande,38,24,0,158.33
JC Buttler,M Prasidh Krishna,12,11,0,109.09
JC Buttler,M Theekshana,55,38,1,144.74
JC Buttler,MA Starc,51,24,1,212.5
JC Buttler,MJ McClenaghan,12,11,0,109.09
JC Buttler,MM Sharma,42,20,2,210.0
JC Buttler,MP Stoinis,38,31,2,122.58
JC Buttler,Mohammed Shami,86,65,2,132.31
JC Buttler,Mohammed Siraj,55,42,2,130.95
JC Buttler,Mohsin Khan,11,10,0,110.0
JC Buttler,Mujeeb Ur Rahman,61,43,3,141.86
JC Buttler,Mukesh Kumar,33,21,1,157.14
JC Buttler,Mustafizur Rahman,20,12,1,166.67
JC Buttler,Navdeep Saini,19,16,1,118.75
JC Buttler,Naveen-ul-Haq,13,12,1,108.33
JC Buttler,P Kumar,9,14,0,64.29
JC Buttler,PJ Cummins,55,37,3,148.65
JC Buttler,PP Chawla,37,29,2,127.59
JC Buttler,PWH de Silva,52,28,0,185.71
JC Buttler,R Ashwin,33,33,1,100.0
JC Buttler,RA Jadeja,64,52,2,123.08
JC Buttler,RD Chahar,43,26,2,165.38
JC Buttler,RJW Topley,12,11,0,109.09
JC Buttler,RP Meredith,21,15,0,140.0
JC Buttler,Rashid Khan,30,50,4,60.0
JC Buttler,Rasikh Salam,27,12,0,225.0
JC Buttler,Ravi Bishnoi,14,18,1,77.78
JC Buttler,SB Jakati,8,10,0,80.0
JC Buttler,SM Curran,34,21,0,161.9
JC Buttler,SN Thakur,69,49,2,140.82
JC Buttler,SP Narine,62,59,1,105.08
JC Buttler,SR Watson,15,13,0,115.38
JC Buttler,Sandeep Sharma,91,48,1,189.58
JC Buttler,Shahbaz Ahmed,44,21,0,209.52
JC Buttler,Shakib Al Hasan,9,10,0,90.0
JC Buttler,Shivam Mavi,59,40,2,147.5
JC Buttler,T Natarajan,38,24,1,158.33
JC Buttler,TA Boult,32,28,0,114.29
JC Buttler,TS Mills,9,11,0,81.82
JC Buttler,TU Deshpande,30,26,0,115.38
JC Buttler,UT Yadav,54,37,0,145.95
JC Buttler,V Nigam,29,14,0,207.14
JC Buttler,Washington Sundar,29,18,0,161.11
JC Buttler,YS Chahal,29,32,1,90.62
JC Buttler,Yash Dayal,99,49,0,202.04
JC Buttler,Zeeshan Ansari,22,11,1,200.0
JD Ryder,DE Bollinger,16,12,1,133.33
JD Ryder,DW Steyn,22,15,1,146.67
JD Ryder,IK Pathan,30,25,2,120.0
JD Ryder,J Botha,13,10,1,130.0
JD Ryder,JP Duminy,18,11,0,163.64
JD Ryder,KMDN Kulasekara,42,27,2,155.56
JD Ryder,M Morkel,21,11,1,190.91
JD Ryder,P Kumar,25,25,1,100.0
JD Ryder,R Ashwin,19,20,2,95.0
JD Ryder,RR Bose,24,12,0,200.0
JD Ryder,S Nadeem,28,17,1,164.71
JD Ryder,SK Raina,8,11,0,72.73
JD Ryder,UT Yadav,36,17,0,211.76
JD Ryder,Z Khan,28,14,0,200.0
JD Unadkat,DJ Bravo,21,11,0,190.91
JD Unadkat,HV Patel,15,11,1,136.36
JD Unadkat,Kuldeep Yadav,6,10,1,60.0
JD Unadkat,Mohammed Siraj,4,10,0,40.0
JDS Neesham,RA Jadeja,15,10,1,150.0
JEC Franklin,Azhar Mahmood,10,10,1,100.0
JEC Franklin,B Kumar,12,12,1,100.0
JEC Franklin,BA Bhatt,27,13,0,207.69
JEC Franklin,JA Morkel,14,14,0,100.0
JEC Franklin,L Balaji,33,15,0,220.0
JEC Franklin,MN Samuels,6,12,0,50.0
JEC Franklin,P Awana,16,13,0,123.08
JEC Franklin,P Kumar,33,23,1,143.48
JEC Franklin,PP Chawla,13,12,0,108.33
JEC Franklin,R Ashwin,10,13,0,76.92
JEC Franklin,R Sharma,5,11,0,45.45
JEC Franklin,WD Parnell,11,11,0,100.0
JG Bethell,KK Ahmed,20,10,0,200.0
JH Kallis,A Mishra,30,39,2,76.92
JH Kallis,A Mithun,13,10,1,130.0
JH Kallis,A Nehra,31,27,0,114.81
JH Kallis,A Singh,16,24,3,66.67
JH Kallis,A Symonds,21,23,0,91.3
JH Kallis,AA Chavan,7,11,0,63.64
JH Kallis,AB Agarkar,19,14,1,135.71
JH Kallis,AB Dinda,13,16,1,81.25
JH Kallis,AD Mathews,6,13,1,46.15
JH Kallis,AM Nayar,17,18,0,94.44
JH Kallis,AM Salvi,13,15,0,86.67
JH Kallis,AN Ahmed,14,16,0,87.5
JH Kallis,B Kumar,6,10,0,60.0
JH Kallis,BA Bhatt,34,29,2,117.24
JH Kallis,Bipul Sharma,32,11,0,290.91
JH Kallis,CH Gayle,12,12,0,100.0
JH Kallis,CK Langeveldt,18,14,1,128.57
JH Kallis,CRD Fernando,11,10,0,110.0
JH Kallis,DJ Bravo,45,40,3,112.5
JH Kallis,DL Vettori,45,43,3,104.65
JH Kallis,DR Smith,15,15,1,100.0
JH Kallis,DW Steyn,26,21,3,123.81
JH Kallis,GB Hogg,23,20,0,115.0
JH Kallis,GD McGrath,10,13,0,76.92
JH Kallis,Harbhajan Singh,49,46,2,106.52
JH Kallis,Harmeet Singh,17,16,1,106.25
JH Kallis,I Sharma,78,61,2,127.87
JH Kallis,IK Pathan,56,46,2,121.74
JH Kallis,J Botha,13,18,1,72.22
JH Kallis,J Syed Mohammad,4,11,0,36.36
JH Kallis,JA Morkel,65,54,2,120.37
JH Kallis,JD Unadkat,15,16,0,93.75
JH Kallis,KA Pollard,45,27,0,166.67
JH Kallis,L Balaji,17,10,2,170.0
JH Kallis,M Kartik,18,27,1,66.67
JH Kallis,M Morkel,40,25,1,160.0
JH Kallis,M Muralitharan,25,20,0,125.0
JH Kallis,MF Maharoof,22,17,1,129.41
JH Kallis,MG Johnson,19,24,0,79.17
JH Kallis,MM Patel,56,46,2,121.74
JH Kallis,MR Marsh,13,10,1,130.0
JH Kallis,MS Gony,30,22,2,136.36
JH Kallis,NLTC Perera,12,11,0,109.09
JH Kallis,P Kumar,5,13,0,38.46
JH Kallis,P Negi,6,13,0,46.15
JH Kallis,PJ Sangwan,31,25,1,124.0
JH Kallis,PP Chawla,34,37,0,91.89
JH Kallis,PP Ojha,89,84,3,105.95
JH Kallis,R Ashwin,36,38,2,94.74
JH Kallis,R Bhatia,19,13,0,146.15
JH Kallis,R Rampaul,10,15,0,66.67
JH Kallis,R Vinay Kumar,25,26,3,96.15
JH Kallis,RA Jadeja,25,24,0,104.17
JH Kallis,RJ Harris,36,41,0,87.8
JH Kallis,RP Singh,51,48,4,106.25
JH Kallis,RS Bopara,10,10,0,100.0
JH Kallis,S Nadeem,14,12,1,116.67
JH Kallis,S Narwal,10,10,0,100.0
JH Kallis,S Randiv,9,13,1,69.23
JH Kallis,S Sreesanth,21,26,0,80.77
JH Kallis,SB Jakati,56,46,2,121.74
JH Kallis,SC Ganguly,14,14,0,100.0
JH Kallis,SK Trivedi,38,30,2,126.67
JH Kallis,SK Warne,18,23,0,78.26
JH Kallis,SL Malinga,84,64,3,131.25
JH Kallis,SR Watson,24,19,0,126.32
JH Kallis,ST Jayasuriya,17,19,0,89.47
JH Kallis,UT Yadav,45,39,2,115.38
JH Kallis,VR Aaron,8,12,0,66.67
JH Kallis,VY Mahesh,23,20,0,115.0
JH Kallis,WPUJC Vaas,18,12,1,150.0
JH Kallis,YA Abdulla,30,22,1,136.36
JH Kallis,YS Chahal,15,18,1,83.33
JH Kallis,Yuvraj Singh,42,24,1,175.0
JH Kallis,Z Khan,92,65,0,141.54
JJ Roy,A Dananjaya,18,12,0,150.0
JJ Roy,B Kumar,27,25,1,108.0
JJ Roy,CH Morris,18,10,0,180.0
JJ Roy,I Sharma,9,11,0,81.82
JJ Roy,JJ Bumrah,39,21,0,185.71
JJ Roy,KH Pandya,30,21,1,142.86
JJ Roy,Mustafizur Rahman,24,19,0,126.32
JJ Roy,PP Chawla,15,12,1,125.0
JJ Roy,R Tewatia,25,13,0,192.31
JJ Roy,Shahbaz Ahmed,37,19,0,194.74
JJ Roy,TA Boult,25,20,2,125.0
JJ Roy,TU Deshpande,9,11,0,81.82
JJ Roy,UT Yadav,13,13,0,100.0
JJ Roy,YS Chahal,12,17,2,70.59
JM Bairstow,A Mishra,17,11,0,154.55
JM Bairstow,A Nortje,18,13,1,138.46
JM Bairstow,AD Russell,42,19,0,221.05
JM Bairstow,AR Patel,27,25,0,108.0
JM Bairstow,Arshdeep Singh,35,28,0,125.0
JM Bairstow,Avesh Khan,12,11,0,109.09
JM Bairstow,Azmatullah Omarzai,30,12,0,250.0
JM Bairstow,CH Morris,19,12,0,158.33
JM Bairstow,CV Varun,38,17,0,223.53
JM Bairstow,DL Chahar,23,22,1,104.55
JM Bairstow,FA Allen,14,17,0,82.35
JM Bairstow,GJ Maxwell,32,13,0,246.15
JM Bairstow,Harshit Rana,17,10,0,170.0
JM Bairstow,I Sharma,22,14,0,157.14
JM Bairstow,Imran Tahir,5,10,0,50.0
JM Bairstow,JC Archer,12,13,1,92.31
JM Bairstow,JJ Bumrah,7,11,0,63.64
JM Bairstow,K Rabada,27,20,1,135.0
JM Bairstow,KA Jamieson,17,12,0,141.67
JM Bairstow,KH Pandya,32,23,1,139.13
JM Bairstow,KK Ahmed,21,11,1,190.91
JM Bairstow,KR Sen,15,10,0,150.0
JM Bairstow,Kartik Tyagi,12,10,1,120.0
JM Bairstow,LH Ferguson,17,12,2,141.67
JM Bairstow,M Ashwin,28,29,1,96.55
JM Bairstow,M Prasidh Krishna,49,26,0,188.46
JM Bairstow,MM Ali,22,12,0,183.33
JM Bairstow,MP Stoinis,9,11,0,81.82
JM Bairstow,Mohammed Shami,27,26,1,103.85
JM Bairstow,Mohammed Siraj,69,35,1,197.14
JM Bairstow,Mujeeb Ur Rahman,24,18,1,133.33
JM Bairstow,Mustafizur Rahman,17,12,0,141.67
JM Bairstow,Navdeep Saini,12,11,0,109.09
JM Bairstow,P Ray Barman,41,15,0,273.33
JM Bairstow,PJ Cummins,10,19,3,52.63
JM Bairstow,PP Chawla,45,22,1,204.55
JM Bairstow,R Ashwin,11,13,0,84.62
JM Bairstow,RA Jadeja,36,31,1,116.13
JM Bairstow,Ravi Bishnoi,35,23,1,152.17
JM Bairstow,S Gopal,21,21,1,100.0
JM Bairstow,SN Thakur,27,15,0,180.0
JM Bairstow,SP Narine,31,26,0,119.23
JM Bairstow,Shakib Al Hasan,10,10,0,100.0
JM Bairstow,TA Boult,65,34,1,191.18
JM Bairstow,UT Yadav,59,31,1,190.32
JM Bairstow,YS Chahal,29,35,4,82.86
JM Kemp,PP Ojha,14,12,1,116.67
JM Sharma,AR Patel,13,15,2,86.67
JM Sharma,AS Joseph,9,13,0,69.23
JM Sharma,Avesh Khan,18,14,1,128.57
JM Sharma,HH Pandya,19,11,0,172.73
JM Sharma,HV Patel,9,10,1,90.0
JM Sharma,I Sharma,27,13,0,207.69
JM Sharma,JC Archer,23,14,0,164.29
JM Sharma,JD Unadkat,37,15,1,246.67
JM Sharma,JJ Bumrah,17,14,0,121.43
JM Sharma,KA Maharaj,9,10,0,90.0
JM Sharma,KR Sen,24,12,0,200.0
JM Sharma,Kuldeep Yadav,31,28,2,110.71
JM Sharma,M Jansen,5,13,1,38.46
JM Sharma,M Prasidh Krishna,12,12,0,100.0
JM Sharma,MM Sharma,5,10,1,50.0
JM Sharma,Mohammed Siraj,7,10,1,70.0
JM Sharma,Nithish Kumar Reddy,27,10,1,270.0
JM Sharma,R Ashwin,17,11,0,154.55
JM Sharma,Rashid Khan,37,23,1,160.87
JM Sharma,Sandeep Sharma,26,11,0,236.36
JM Sharma,TA Boult,36,15,0,240.0
JM Sharma,YS Chahal,41,35,3,117.14
JO Holder,Arshdeep Singh,9,12,0,75.0
JO Holder,HV Patel,26,17,2,152.94
JO Holder,NT Ellis,24,10,0,240.0
JO Holder,SP Narine,2,10,0,20.0
JP Duminy,A Kumble,12,13,1,92.31
JP Duminy,A Mithun,19,12,0,158.33
JP Duminy,A Nehra,9,12,0,75.0
JP Duminy,A Singh,30,10,0,300.0
JP Duminy,AB Dinda,49,22,1,222.73
JP Duminy,B Kumar,22,20,1,110.0
JP Duminy,CH Gayle,15,14,0,107.14
JP Duminy,DJ Hooda,11,13,0,84.62
JP Duminy,DP Nannes,9,10,2,90.0
JP Duminy,DR Smith,16,16,1,100.0
JP Duminy,DS Kulkarni,19,24,0,79.17
JP Duminy,DW Steyn,24,15,1,160.0
JP Duminy,HV Patel,16,16,0,100.0
JP Duminy,Harbhajan Singh,35,35,1,100.0
JP Duminy,IC Pandey,11,14,2,78.57
JP Duminy,IK Pathan,17,20,0,85.0
JP Duminy,J Botha,21,22,0,95.45
JP Duminy,JA Morkel,16,13,1,123.08
JP Duminy,JH Kallis,30,14,0,214.29
JP Duminy,JJ Bumrah,70,32,1,218.75
JP Duminy,JP Faulkner,35,29,1,120.69
JP Duminy,JR Hopes,18,11,0,163.64
JP Duminy,KA Pollard,30,17,0,176.47
JP Duminy,KV Sharma,14,11,1,127.27
JP Duminy,KW Richardson,17,11,1,154.55
JP Duminy,L Balaji,15,10,0,150.0
JP Duminy,LR Shukla,20,10,0,200.0
JP Duminy,M Kartik,9,12,0,75.0
JP Duminy,M Morkel,33,16,1,206.25
JP Duminy,M Muralitharan,44,37,1,118.92
JP Duminy,MA Starc,19,12,1,158.33
JP Duminy,MJ McClenaghan,14,12,0,116.67
JP Duminy,MM Sharma,30,15,0,200.0
JP Duminy,P Kumar,9,13,0,69.23
JP Duminy,P Parameswaran,10,12,0,83.33
JP Duminy,PP Chawla,33,26,1,126.92
JP Duminy,PP Ojha,22,23,1,95.65
JP Duminy,PV Tambe,17,15,1,113.33
JP Duminy,R Ashwin,31,29,0,106.9
JP Duminy,R Bhatia,31,24,0,129.17
JP Duminy,R Dhawan,13,14,0,92.86
JP Duminy,R Sharma,16,22,0,72.73
JP Duminy,R Vinay Kumar,62,30,0,206.67
JP Duminy,RA Jadeja,18,13,0,138.46
JP Duminy,RG Sharma,12,10,1,120.0
JP Duminy,RJ Harris,12,10,1,120.0
JP Duminy,RP Singh,19,16,0,118.75
JP Duminy,RR Powar,29,27,0,107.41
JP Duminy,RS Bopara,29,14,0,207.14
JP Duminy,SB Jakati,16,11,0,145.45
JP Duminy,SK Raina,14,15,0,93.33
JP Duminy,SK Trivedi,24,25,2,96.0
JP Duminy,SK Warne,22,22,1,100.0
JP Duminy,SL Malinga,12,23,1,52.17
JP Duminy,SP Narine,60,40,1,150.0
JP Duminy,SR Watson,20,15,0,133.33
JP Duminy,Shakib Al Hasan,12,14,0,85.71
JP Duminy,Shivam Sharma,7,10,0,70.0
JP Duminy,TG Southee,15,18,0,83.33
JP Duminy,TL Suman,10,17,0,58.82
JP Duminy,UT Yadav,15,13,0,115.38
JP Duminy,VR Aaron,17,21,0,80.95
JP Duminy,YA Abdulla,12,11,1,109.09
JP Duminy,YK Pathan,11,16,0,68.75
JP Duminy,YS Chahal,31,25,0,124.0
JP Duminy,Yuvraj Singh,41,29,0,141.38
JP Duminy,Z Khan,17,10,2,170.0
JP Faulkner,AR Patel,19,21,0,90.48
JP Faulkner,CH Morris,21,12,1,175.0
JP Faulkner,JJ Bumrah,17,10,0,170.0
JP Faulkner,MG Johnson,36,23,0,156.52
JP Faulkner,MM Sharma,13,10,1,130.0
JP Inglis,JJ Bumrah,34,18,0,188.89
JP Inglis,KH Pandya,30,20,1,150.0
JP Inglis,MJ Santner,23,16,1,143.75
JP Inglis,R Shepherd,28,13,0,215.38
JP Inglis,Suyash Sharma,13,10,2,130.0
JP Inglis,Yash Dayal,11,13,0,84.62
JR Hopes,A Mishra,15,10,1,150.0
JR Hopes,Iqbal Abdulla,10,10,1,100.0
JR Hopes,JDP Oram,22,11,0,200.0
JR Hopes,MM Patel,24,23,0,104.35
JR Hopes,SR Watson,10,11,0,90.91
JR Hopes,Z Khan,21,18,1,116.67
JR Philippe,DR Sams,8,10,0,80.0
K Goel,Harbhajan Singh,13,13,1,100.0
K Goel,JH Kallis,11,14,1,78.57
K Goel,MM Patel,21,16,1,131.25
K Goel,MS Gony,17,19,2,89.47
K Goel,P Kumar,9,10,0,90.0
K Goel,S Tyagi,9,11,0,81.82
K Gowtham,JJ Bumrah,17,10,0,170.0
K Gowtham,TA Boult,22,12,1,183.33
K Rabada,AR Patel,8,14,0,57.14
K Rabada,CV Varun,8,10,0,80.0
K Rabada,HH Pandya,22,11,1,200.0
K Rabada,Harbhajan Singh,16,15,0,106.67
K Rabada,JJ Bumrah,16,22,2,72.73
KA Pollard,A Mishra,130,81,2,160.49
KA Pollard,A Nehra,46,24,2,191.67
KA Pollard,A Nortje,16,14,1,114.29
KA Pollard,AB Agarkar,13,10,0,130.0
KA Pollard,AB Dinda,14,11,0,127.27
KA Pollard,AD Russell,24,32,2,75.0
KA Pollard,AR Patel,42,30,1,140.0
KA Pollard,AS Rajpoot,34,15,1,226.67
KA Pollard,Azhar Mahmood,11,13,0,84.62
KA Pollard,B Kumar,47,26,3,180.77
KA Pollard,BA Stokes,15,12,1,125.0
KA Pollard,CH Morris,38,28,1,135.71
KA Pollard,DJ Bravo,130,88,4,147.73
KA Pollard,DS Kulkarni,20,21,1,95.24
KA Pollard,DW Steyn,38,43,1,88.37
KA Pollard,GC Viljoen,7,10,0,70.0
KA Pollard,HV Patel,27,24,2,112.5
KA Pollard,I Sharma,19,16,1,118.75
KA Pollard,IK Pathan,13,14,3,92.86
KA Pollard,Imran Tahir,46,28,1,164.29
KA Pollard,J Botha,25,11,1,227.27
KA Pollard,JD Unadkat,46,25,2,184.0
KA Pollard,JO Holder,19,13,1,146.15
KA Pollard,JP Faulkner,26,18,1,144.44
KA Pollard,K Rabada,13,19,1,68.42
KA Pollard,KK Ahmed,9,12,0,75.0
KA Pollard,KK Cooper,17,10,2,170.0
KA Pollard,KV Sharma,21,19,0,110.53
KA Pollard,Kuldeep Yadav,5,10,1,50.0
KA Pollard,L Balaji,9,11,1,81.82
KA Pollard,L Ngidi,33,14,1,235.71
KA Pollard,LH Ferguson,9,15,1,60.0
KA Pollard,M Morkel,11,11,0,100.0
KA Pollard,M Muralitharan,12,13,1,92.31
KA Pollard,M Prasidh Krishna,26,22,0,118.18
KA Pollard,MA Starc,23,13,1,176.92
KA Pollard,MG Johnson,25,16,0,156.25
KA Pollard,MM Sharma,37,32,3,115.62
KA Pollard,MP Stoinis,27,19,1,142.11
KA Pollard,MR Marsh,13,10,0,130.0
KA Pollard,Mohammed Shami,45,25,1,180.0
KA Pollard,Mohammed Siraj,8,13,1,61.54
KA Pollard,NLTC Perera,50,17,0,294.12
KA Pollard,P Awana,12,12,2,100.0
KA Pollard,P Kumar,31,12,0,258.33
KA Pollard,P Negi,41,21,0,195.24
KA Pollard,PJ Cummins,50,31,1,161.29
KA Pollard,PP Chawla,58,42,1,138.1
KA Pollard,PV Tambe,21,14,1,150.0
KA Pollard,PVD Chameera,18,11,2,163.64
KA Pollard,R Ashwin,54,39,4,138.46
KA Pollard,R Bhatia,30,22,2,136.36
KA Pollard,R Sharma,4,12,1,33.33
KA Pollard,R Vinay Kumar,41,20,2,205.0
KA Pollard,RA Jadeja,114,51,2,223.53
KA Pollard,RJ Harris,23,13,1,176.92
KA Pollard,Rashid Khan,19,42,2,45.24
KA Pollard,S Aravind,28,23,1,121.74
KA Pollard,S Gopal,7,10,1,70.0
KA Pollard,S Kaul,30,16,0,187.5
KA Pollard,S Nadeem,17,22,1,77.27
KA Pollard,SK Trivedi,10,19,0,52.63
KA Pollard,SM Curran,54,23,1,234.78
KA Pollard,SN Thakur,54,26,0,207.69
KA Pollard,SP Narine,40,37,1,108.11
KA Pollard,SR Watson,71,38,1,186.84
KA Pollard,Sandeep Sharma,44,22,1,200.0
KA Pollard,Shakib Al Hasan,39,32,1,121.88
KA Pollard,T Natarajan,38,13,0,292.31
KA Pollard,TA Boult,26,18,1,144.44
KA Pollard,TG Southee,28,12,1,233.33
KA Pollard,UT Yadav,36,26,1,138.46
KA Pollard,VR Aaron,9,10,0,90.0
KA Pollard,YS Chahal,51,44,4,115.91
KA Pollard,Z Khan,45,31,1,145.16
KB Arun Karthik,JDP Oram,10,10,0,100.0
KC Sangakkara,A Kumble,13,13,2,100.0
KC Sangakkara,A Nehra,33,27,1,122.22
KC Sangakkara,A Singh,10,14,0,71.43
KC Sangakkara,AB Agarkar,23,20,0,115.0
KC Sangakkara,AB Dinda,16,17,1,94.12
KC Sangakkara,AD Mascarenhas,19,13,0,146.15
KC Sangakkara,AD Mathews,36,22,0,163.64
KC Sangakkara,B Kumar,10,12,0,83.33
KC Sangakkara,DJ Bravo,27,24,2,112.5
KC Sangakkara,DJ Hussey,31,26,0,119.23
KC Sangakkara,DL Vettori,43,38,1,113.16
KC Sangakkara,DS Kulkarni,32,21,1,152.38
KC Sangakkara,Harbhajan Singh,63,64,4,98.44
KC Sangakkara,I Sharma,13,15,1,86.67
KC Sangakkara,IK Pathan,11,18,0,61.11
KC Sangakkara,J Botha,17,21,2,80.95
KC Sangakkara,JD Ryder,12,11,1,109.09
KC Sangakkara,JP Duminy,27,19,0,142.11
KC Sangakkara,JR Hopes,17,13,1,130.77
KC Sangakkara,Joginder Sharma,25,11,0,227.27
KC Sangakkara,KA Pollard,29,21,0,138.1
KC Sangakkara,KP Pietersen,20,13,0,153.85
KC Sangakkara,LR Shukla,21,14,1,150.0
KC Sangakkara,M Kartik,17,19,1,89.47
KC Sangakkara,M Morkel,24,21,1,114.29
KC Sangakkara,M Muralitharan,20,23,2,86.96
KC Sangakkara,MF Maharoof,20,17,1,117.65
KC Sangakkara,MM Patel,24,23,1,104.35
KC Sangakkara,MR Marsh,26,22,0,118.18
KC Sangakkara,P Kumar,33,20,1,165.0
KC Sangakkara,PP Ojha,20,16,0,125.0
KC Sangakkara,R Ashwin,15,20,3,75.0
KC Sangakkara,R Bhatia,24,20,2,120.0
KC Sangakkara,R Sathish,9,10,0,90.0
KC Sangakkara,R Sharma,12,20,5,60.0
KC Sangakkara,R Vinay Kumar,33,27,1,122.22
KC Sangakkara,RG Sharma,32,19,1,168.42
KC Sangakkara,RP Singh,26,21,1,123.81
KC Sangakkara,S Nadeem,21,15,0,140.0
KC Sangakkara,S Sreesanth,13,10,0,130.0
KC Sangakkara,SC Ganguly,22,15,0,146.67
KC Sangakkara,SK Raina,12,13,1,92.31
KC Sangakkara,SK Trivedi,23,16,2,143.75
KC Sangakkara,SK Warne,18,12,1,150.0
KC Sangakkara,SL Malinga,19,22,2,86.36
KC Sangakkara,SM Pollock,24,11,0,218.18
KC Sangakkara,TL Suman,20,21,0,95.24
KC Sangakkara,TM Dilshan,18,10,0,180.0
KC Sangakkara,Umar Gul,28,16,2,175.0
KC Sangakkara,WD Parnell,14,10,0,140.0
KC Sangakkara,Y Venugopal Rao,29,20,0,145.0
KC Sangakkara,YK Pathan,37,33,1,112.12
KC Sangakkara,Z Khan,25,18,0,138.89
KD Karthik,A Kumble,31,18,1,172.22
KD Karthik,A Mishra,70,49,1,142.86
KD Karthik,A Nehra,46,36,4,127.78
KD Karthik,AA Chavan,7,12,0,58.33
KD Karthik,AB Agarkar,15,18,2,83.33
KD Karthik,AB Dinda,26,21,2,123.81
KD Karthik,AD Mascarenhas,8,11,1,72.73
KD Karthik,AD Russell,58,30,1,193.33
KD Karthik,AJ Tye,17,14,0,121.43
KD Karthik,AR Patel,64,44,2,145.45
KD Karthik,AS Rajpoot,27,14,0,192.86
KD Karthik,Akash Madhwal,33,10,0,330.0
KD Karthik,Arshdeep Singh,51,29,3,175.86
KD Karthik,Avesh Khan,34,29,2,117.24
KD Karthik,Azhar Mahmood,21,13,0,161.54
KD Karthik,B Kumar,82,59,1,138.98
KD Karthik,B Laughlin,22,18,1,122.22
KD Karthik,B Lee,10,10,1,100.0
KD Karthik,BA Stokes,16,13,0,123.08
KD Karthik,BAW Mendis,2,11,0,18.18
KD Karthik,BCJ Cutting,8,11,0,72.73
KD Karthik,Bipul Sharma,21,16,1,131.25
KD Karthik,C Sakariya,13,10,0,130.0
KD Karthik,CH Morris,30,29,4,103.45
KD Karthik,CJ Anderson,18,10,0,180.0
KD Karthik,CJ Jordan,32,21,4,152.38
KD Karthik,CR Brathwaite,14,16,1,87.5
KD Karthik,D Pretorius,20,10,1,200.0
KD Karthik,DJ Bravo,48,33,4,145.45
KD Karthik,DJG Sammy,16,10,0,160.0
KD Karthik,DL Chahar,20,18,0,111.11
KD Karthik,DR Smith,27,18,0,150.0
KD Karthik,DS Kulkarni,16,10,1,160.0
KD Karthik,DT Christian,34,23,1,147.83
KD Karthik,DW Steyn,14,16,3,87.5
KD Karthik,HH Pandya,45,29,0,155.17
KD Karthik,HV Patel,28,27,2,103.7
KD Karthik,Harbhajan Singh,11,13,0,84.62
KD Karthik,I Sharma,15,21,2,71.43
KD Karthik,IC Pandey,20,14,1,142.86
KD Karthik,IK Pathan,47,36,2,130.56
KD Karthik,IS Sodhi,17,21,0,80.95
KD Karthik,Imran Tahir,31,27,3,114.81
KD Karthik,Iqbal Abdulla,49,39,0,125.64
KD Karthik,J Syed Mohammad,37,22,0,168.18
KD Karthik,JA Morkel,13,19,2,68.42
KD Karthik,JC Archer,38,26,2,146.15
KD Karthik,JD Unadkat,124,62,0,200.0
KD Karthik,JH Kallis,53,35,1,151.43
KD Karthik,JJ Bumrah,63,35,0,180.0
KD Karthik,JO Holder,12,11,0,109.09
KD Karthik,JP Duminy,14,12,0,116.67
KD Karthik,JP Faulkner,17,18,2,94.44
KD Karthik,K Kartikeya,22,11,0,200.0
KD Karthik,K Rabada,8,14,3,57.14
KD Karthik,KA Pollard,30,22,1,136.36
KD Karthik,KC Cariappa,12,12,0,100.0
KD Karthik,KH Pandya,24,24,1,100.0
KD Karthik,KK Ahmed,24,13,2,184.62
KD Karthik,KK Cooper,16,13,2,123.08
KD Karthik,KV Sharma,26,23,2,113.04
KD Karthik,KW Richardson,21,18,0,116.67
KD Karthik,Kuldeep Yadav,12,16,1,75.0
KD Karthik,L Balaji,25,22,2,113.64
KD Karthik,L Ngidi,21,12,1,175.0
KD Karthik,M Kartik,19,21,1,90.48
KD Karthik,M Markande,19,11,0,172.73
KD Karthik,M Morkel,37,35,2,105.71
KD Karthik,M Muralitharan,53,43,3,123.26
KD Karthik,M Theekshana,40,21,0,190.48
KD Karthik,MC Henriques,14,18,1,77.78
KD Karthik,MG Johnson,18,11,1,163.64
KD Karthik,MJ McClenaghan,16,15,0,106.67
KD Karthik,MM Patel,20,10,1,200.0
KD Karthik,MM Sharma,83,78,0,106.41
KD Karthik,MP Stoinis,19,12,0,158.33
KD Karthik,MR Marsh,9,10,2,90.0
KD Karthik,Mohammed Shami,53,34,3,155.88
KD Karthik,Mohammed Siraj,18,12,2,150.0
KD Karthik,Mujeeb Ur Rahman,33,13,0,253.85
KD Karthik,Mustafizur Rahman,54,29,1,186.21
KD Karthik,Navdeep Saini,25,16,1,156.25
KD Karthik,P Awana,7,10,1,70.0
KD Karthik,P Kumar,24,18,1,133.33
KD Karthik,PJ Cummins,35,20,2,175.0
KD Karthik,PP Chawla,56,47,3,119.15
KD Karthik,PP Ojha,45,31,2,145.16
KD Karthik,PV Tambe,15,13,1,115.38
KD Karthik,R Ashwin,72,57,1,126.32
KD Karthik,R Bhatia,20,22,1,90.91
KD Karthik,R Dhawan,30,19,0,157.89
KD Karthik,R Sharma,32,28,0,114.29
KD Karthik,R Vinay Kumar,57,49,3,116.33
KD Karthik,RA Jadeja,105,71,3,147.89
KD Karthik,RD Chahar,19,15,2,126.67
KD Karthik,RE van der Merwe,8,12,0,66.67
KD Karthik,RP Singh,25,21,1,119.05
KD Karthik,RR Powar,5,10,0,50.0
KD Karthik,Rashid Khan,49,36,3,136.11
KD Karthik,Ravi Bishnoi,8,13,0,61.54
KD Karthik,S Gopal,49,37,0,132.43
KD Karthik,S Kaul,20,18,0,111.11
KD Karthik,S Nadeem,40,24,1,166.67
KD Karthik,SB Jakati,26,16,2,162.5
KD Karthik,SK Raina,31,16,0,193.75
KD Karthik,SK Trivedi,35,26,1,134.62
KD Karthik,SK Warne,36,35,1,102.86
KD Karthik,SL Malinga,12,16,3,75.0
KD Karthik,SM Curran,65,25,1,260.0
KD Karthik,SN Thakur,34,28,1,121.43
KD Karthik,SP Narine,51,41,2,124.39
KD Karthik,SR Watson,31,31,1,100.0
KD Karthik,ST Jayasuriya,19,11,0,172.73
KD Karthik,STR Binny,13,10,0,130.0
KD Karthik,SW Tait,32,25,2,128.0
KD Karthik,Sandeep Sharma,55,29,3,189.66
KD Karthik,Shakib Al Hasan,26,25,2,104.0
KD Karthik,Shivam Sharma,22,12,0,183.33
KD Karthik,T Natarajan,55,32,1,171.88
KD Karthik,T Shamsi,7,11,0,63.64
KD Karthik,TA Boult,25,19,1,131.58
KD Karthik,TU Deshpande,35,20,3,175.0
KD Karthik,UT Yadav,60,32,1,187.5
KD Karthik,VR Aaron,32,19,0,168.42
KD Karthik,WD Parnell,13,13,2,100.0
KD Karthik,YK Pathan,21,18,1,116.67
KD Karthik,YS Chahal,49,55,3,89.09
KD Karthik,Yuvraj Singh,45,36,2,125.0
KD Karthik,Z Khan,20,16,0,125.0
KH Pandya,A Mishra,41,19,1,215.79
KH Pandya,A Nehra,23,12,0,191.67
KH Pandya,A Nortje,10,11,0,90.91
KH Pandya,AD Russell,39,28,2,139.29
KH Pandya,AJ Tye,18,10,0,180.0
KH Pandya,AR Patel,35,30,0,116.67
KH Pandya,AS Rajpoot,15,12,1,125.0
KH Pandya,Arshdeep Singh,15,10,2,150.0
KH Pandya,B Kumar,21,17,1,123.53
KH Pandya,CH Morris,21,14,1,150.0
KH Pandya,DJ Bravo,20,22,0,90.91
KH Pandya,DT Christian,32,16,1,200.0
KH Pandya,GJ Maxwell,6,11,3,54.55
KH Pandya,HR Shokeen,12,15,0,80.0
KH Pandya,HV Patel,39,24,2,162.5
KH Pandya,Imran Tahir,59,33,2,178.79
KH Pandya,JC Archer,8,14,2,57.14
KH Pandya,JD Unadkat,42,28,1,150.0
KH Pandya,K Rabada,42,28,2,150.0
KH Pandya,Kuldeep Yadav,34,33,1,103.03
KH Pandya,LH Ferguson,11,13,1,84.62
KH Pandya,M Prasidh Krishna,25,19,0,131.58
KH Pandya,MA Wood,33,10,0,330.0
KH Pandya,MM Ali,7,19,2,36.84
KH Pandya,MP Stoinis,51,21,3,242.86
KH Pandya,Mohammed Shami,24,19,3,126.32
KH Pandya,Mohammed Siraj,31,30,2,103.33
KH Pandya,Mukesh Kumar,43,25,1,172.0
KH Pandya,Mustafizur Rahman,36,23,1,156.52
KH Pandya,PP Chawla,64,32,2,200.0
KH Pandya,R Ashwin,19,24,1,79.17
KH Pandya,R Tewatia,28,21,0,133.33
KH Pandya,RA Jadeja,12,13,0,92.31
KH Pandya,Rashid Khan,30,30,3,100.0
KH Pandya,S Kaul,41,20,1,205.0
KH Pandya,SM Curran,13,10,1,130.0
KH Pandya,SN Thakur,32,25,2,128.0
KH Pandya,SP Narine,31,33,3,93.94
KH Pandya,Sandeep Sharma,19,14,1,135.71
KH Pandya,Shahbaz Ahmed,13,11,0,118.18
KH Pandya,Shakib Al Hasan,15,11,1,136.36
KH Pandya,T Natarajan,16,11,2,145.45
KH Pandya,TA Boult,14,13,1,107.69
KH Pandya,V Viyaskanth,6,11,0,54.55
KH Pandya,Washington Sundar,8,10,0,80.0
KH Pandya,YS Chahal,54,40,2,135.0
KH Pandya,Z Khan,27,15,0,180.0
KK Nair,A Mishra,61,41,1,148.78
KK Nair,A Zampa,20,18,1,111.11
KK Nair,AB Dinda,29,21,0,138.1
KK Nair,AD Russell,28,25,2,112.0
KK Nair,AR Patel,15,14,2,107.14
KK Nair,Anureet Singh,12,10,1,120.0
KK Nair,Avesh Khan,15,13,0,115.38
KK Nair,B Kumar,29,24,1,120.83
KK Nair,BA Stokes,24,15,1,160.0
KK Nair,BB Sran,37,18,0,205.56
KK Nair,CR Woakes,12,10,0,120.0
KK Nair,D Wiese,27,24,0,112.5
KK Nair,DJ Bravo,41,18,2,227.78
KK Nair,DL Chahar,18,11,0,163.64
KK Nair,DT Christian,25,18,1,138.89
KK Nair,HH Pandya,19,13,2,146.15
KK Nair,HV Patel,31,18,1,172.22
KK Nair,Harbhajan Singh,20,21,4,95.24
KK Nair,IK Pathan,11,10,0,110.0
KK Nair,Imran Tahir,13,10,0,130.0
KK Nair,JD Unadkat,41,26,1,157.69
KK Nair,JJ Bumrah,33,17,2,194.12
KK Nair,JO Holder,14,10,0,140.0
KK Nair,KV Sharma,26,18,1,144.44
KK Nair,M Jansen,16,11,0,145.45
KK Nair,MA Starc,15,15,1,100.0
KK Nair,MC Henriques,38,21,2,180.95
KK Nair,MG Johnson,3,10,0,30.0
KK Nair,MJ McClenaghan,27,17,2,158.82
KK Nair,Mohammed Shami,26,21,0,123.81
KK Nair,Mohammed Siraj,26,18,1,144.44
KK Nair,Mustafizur Rahman,12,14,0,85.71
KK Nair,NM Coulter-Nile,23,21,2,109.52
KK Nair,PJ Sangwan,15,10,1,150.0
KK Nair,PP Ojha,35,14,0,250.0
KK Nair,R Ashwin,13,13,0,100.0
KK Nair,RA Jadeja,22,22,1,100.0
KK Nair,Rashid Khan,17,18,1,94.44
KK Nair,S Gopal,31,15,0,206.67
KK Nair,S Kaul,44,27,1,162.96
KK Nair,SN Thakur,32,16,0,200.0
KK Nair,SP Narine,27,30,1,90.0
KK Nair,SR Watson,11,13,1,84.62
KK Nair,Sandeep Sharma,11,11,0,100.0
KK Nair,Shakib Al Hasan,27,21,1,128.57
KK Nair,UT Yadav,38,25,2,152.0
KK Nair,Washington Sundar,18,16,0,112.5
KK Nair,YS Chahal,49,38,1,128.95
KK Nair,Yuvraj Singh,17,13,1,130.77
KL Rahul,A Mishra,47,17,0,276.47
KL Rahul,A Nehra,15,13,0,115.38
KL Rahul,AB Dinda,20,15,1,133.33
KL Rahul,AD Russell,37,23,1,160.87
KL Rahul,AK Markram,18,11,0,163.64
KL Rahul,AR Patel,30,39,2,76.92
KL Rahul,AS Rajpoot,10,10,1,100.0
KL Rahul,Anureet Singh,27,18,0,150.0
KL Rahul,Arshdeep Singh,42,33,2,127.27
KL Rahul,Avesh Khan,64,45,1,142.22
KL Rahul,B Kumar,109,99,2,110.1
KL Rahul,BA Stokes,35,29,1,120.69
KL Rahul,C Sakariya,61,36,3,169.44
KL Rahul,CH Morris,72,40,1,180.0
KL Rahul,CR Woakes,24,18,0,133.33
KL Rahul,CV Varun,49,48,1,102.08
KL Rahul,DJ Bravo,52,38,0,136.84
KL Rahul,DL Chahar,159,100,0,159.0
KL Rahul,DR Sams,50,32,0,156.25
KL Rahul,DS Kulkarni,35,30,4,116.67
KL Rahul,DW Steyn,48,18,0,266.67
KL Rahul,GJ Maxwell,19,14,1,135.71
KL Rahul,HH Pandya,96,55,1,174.55
KL Rahul,HV Patel,40,28,1,142.86
KL Rahul,Harbhajan Singh,81,54,3,150.0
KL Rahul,I Sharma,22,20,1,110.0
KL Rahul,IS Sodhi,21,23,0,91.3
KL Rahul,Imran Tahir,22,24,0,91.67
KL Rahul,J Suchith,23,24,0,95.83
KL Rahul,J Yadav,18,22,0,81.82
KL Rahul,JC Archer,89,59,0,150.85
KL Rahul,JD Unadkat,112,63,1,177.78
KL Rahul,JJ Bumrah,136,111,1,122.52
KL Rahul,JP Behrendorff,10,14,0,71.43
KL Rahul,JR Hazlewood,85,50,1,170.0
KL Rahul,K Gowtham,23,22,0,104.55
KL Rahul,K Rabada,75,44,3,170.45
KL Rahul,KA Pollard,32,22,1,145.45
KL Rahul,KH Pandya,90,83,0,108.43
KL Rahul,KK Ahmed,51,39,1,130.77
KL Rahul,KL Nagarkoti,18,10,0,180.0
KL Rahul,Kuldeep Yadav,34,20,2,170.0
KL Rahul,Lalit Yadav,22,11,0,200.0
KL Rahul,M Markande,31,16,1,193.75
KL Rahul,M Pathirana,23,20,2,115.0
KL Rahul,M Prasidh Krishna,72,52,3,138.46
KL Rahul,MJ McClenaghan,75,56,2,133.93
KL Rahul,MM Ali,13,11,2,118.18
KL Rahul,MM Sharma,37,31,2,119.35
KL Rahul,MP Stoinis,26,11,0,236.36
KL Rahul,Mohammad Nabi,55,21,0,261.9
KL Rahul,Mohammed Shami,43,35,2,122.86
KL Rahul,Mohammed Siraj,135,79,1,170.89
KL Rahul,Mukesh Choudhary,36,23,0,156.52
KL Rahul,Mustafizur Rahman,64,45,1,142.22
KL Rahul,N Burger,17,11,0,154.55
KL Rahul,N Thushara,24,19,0,126.32
KL Rahul,Navdeep Saini,50,35,0,142.86
KL Rahul,Noor Ahmad,42,28,0,150.0
KL Rahul,PJ Cummins,55,39,2,141.03
KL Rahul,PP Chawla,50,30,3,166.67
KL Rahul,PP Ojha,12,13,1,92.31
KL Rahul,PV Tambe,8,14,0,57.14
KL Rahul,PWH de Silva,18,12,0,150.0
KL Rahul,R Ashwin,62,55,0,112.73
KL Rahul,R Bhatia,19,17,1,111.76
KL Rahul,R Tewatia,24,19,0,126.32
KL Rahul,R Vinay Kumar,10,11,0,90.91
KL Rahul,RA Jadeja,70,55,0,127.27
KL Rahul,RD Chahar,35,36,1,97.22
KL Rahul,RP Meredith,21,11,0,190.91
KL Rahul,Rashid Khan,59,61,3,96.72
KL Rahul,S Gopal,42,40,0,105.0
KL Rahul,S Kaul,35,19,0,184.21
KL Rahul,SL Malinga,18,15,1,120.0
KL Rahul,SM Curran,29,25,0,116.0
KL Rahul,SN Thakur,82,43,2,190.7
KL Rahul,SP Narine,114,85,2,134.12
KL Rahul,Sandeep Sharma,93,84,1,110.71
KL Rahul,Shahbaz Ahmed,41,42,1,97.62
KL Rahul,Shivam Mavi,30,27,0,111.11
KL Rahul,Suyash Sharma,16,26,0,61.54
KL Rahul,T Natarajan,14,22,1,63.64
KL Rahul,TA Boult,77,58,3,132.76
KL Rahul,TG Southee,64,43,1,148.84
KL Rahul,TS Mills,33,12,0,275.0
KL Rahul,TU Deshpande,18,17,0,105.88
KL Rahul,UT Yadav,80,60,1,133.33
KL Rahul,Umran Malik,13,10,0,130.0
KL Rahul,VG Arora,18,13,0,138.46
KL Rahul,VR Aaron,28,14,0,200.0
KL Rahul,Washington Sundar,43,31,1,138.71
KL Rahul,YS Chahal,125,83,2,150.6
KL Rahul,Yash Dayal,47,25,0,188.0
KL Rahul,Z Khan,12,12,0,100.0
KM Jadhav,A Mishra,46,31,0,148.39
KM Jadhav,AJ Tye,24,13,0,184.62
KM Jadhav,B Kumar,35,31,0,112.9
KM Jadhav,CH Morris,9,12,1,75.0
KM Jadhav,DT Christian,10,10,0,100.0
KM Jadhav,DW Steyn,15,14,1,107.14
KM Jadhav,HH Pandya,7,11,0,63.64
KM Jadhav,I Sharma,17,12,1,141.67
KM Jadhav,Imran Tahir,12,14,0,85.71
KM Jadhav,Iqbal Abdulla,13,13,0,100.0
KM Jadhav,JH Kallis,18,12,0,150.0
KM Jadhav,JJ Bumrah,38,34,0,111.76
KM Jadhav,JP Faulkner,24,13,0,184.62
KM Jadhav,KH Pandya,14,18,1,77.78
KM Jadhav,KW Richardson,22,10,0,220.0
KM Jadhav,MC Henriques,14,10,1,140.0
KM Jadhav,MM Sharma,20,15,2,133.33
KM Jadhav,Mustafizur Rahman,27,22,0,122.73
KM Jadhav,NLTC Perera,13,10,0,130.0
KM Jadhav,P Kumar,35,12,1,291.67
KM Jadhav,R Ashwin,27,25,0,108.0
KM Jadhav,R Tewatia,26,18,0,144.44
KM Jadhav,R Vinay Kumar,26,12,0,216.67
KM Jadhav,RA Jadeja,39,25,1,156.0
KM Jadhav,RD Chahar,9,12,0,75.0
KM Jadhav,SK Trivedi,11,15,1,73.33
KM Jadhav,SL Malinga,27,20,2,135.0
KM Jadhav,SP Narine,32,21,0,152.38
KM Jadhav,UT Yadav,12,16,2,75.0
KM Jadhav,Z Khan,28,19,1,147.37
KP Pietersen,A Mishra,30,22,1,136.36
KP Pietersen,A Nehra,25,16,0,156.25
KP Pietersen,AA Chavan,9,13,1,69.23
KP Pietersen,AD Mascarenhas,10,14,0,71.43
KP Pietersen,AR Patel,30,20,1,150.0
KP Pietersen,Ankit Sharma,13,10,0,130.0
KP Pietersen,DT Christian,19,12,1,158.33
KP Pietersen,DW Steyn,15,18,1,83.33
KP Pietersen,Harbhajan Singh,45,30,2,150.0
KP Pietersen,IK Pathan,24,12,0,200.0
KP Pietersen,JP Duminy,28,11,0,254.55
KP Pietersen,KV Sharma,13,11,0,118.18
KP Pietersen,Kamran Khan,30,15,0,200.0
KP Pietersen,M Kartik,12,11,0,109.09
KP Pietersen,P Awana,10,11,0,90.91
KP Pietersen,PP Ojha,25,23,1,108.7
KP Pietersen,PV Tambe,16,16,1,100.0
KP Pietersen,R Bhatia,13,16,1,81.25
KP Pietersen,R Dhawan,21,13,1,161.54
KP Pietersen,R Sharma,29,19,1,152.63
KP Pietersen,RA Jadeja,18,13,0,138.46
KP Pietersen,RJ Peterson,23,13,0,176.92
KP Pietersen,RP Singh,15,14,1,107.14
KP Pietersen,SB Jakati,23,20,0,115.0
KP Pietersen,SL Malinga,14,12,0,116.67
KP Pietersen,SR Watson,18,16,1,112.5
KP Pietersen,Sandeep Sharma,12,14,0,85.71
KP Pietersen,Yuvraj Singh,17,13,0,130.77
KR Mayers,AR Patel,25,10,1,250.0
KR Mayers,B Kumar,5,11,0,45.45
KR Mayers,DL Chahar,21,10,0,210.0
KR Mayers,Fazalhaq Farooqi,4,10,1,40.0
KR Mayers,JP Behrendorff,16,11,0,145.45
KR Mayers,K Rabada,17,12,1,141.67
KR Mayers,Mohammed Shami,14,10,0,140.0
KR Mayers,Rashid Khan,17,10,1,170.0
KR Mayers,TA Boult,8,11,0,72.73
KR Mayers,YS Chahal,23,10,0,230.0
KS Bharat,Avesh Khan,16,12,0,133.33
KS Bharat,K Rabada,22,14,0,157.14
KS Bharat,R Tewatia,14,12,0,116.67
KS Williamson,A Mishra,72,56,0,128.57
KS Williamson,A Nortje,23,23,1,100.0
KS Williamson,A Zampa,11,18,1,61.11
KS Williamson,AR Patel,52,41,1,126.83
KS Williamson,Arshdeep Singh,9,11,0,81.82
KS Williamson,Avesh Khan,14,11,1,127.27
KS Williamson,BA Stokes,25,14,1,178.57
KS Williamson,C Sakariya,15,16,0,93.75
KS Williamson,CH Morris,18,20,2,90.0
KS Williamson,DJ Bravo,51,34,2,150.0
KS Williamson,DL Chahar,63,48,0,131.25
KS Williamson,DS Kulkarni,11,10,0,110.0
KS Williamson,DT Christian,14,12,1,116.67
KS Williamson,HH Pandya,28,22,2,127.27
KS Williamson,HV Patel,16,22,1,72.73
KS Williamson,J Yadav,14,13,0,107.69
KS Williamson,JC Archer,26,14,0,185.71
KS Williamson,JD Unadkat,50,28,1,178.57
KS Williamson,JJ Bumrah,18,11,0,163.64
KS Williamson,K Gowtham,7,10,0,70.0
KS Williamson,K Rabada,26,27,2,96.3
KS Williamson,KH Pandya,7,10,0,70.0
KS Williamson,KMA Paul,6,11,1,54.55
KS Williamson,KV Sharma,36,19,2,189.47
KS Williamson,Kuldeep Yadav,39,32,2,121.88
KS Williamson,L Ngidi,8,13,0,61.54
KS Williamson,LE Plunkett,41,24,0,170.83
KS Williamson,M Theekshana,16,19,0,84.21
KS Williamson,MK Lomror,20,13,0,153.85
KS Williamson,MM Ali,33,21,0,157.14
KS Williamson,MM Sharma,34,14,0,242.86
KS Williamson,MP Stoinis,29,19,1,152.63
KS Williamson,Mohammed Shami,48,38,4,126.32
KS Williamson,Mohammed Siraj,27,26,1,103.85
KS Williamson,Mujeeb Ur Rahman,21,14,0,150.0
KS Williamson,Mukesh Choudhary,3,10,1,30.0
KS Williamson,Mustafizur Rahman,27,21,1,128.57
KS Williamson,NM Coulter-Nile,29,21,1,138.1
KS Williamson,Navdeep Saini,17,11,0,154.55
KS Williamson,PJ Cummins,26,19,0,136.84
KS Williamson,PP Chawla,25,25,1,100.0
KS Williamson,R Ashwin,45,30,0,150.0
KS Williamson,R Tewatia,15,14,0,107.14
KS Williamson,RA Jadeja,61,52,0,117.31
KS Williamson,S Gopal,10,15,1,66.67
KS Williamson,SM Curran,18,14,0,128.57
KS Williamson,SN Thakur,58,44,2,131.82
KS Williamson,SP Narine,23,29,0,79.31
KS Williamson,SR Watson,32,20,1,160.0
KS Williamson,Shahbaz Ahmed,8,10,0,80.0
KS Williamson,Shivam Mavi,28,15,0,186.67
KS Williamson,TA Boult,24,20,1,120.0
KS Williamson,TG Southee,29,17,0,170.59
KS Williamson,UT Yadav,81,56,1,144.64
KS Williamson,VR Aaron,26,20,0,130.0
KS Williamson,Washington Sundar,21,15,0,140.0
KS Williamson,YS Chahal,54,53,1,101.89
KS Williamson,Z Khan,14,11,0,127.27
KV Sharma,DJ Bravo,17,19,2,89.47
KV Sharma,NM Coulter-Nile,11,11,2,100.0
KV Sharma,Sandeep Sharma,22,14,1,157.14
Kamran Akmal,M Ntini,27,12,0,225.0
Kamran Akmal,SM Pollock,10,10,0,100.0
Kuldeep Yadav,Arshdeep Singh,7,13,0,53.85
Kuldeep Yadav,HH Pandya,6,10,0,60.0
LA Pomersbach,A Kumble,20,15,0,133.33
LA Pomersbach,A Mishra,11,10,0,110.0
LA Pomersbach,A Nehra,26,12,0,216.67
LA Pomersbach,CRD Fernando,13,11,0,118.18
LA Pomersbach,DJG Sammy,15,10,1,150.0
LA Pomersbach,M Muralitharan,4,11,1,36.36
LA Pomersbach,NLTC Perera,9,10,0,90.0
LA Pomersbach,VS Yeligati,20,11,0,181.82
LJ Wright,M Morkel,21,11,0,190.91
LJ Wright,UT Yadav,23,15,1,153.33
LMP Simmons,A Mishra,20,16,0,125.0
LMP Simmons,A Nehra,60,45,0,133.33
LMP Simmons,AR Patel,46,25,0,184.0
LMP Simmons,Ankit Sharma,11,18,2,61.11
LMP Simmons,Anureet Singh,11,12,1,91.67
LMP Simmons,B Kumar,13,27,1,48.15
LMP Simmons,BE Hendricks,17,12,0,141.67
LMP Simmons,D Wiese,25,18,0,138.89
LMP Simmons,DS Kulkarni,19,20,1,95.0
LMP Simmons,DW Steyn,42,29,1,144.83
LMP Simmons,HV Patel,14,12,0,116.67
LMP Simmons,I Sharma,15,10,1,150.0
LMP Simmons,IC Pandey,20,25,1,80.0
LMP Simmons,Iqbal Abdulla,12,13,0,92.31
LMP Simmons,JD Unadkat,7,14,1,50.0
LMP Simmons,JP Faulkner,21,10,0,210.0
LMP Simmons,KV Sharma,50,26,1,192.31
LMP Simmons,Karanveer Singh,18,12,0,150.0
LMP Simmons,M Morkel,9,14,1,64.29
LMP Simmons,MC Henriques,6,12,0,50.0
LMP Simmons,MM Sharma,58,32,0,181.25
LMP Simmons,P Kumar,12,18,0,66.67
LMP Simmons,P Negi,21,16,0,131.25
LMP Simmons,R Ashwin,58,49,2,118.37
LMP Simmons,R Bhatia,18,11,0,163.64
LMP Simmons,R Dhawan,16,10,0,160.0
LMP Simmons,RA Jadeja,61,44,2,138.64
LMP Simmons,S Aravind,10,14,1,71.43
LMP Simmons,Sandeep Sharma,58,30,0,193.33
LMP Simmons,Shakib Al Hasan,14,10,1,140.0
LMP Simmons,Shivam Sharma,19,14,0,135.71
LMP Simmons,TA Boult,12,15,1,80.0
LMP Simmons,VR Aaron,30,17,0,176.47
LMP Simmons,YS Chahal,18,12,1,150.0
LMP Simmons,Z Khan,12,11,1,109.09
LR Shukla,DJ Bravo,23,17,1,135.29
LR Shukla,J Botha,16,15,1,106.67
LR Shukla,Joginder Sharma,21,14,1,150.0
LR Shukla,M Muralitharan,6,14,1,42.86
LR Shukla,R Ashwin,11,10,1,110.0
LR Shukla,RA Jadeja,14,13,1,107.69
LR Shukla,SK Trivedi,7,12,1,58.33
LR Shukla,SK Warne,14,15,0,93.33
LR Shukla,UT Yadav,13,13,1,100.0
LRPL Taylor,A Mishra,45,29,1,155.17
LRPL Taylor,AB Agarkar,29,10,0,290.0
LRPL Taylor,AB Dinda,32,15,0,213.33
LRPL Taylor,GB Hogg,8,11,1,72.73
LRPL Taylor,Harbhajan Singh,46,29,1,158.62
LRPL Taylor,Harmeet Singh,21,18,1,116.67
LRPL Taylor,I Sharma,18,10,0,180.0
LRPL Taylor,JA Morkel,35,32,2,109.38
LRPL Taylor,JDP Oram,17,12,1,141.67
LRPL Taylor,JH Kallis,10,17,2,58.82
LRPL Taylor,KA Pollard,11,17,0,64.71
LRPL Taylor,KK Cooper,8,13,0,61.54
LRPL Taylor,L Balaji,32,18,0,177.78
LRPL Taylor,M Kartik,44,28,0,157.14
LRPL Taylor,M Muralitharan,35,25,0,140.0
LRPL Taylor,MM Patel,25,11,1,227.27
LRPL Taylor,PJ Sangwan,10,12,1,83.33
LRPL Taylor,PP Chawla,14,22,1,63.64
LRPL Taylor,PP Ojha,15,16,2,93.75
LRPL Taylor,R Bhatia,10,16,2,62.5
LRPL Taylor,R Sharma,6,15,0,40.0
LRPL Taylor,SB Jakati,30,20,0,150.0
LRPL Taylor,SL Malinga,5,14,2,35.71
LRPL Taylor,Shakib Al Hasan,11,14,0,78.57
LRPL Taylor,Sohail Tanvir,24,10,0,240.0
LRPL Taylor,YS Chahal,7,13,0,53.85
LRPL Taylor,Z Khan,13,10,0,130.0
LS Livingstone,AR Patel,15,18,1,83.33
LS Livingstone,Akash Madhwal,24,10,0,240.0
LS Livingstone,Avesh Khan,16,10,1,160.0
LS Livingstone,DG Nalkande,32,11,0,290.91
LS Livingstone,HV Patel,9,10,1,90.0
LS Livingstone,I Sharma,26,19,3,136.84
LS Livingstone,J Suchith,15,13,0,115.38
LS Livingstone,JC Archer,35,13,0,269.23
LS Livingstone,KH Pandya,15,18,1,83.33
LS Livingstone,KK Ahmed,29,19,0,152.63
LS Livingstone,Kuldeep Yadav,20,20,1,100.0
LS Livingstone,M Prasidh Krishna,18,13,1,138.46
LS Livingstone,Mukesh Choudhary,34,12,0,283.33
LS Livingstone,Mukesh Kumar,31,13,1,238.46
LS Livingstone,Noor Ahmad,12,10,2,120.0
LS Livingstone,PP Chawla,12,17,0,70.59
LS Livingstone,PWH de Silva,15,15,0,100.0
LS Livingstone,R Sai Kishore,7,12,0,58.33
LS Livingstone,RA Jadeja,14,13,1,107.69
LS Livingstone,Rashid Khan,66,39,3,169.23
LS Livingstone,Ravi Bishnoi,23,13,1,176.92
LS Livingstone,Shahbaz Ahmed,36,20,0,180.0
LS Livingstone,TA Boult,4,10,0,40.0
LS Livingstone,Umran Malik,31,14,0,221.43
LS Livingstone,YS Chahal,17,17,1,100.0
Lalit Yadav,JJ Bumrah,17,11,0,154.55
Lalit Yadav,M Ashwin,4,11,0,36.36
Lalit Yadav,M Pathirana,16,10,1,160.0
Lalit Yadav,RD Chahar,12,14,0,85.71
Lalit Yadav,SP Narine,4,15,3,26.67
Lalit Yadav,TA Boult,21,14,1,150.0
Lalit Yadav,YS Chahal,29,17,0,170.59
M Jansen,M Pathirana,28,21,1,133.33
M Jansen,M Theekshana,5,10,1,50.0
M Kaif,A Mishra,11,11,2,100.0
M Kaif,AB Dinda,25,14,0,178.57
M Kaif,I Sharma,9,10,0,90.0
M Kaif,Umar Gul,6,11,0,54.55
M Kartik,M Muralitharan,10,12,0,83.33
M Klinger,IK Pathan,14,15,0,93.33
M Manhas,Harmeet Singh,23,14,0,164.29
M Manhas,J Theron,23,12,1,191.67
M Manhas,JEC Franklin,15,10,0,150.0
M Manhas,P Kumar,7,11,1,63.64
M Manhas,PP Chawla,49,34,0,144.12
M Manhas,PP Ojha,20,16,0,125.0
M Manhas,R Ashwin,24,16,0,150.0
M Manhas,R Sharma,8,10,2,80.0
M Manhas,R Vinay Kumar,14,13,0,107.69
M Manhas,RP Singh,10,10,0,100.0
M Manhas,S Sreesanth,16,18,0,88.89
M Manhas,SK Raina,9,17,0,52.94
M Manhas,SK Warne,21,17,0,123.53
M Manhas,Yuvraj Singh,13,19,0,68.42
M Rawat,VRV Singh,14,10,0,140.0
M Shahrukh Khan,Avesh Khan,17,14,3,121.43
M Shahrukh Khan,C Green,31,14,0,221.43
M Shahrukh Khan,HV Patel,25,16,1,156.25
M Shahrukh Khan,J Suchith,16,15,0,106.67
M Shahrukh Khan,KK Ahmed,4,11,4,36.36
M Shahrukh Khan,KV Sharma,23,15,0,153.33
M Shahrukh Khan,MM Ali,13,11,0,118.18
M Shahrukh Khan,RA Jadeja,20,21,1,95.24
M Shahrukh Khan,SN Thakur,34,20,0,170.0
M Shahrukh Khan,SP Narine,9,10,0,90.0
M Shahrukh Khan,TA Boult,34,15,0,226.67
M Shahrukh Khan,YS Chahal,13,14,1,92.86
M Vijay,A Nehra,29,30,2,96.67
M Vijay,A Singh,8,13,0,61.54
M Vijay,A Zampa,24,14,0,171.43
M Vijay,AB Agarkar,19,14,1,135.71
M Vijay,AB Dinda,24,22,0,109.09
M Vijay,AD Mathews,11,11,2,100.0
M Vijay,AD Russell,21,18,0,116.67
M Vijay,AN Ahmed,15,11,0,136.36
M Vijay,Ankit Sharma,21,20,1,105.0
M Vijay,Azhar Mahmood,13,12,0,108.33
M Vijay,B Kumar,35,42,1,83.33
M Vijay,B Lee,18,16,0,112.5
M Vijay,CH Gayle,13,14,0,92.86
M Vijay,CH Morris,16,11,1,145.45
M Vijay,DJ Muthuswami,14,10,0,140.0
M Vijay,DL Vettori,31,27,0,114.81
M Vijay,DP Nannes,12,10,0,120.0
M Vijay,DR Smith,19,13,0,146.15
M Vijay,DS Kulkarni,20,25,1,80.0
M Vijay,DW Steyn,22,29,0,75.86
M Vijay,Harbhajan Singh,43,57,3,75.44
M Vijay,I Sharma,52,36,0,144.44
M Vijay,IC Pandey,27,25,0,108.0
M Vijay,IK Pathan,34,33,0,103.03
M Vijay,Iqbal Abdulla,42,35,2,120.0
M Vijay,J Botha,26,16,1,162.5
M Vijay,J Suchith,25,16,0,156.25
M Vijay,JA Morkel,10,10,0,100.0
M Vijay,JD Unadkat,24,14,0,171.43
M Vijay,JE Taylor,13,14,0,92.86
M Vijay,JH Kallis,22,27,2,81.48
M Vijay,JJ Bumrah,14,21,1,66.67
M Vijay,JP Faulkner,15,19,1,78.95
M Vijay,KH Pandya,31,27,0,114.81
M Vijay,KV Sharma,9,16,0,56.25
M Vijay,M Kartik,22,23,0,95.65
M Vijay,M Morkel,26,26,2,100.0
M Vijay,M de Lange,19,10,0,190.0
M Vijay,MG Johnson,18,18,2,100.0
M Vijay,MJ McClenaghan,38,24,0,158.33
M Vijay,MM Patel,37,19,2,194.74
M Vijay,MM Sharma,10,10,2,100.0
M Vijay,NLTC Perera,23,14,2,164.29
M Vijay,P Kumar,85,53,1,160.38
M Vijay,P Negi,15,12,0,125.0
M Vijay,PJ Sangwan,40,19,0,210.53
M Vijay,PP Chawla,33,27,2,122.22
M Vijay,PP Ojha,31,33,1,93.94
M Vijay,R Ashwin,28,29,2,96.55
M Vijay,R McLaren,9,11,0,81.82
M Vijay,R Sharma,9,10,0,90.0
M Vijay,R Vinay Kumar,51,41,1,124.39
M Vijay,RA Jadeja,17,19,2,89.47
M Vijay,RD Chahar,12,11,1,109.09
M Vijay,RE van der Merwe,9,10,0,90.0
M Vijay,RJ Harris,42,40,1,105.0
M Vijay,RP Singh,62,39,2,158.97
M Vijay,RR Powar,10,10,0,100.0
M Vijay,S Aravind,40,26,4,153.85
M Vijay,S Nadeem,15,12,0,125.0
M Vijay,S Narwal,58,17,0,341.18
M Vijay,SK Trivedi,29,15,2,193.33
M Vijay,SK Warne,26,22,1,118.18
M Vijay,SL Malinga,43,45,2,95.56
M Vijay,SP Narine,17,25,2,68.0
M Vijay,SR Watson,63,47,3,134.04
M Vijay,STR Binny,29,22,0,131.82
M Vijay,SW Tait,29,19,0,152.63
M Vijay,Shakib Al Hasan,14,10,0,140.0
M Vijay,TA Boult,23,17,0,135.29
M Vijay,TG Southee,30,25,1,120.0
M Vijay,UT Yadav,71,48,2,147.92
M Vijay,VR Aaron,56,44,0,127.27
M Vijay,YK Pathan,39,23,0,169.57
M Vijay,YS Chahal,13,10,1,130.0
M Vijay,Z Khan,34,40,0,85.0
M Vohra,AB Dinda,31,14,1,221.43
M Vohra,AD Russell,18,17,2,105.88
M Vohra,B Kumar,25,28,1,89.29
M Vohra,B Stanlake,12,10,0,120.0
M Vohra,BB Sran,36,17,0,211.76
M Vohra,CR Woakes,18,10,1,180.0
M Vohra,I Sharma,24,14,0,171.43
M Vohra,IC Pandey,19,15,2,126.67
M Vohra,Imran Tahir,8,11,2,72.73
M Vohra,JH Kallis,16,13,0,123.08
M Vohra,JJ Bumrah,13,12,1,108.33
M Vohra,JP Duminy,35,19,0,184.21
M Vohra,M Morkel,43,34,2,126.47
M Vohra,MC Henriques,22,11,0,200.0
M Vohra,Mohammad Nabi,16,11,0,145.45
M Vohra,Mohammed Shami,26,12,0,216.67
M Vohra,P Kumar,5,15,0,33.33
M Vohra,P Negi,20,13,1,153.85
M Vohra,PP Chawla,19,14,2,135.71
M Vohra,R Ashwin,8,10,0,80.0
M Vohra,RA Jadeja,17,15,2,113.33
M Vohra,Rashid Khan,39,16,0,243.75
M Vohra,S Badree,8,10,0,80.0
M Vohra,S Gopal,10,10,1,100.0
M Vohra,S Kaul,17,10,0,170.0
M Vohra,SP Narine,29,28,1,103.57
M Vohra,SR Watson,34,22,0,154.55
M Vohra,Shakib Al Hasan,28,21,0,133.33
M Vohra,TA Boult,10,10,1,100.0
M Vohra,UT Yadav,30,26,1,115.38
M Vohra,Z Khan,2,15,1,13.33
MA Agarwal,A Nehra,9,11,2,81.82
MA Agarwal,AD Russell,22,24,3,91.67
MA Agarwal,AR Patel,36,44,4,81.82
MA Agarwal,AS Rajpoot,18,10,0,180.0
MA Agarwal,Anureet Singh,25,20,1,125.0
MA Agarwal,Arshdeep Singh,18,11,0,163.64
MA Agarwal,Avesh Khan,48,31,0,154.84
MA Agarwal,Azmatullah Omarzai,8,11,1,72.73
MA Agarwal,B Kumar,31,29,1,106.9
MA Agarwal,Basil Thampi,18,11,0,163.64
MA Agarwal,C Sakariya,11,11,1,100.0
MA Agarwal,CH Morris,40,28,1,142.86
MA Agarwal,CV Varun,16,20,1,80.0
MA Agarwal,DE Bollinger,25,20,0,125.0
MA Agarwal,DJ Bravo,12,16,1,75.0
MA Agarwal,DL Chahar,22,19,1,115.79
MA Agarwal,DS Kulkarni,25,10,0,250.0
MA Agarwal,DW Steyn,18,18,0,100.0
MA Agarwal,GHS Garton,11,10,0,110.0
MA Agarwal,HH Pandya,12,14,3,85.71
MA Agarwal,HV Patel,21,21,1,100.0
MA Agarwal,Harbhajan Singh,44,24,2,183.33
MA Agarwal,Harshit Rana,27,18,2,150.0
MA Agarwal,I Sharma,50,30,1,166.67
MA Agarwal,JA Morkel,29,20,1,145.0
MA Agarwal,JC Archer,11,17,0,64.71
MA Agarwal,JD Unadkat,29,21,0,138.1
MA Agarwal,JJ Bumrah,15,18,2,83.33
MA Agarwal,JO Holder,12,10,1,120.0
MA Agarwal,JP Behrendorff,29,15,0,193.33
MA Agarwal,K Kartikeya,26,16,0,162.5
MA Agarwal,K Rabada,40,24,1,166.67
MA Agarwal,KA Jamieson,10,12,0,83.33
MA Agarwal,KA Pollard,9,10,1,90.0
MA Agarwal,KH Pandya,48,25,2,192.0
MA Agarwal,KK Ahmed,11,11,2,100.0
MA Agarwal,Kuldeep Yadav,13,14,0,92.86
MA Agarwal,LI Meriwala,18,11,1,163.64
MA Agarwal,Lalit Yadav,19,12,0,158.33
MA Agarwal,M Morkel,17,13,2,130.77
MA Agarwal,M Prasidh Krishna,44,25,1,176.0
MA Agarwal,MA Starc,24,25,1,96.0
MA Agarwal,MG Johnson,20,11,1,181.82
MA Agarwal,MM Patel,27,11,0,245.45
MA Agarwal,Mohammad Nabi,15,11,0,136.36
MA Agarwal,Mohammed Siraj,34,22,0,154.55
MA Agarwal,Mohsin Khan,13,10,0,130.0
MA Agarwal,Mustafizur Rahman,19,14,1,135.71
MA Agarwal,Navdeep Saini,16,13,0,123.08
MA Agarwal,P Kumar,3,10,0,30.0
MA Agarwal,PJ Cummins,19,18,0,105.56
MA Agarwal,PP Chawla,49,33,2,148.48
MA Agarwal,Pankaj Singh,19,15,1,126.67
MA Agarwal,R Ashwin,70,42,2,166.67
MA Agarwal,R Tewatia,34,16,1,212.5
MA Agarwal,R Vinay Kumar,22,12,1,183.33
MA Agarwal,RA Jadeja,20,12,2,166.67
MA Agarwal,RP Meredith,16,10,1,160.0
MA Agarwal,RP Singh,24,13,0,184.62
MA Agarwal,Rashid Khan,23,23,1,100.0
MA Agarwal,S Gopal,41,15,0,273.33
MA Agarwal,S Kaul,25,17,1,147.06
MA Agarwal,SL Malinga,15,11,2,136.36
MA Agarwal,SM Curran,22,16,0,137.5
MA Agarwal,SN Thakur,47,26,1,180.77
MA Agarwal,SP Narine,40,32,2,125.0
MA Agarwal,Sandeep Sharma,47,42,3,111.9
MA Agarwal,Shahbaz Ahmed,29,18,0,161.11
MA Agarwal,Shivam Mavi,18,18,0,100.0
MA Agarwal,TA Boult,38,27,0,140.74
MA Agarwal,TG Southee,46,35,0,131.43
MA Agarwal,UT Yadav,42,41,2,102.44
MA Agarwal,VR Aaron,15,13,0,115.38
MA Agarwal,YS Chahal,72,46,7,156.52
MA Starc,L Balaji,11,11,1,100.0
MC Henriques,A Mishra,37,31,1,119.35
MC Henriques,AB Dinda,22,11,0,200.0
MC Henriques,AR Patel,22,20,1,110.0
MC Henriques,DS Kulkarni,22,13,0,169.23
MC Henriques,HV Patel,37,19,1,194.74
MC Henriques,Harbhajan Singh,20,18,0,111.11
MC Henriques,J Yadav,6,12,0,50.0
MC Henriques,JJ Bumrah,11,10,1,110.0
MC Henriques,JP Faulkner,24,13,0,184.62
MC Henriques,Kuldeep Yadav,19,12,1,158.33
MC Henriques,MJ McClenaghan,15,16,0,93.75
MC Henriques,MM Sharma,17,12,1,141.67
MC Henriques,P Kumar,28,15,1,186.67
MC Henriques,PV Tambe,5,16,1,31.25
MC Henriques,S Aravind,21,10,0,210.0
MC Henriques,S Kaushik,32,28,0,114.29
MC Henriques,S Sreesanth,12,11,0,109.09
MC Henriques,SL Malinga,15,12,0,125.0
MC Henriques,SN Thakur,30,16,0,187.5
MC Henriques,SP Narine,17,15,2,113.33
MC Henriques,SR Watson,17,18,2,94.44
MC Henriques,UT Yadav,18,14,1,128.57
MC Henriques,YK Pathan,27,11,0,245.45
MC Henriques,YS Chahal,36,23,1,156.52
MC Henriques,Z Khan,21,10,0,210.0
MC Juneja,A Mishra,5,11,1,45.45
MC Juneja,PP Ojha,11,10,0,110.0
MD Mishra,A Kumble,15,11,0,136.36
MD Mishra,DE Bollinger,20,15,1,133.33
MD Mishra,JA Morkel,9,11,1,81.82
MD Mishra,R McLaren,13,10,0,130.0
MD Shanaka,M Theekshana,15,10,0,150.0
MEK Hussey,A Mishra,43,24,1,179.17
MEK Hussey,A Nehra,9,20,1,45.0
MEK Hussey,AB Agarkar,16,10,0,160.0
MEK Hussey,AC Thomas,15,16,0,93.75
MEK Hussey,AL Menaria,24,11,0,218.18
MEK Hussey,Ankit Sharma,18,11,1,163.64
MEK Hussey,Azhar Mahmood,20,12,0,166.67
MEK Hussey,B Akhil,18,12,0,150.0
MEK Hussey,B Lee,39,31,0,125.81
MEK Hussey,BJ Hodge,12,10,0,120.0
MEK Hussey,D Wiese,11,11,1,100.0
MEK Hussey,DL Vettori,23,18,0,127.78
MEK Hussey,DS Kulkarni,27,17,1,158.82
MEK Hussey,DW Steyn,8,12,0,66.67
MEK Hussey,Harbhajan Singh,39,46,1,84.78
MEK Hussey,I Sharma,38,20,0,190.0
MEK Hussey,IC Pandey,11,14,0,78.57
MEK Hussey,IK Pathan,59,36,2,163.89
MEK Hussey,Iqbal Abdulla,3,10,0,30.0
MEK Hussey,J Botha,29,33,1,87.88
MEK Hussey,J Syed Mohammad,24,11,1,218.18
MEK Hussey,JE Taylor,12,12,1,100.0
MEK Hussey,JH Kallis,62,39,2,158.97
MEK Hussey,JJ van der Wath,22,12,0,183.33
MEK Hussey,JP Duminy,13,14,0,92.86
MEK Hussey,JP Faulkner,23,21,0,109.52
MEK Hussey,JR Hopes,16,10,0,160.0
MEK Hussey,KA Pollard,32,24,0,133.33
MEK Hussey,KK Cooper,30,19,1,157.89
MEK Hussey,KV Sharma,12,12,0,100.0
MEK Hussey,L Balaji,59,42,2,140.48
MEK Hussey,M Kartik,15,15,1,100.0
MEK Hussey,M Morkel,30,33,0,90.91
MEK Hussey,MA Starc,19,17,0,111.76
MEK Hussey,MG Johnson,30,27,0,111.11
MEK Hussey,MM Patel,30,21,0,142.86
MEK Hussey,P Awana,24,16,0,150.0
MEK Hussey,P Kumar,23,20,2,115.0
MEK Hussey,PP Chawla,25,20,1,125.0
MEK Hussey,PP Ojha,17,19,1,89.47
MEK Hussey,R Bhatia,59,44,0,134.09
MEK Hussey,R Sathish,20,10,0,200.0
MEK Hussey,R Sharma,20,18,0,111.11
MEK Hussey,R Vinay Kumar,20,22,2,90.91
MEK Hussey,RA Jadeja,9,12,2,75.0
MEK Hussey,RJ Harris,21,18,0,116.67
MEK Hussey,RP Singh,28,26,1,107.69
MEK Hussey,S Aravind,18,16,0,112.5
MEK Hussey,S Kaul,18,12,0,150.0
MEK Hussey,S Nadeem,24,16,0,150.0
MEK Hussey,S Sreesanth,21,18,0,116.67
MEK Hussey,SK Trivedi,46,31,0,148.39
MEK Hussey,SK Warne,15,11,0,136.36
MEK Hussey,SL Malinga,41,37,2,110.81
MEK Hussey,SMSM Senanayake,7,12,0,58.33
MEK Hussey,SP Narine,37,44,4,84.09
MEK Hussey,SR Watson,30,27,0,111.11
MEK Hussey,STR Binny,39,22,1,177.27
MEK Hussey,SW Tait,2,11,1,18.18
MEK Hussey,Shakib Al Hasan,15,10,0,150.0
MEK Hussey,TM Dilshan,19,14,0,135.71
MEK Hussey,UT Yadav,12,21,1,57.14
MEK Hussey,V Kohli,14,11,0,127.27
MEK Hussey,V Sehwag,11,10,1,110.0
MEK Hussey,VS Malik,13,12,0,108.33
MEK Hussey,WD Parnell,13,14,0,92.86
MEK Hussey,YK Pathan,37,25,0,148.0
MEK Hussey,YS Chahal,21,12,0,175.0
MEK Hussey,Z Khan,31,34,4,91.18
MG Johnson,CH Morris,13,14,1,92.86
MG Johnson,SP Narine,15,17,2,88.24
MJ Clarke,V Pratap Singh,15,11,1,136.36
MJ Guptill,A Mishra,17,16,1,106.25
MJ Guptill,B Kumar,11,10,2,110.0
MJ Guptill,S Nadeem,17,14,0,121.43
MJ Guptill,UT Yadav,18,18,0,100.0
MJ Lumb,IK Pathan,24,11,0,218.18
MJ Lumb,J Theron,26,11,0,236.36
MJ Lumb,JA Morkel,36,16,2,225.0
MJ Lumb,PP Chawla,12,10,1,120.0
MJ Lumb,S Sreesanth,25,17,0,147.06
MK Lomror,Arshdeep Singh,16,11,1,145.45
MK Lomror,I Sharma,23,13,1,176.92
MK Lomror,JO Holder,14,10,0,140.0
MK Lomror,Kuldeep Yadav,31,14,0,221.43
MK Lomror,R Ashwin,19,19,1,100.0
MK Lomror,Rashid Khan,14,15,0,93.33
MK Lomror,S Kaul,7,12,1,58.33
MK Lomror,SP Narine,24,11,1,218.18
MK Lomror,TA Boult,11,10,0,110.0
MK Lomror,YS Chahal,38,27,3,140.74
MK Pandey,A Mishra,76,67,3,113.43
MK Pandey,A Nehra,11,11,0,100.0
MK Pandey,A Nortje,17,11,0,154.55
MK Pandey,A Symonds,18,19,0,94.74
MK Pandey,AB Dinda,16,11,2,145.45
MK Pandey,AD Russell,24,15,1,160.0
MK Pandey,AJ Tye,22,23,0,95.65
MK Pandey,AN Ahmed,8,10,0,80.0
MK Pandey,AR Patel,43,67,2,64.18
MK Pandey,AS Rajpoot,6,11,1,54.55
MK Pandey,AS Roy,8,10,1,80.0
MK Pandey,Arshdeep Singh,9,10,1,90.0
MK Pandey,B Kumar,22,22,4,100.0
MK Pandey,B Lee,26,15,0,173.33
MK Pandey,BA Stokes,29,15,0,193.33
MK Pandey,BB Sran,30,26,0,115.38
MK Pandey,BCJ Cutting,25,14,0,178.57
MK Pandey,Bipul Sharma,50,37,1,135.14
MK Pandey,CH Morris,40,29,0,137.93
MK Pandey,CJ Anderson,31,17,0,182.35
MK Pandey,CJ Jordan,7,13,1,53.85
MK Pandey,CV Varun,26,23,0,113.04
MK Pandey,DJ Bravo,40,29,2,137.93
MK Pandey,DL Chahar,35,23,1,152.17
MK Pandey,DL Vettori,8,10,1,80.0
MK Pandey,DS Kulkarni,9,14,1,64.29
MK Pandey,DT Christian,20,14,1,142.86
MK Pandey,DW Steyn,28,29,0,96.55
MK Pandey,FA Allen,18,11,0,163.64
MK Pandey,HH Pandya,34,29,3,117.24
MK Pandey,HR Shokeen,19,10,0,190.0
MK Pandey,HV Patel,7,11,1,63.64
MK Pandey,Harbhajan Singh,85,75,4,113.33
MK Pandey,I Sharma,31,44,1,70.45
MK Pandey,IK Pathan,48,31,0,154.84
MK Pandey,Imran Tahir,47,31,0,151.61
MK Pandey,Iqbal Abdulla,18,21,2,85.71
MK Pandey,JA Morkel,38,24,2,158.33
MK Pandey,JD Unadkat,35,41,3,85.37
MK Pandey,JDS Neesham,22,13,0,169.23
MK Pandey,JH Kallis,25,16,1,156.25
MK Pandey,JJ Bumrah,69,37,0,186.49
MK Pandey,JP Duminy,40,20,0,200.0
MK Pandey,Jaskaran Singh,31,17,0,182.35
MK Pandey,K Rabada,14,16,2,87.5
MK Pandey,KA Pollard,40,32,2,125.0
MK Pandey,KH Pandya,41,40,0,102.5
MK Pandey,KV Sharma,51,42,2,121.43
MK Pandey,Karanveer Singh,43,19,1,226.32
MK Pandey,Kartik Tyagi,61,33,0,184.85
MK Pandey,Kuldeep Yadav,14,14,1,100.0
MK Pandey,L Balaji,29,23,0,126.09
MK Pandey,L Ngidi,12,11,1,109.09
MK Pandey,M Ashwin,24,27,1,88.89
MK Pandey,M Markande,13,11,1,118.18
MK Pandey,M Morkel,19,13,0,146.15
MK Pandey,M Muralitharan,5,10,1,50.0
MK Pandey,M Pathirana,25,16,1,156.25
MK Pandey,M Prasidh Krishna,22,18,1,122.22
MK Pandey,MC Henriques,34,27,0,125.93
MK Pandey,MG Johnson,24,21,0,114.29
MK Pandey,MJ McClenaghan,42,24,0,175.0
MK Pandey,MM Ali,26,21,0,123.81
MK Pandey,MM Patel,41,23,0,178.26
MK Pandey,MM Sharma,44,30,0,146.67
MK Pandey,MP Stoinis,24,15,1,160.0
MK Pandey,MS Gony,16,11,0,145.45
MK Pandey,Mohammed Shami,35,40,3,87.5
MK Pandey,Mohammed Siraj,28,31,0,90.32
MK Pandey,Mujeeb Ur Rahman,29,26,0,111.54
MK Pandey,Mustafizur Rahman,27,19,1,142.11
MK Pandey,NM Coulter-Nile,26,17,0,152.94
MK Pandey,Navdeep Saini,28,19,0,147.37
MK Pandey,P Awana,35,17,0,205.88
MK Pandey,P Kumar,7,16,3,43.75
MK Pandey,P Negi,11,14,1,78.57
MK Pandey,PJ Cummins,25,23,0,108.7
MK Pandey,PP Chawla,25,26,2,96.15
MK Pandey,PP Ojha,66,57,2,115.79
MK Pandey,PWH de Silva,24,12,1,200.0
MK Pandey,R Ashwin,66,58,2,113.79
MK Pandey,R Dhawan,21,16,0,131.25
MK Pandey,R Parag,17,11,0,154.55
MK Pandey,R Tewatia,47,36,0,130.56
MK Pandey,RA Jadeja,45,53,2,84.91
MK Pandey,RJ Harris,32,37,2,86.49
MK Pandey,RP Meredith,17,12,0,141.67
MK Pandey,RP Singh,21,10,0,210.0
MK Pandey,Rashid Khan,12,16,0,75.0
MK Pandey,Ravi Bishnoi,12,17,1,70.59
MK Pandey,S Badree,10,10,0,100.0
MK Pandey,S Gopal,48,32,2,150.0
MK Pandey,S Nadeem,32,28,2,114.29
MK Pandey,S Sreesanth,9,10,0,90.0
MK Pandey,S Tyagi,15,17,0,88.24
MK Pandey,SK Trivedi,14,13,3,107.69
MK Pandey,SK Warne,15,12,0,125.0
MK Pandey,SL Malinga,36,39,4,92.31
MK Pandey,SM Curran,29,22,1,131.82
MK Pandey,SN Thakur,38,30,2,126.67
MK Pandey,SP Narine,27,28,0,96.43
MK Pandey,SR Watson,26,19,1,136.84
MK Pandey,Sandeep Sharma,44,27,2,162.96
MK Pandey,Shahbaz Ahmed,18,12,1,150.0
MK Pandey,Shakib Al Hasan,22,11,0,200.0
MK Pandey,TA Boult,25,18,1,138.89
MK Pandey,TG Southee,30,24,1,125.0
MK Pandey,TU Deshpande,19,13,2,146.15
MK Pandey,UT Yadav,59,39,0,151.28
MK Pandey,VR Aaron,15,11,0,136.36
MK Pandey,Washington Sundar,41,42,1,97.62
MK Pandey,YS Chahal,53,60,4,88.33
MK Pandey,Z Khan,31,36,1,86.11
MK Tiwary,A Mishra,47,33,0,142.42
MK Tiwary,A Mithun,11,12,0,91.67
MK Tiwary,A Singh,9,11,0,81.82
MK Tiwary,AB Agarkar,22,14,1,157.14
MK Tiwary,AD Russell,13,14,0,92.86
MK Tiwary,AF Milne,22,13,1,169.23
MK Tiwary,B Kumar,26,22,3,118.18
MK Tiwary,B Lee,16,10,0,160.0
MK Tiwary,BA Bhatt,11,13,1,84.62
MK Tiwary,DJ Bravo,18,13,0,138.46
MK Tiwary,DR Smith,12,19,0,63.16
MK Tiwary,DS Kulkarni,20,16,1,125.0
MK Tiwary,DW Steyn,36,22,1,163.64
MK Tiwary,Harbhajan Singh,48,34,0,141.18
MK Tiwary,IK Pathan,42,22,1,190.91
MK Tiwary,J Botha,31,28,1,110.71
MK Tiwary,JA Morkel,14,16,1,87.5
MK Tiwary,JD Unadkat,14,10,0,140.0
MK Tiwary,JH Kallis,25,11,1,227.27
MK Tiwary,JJ Bumrah,30,27,1,111.11
MK Tiwary,JR Hopes,11,12,0,91.67
MK Tiwary,KA Pollard,39,25,2,156.0
MK Tiwary,KH Pandya,10,12,0,83.33
MK Tiwary,KK Cooper,29,21,0,138.1
MK Tiwary,KV Sharma,10,10,0,100.0
MK Tiwary,M Kartik,7,12,0,58.33
MK Tiwary,M Morkel,20,19,4,105.26
MK Tiwary,M Muralitharan,20,19,0,105.26
MK Tiwary,MG Johnson,18,10,1,180.0
MK Tiwary,MM Patel,5,15,2,33.33
MK Tiwary,MM Sharma,15,10,0,150.0
MK Tiwary,MS Gony,14,12,1,116.67
MK Tiwary,P Kumar,10,12,0,83.33
MK Tiwary,PJ Cummins,20,14,1,142.86
MK Tiwary,PP Chawla,56,54,1,103.7
MK Tiwary,PP Ojha,23,27,1,85.19
MK Tiwary,R Ashwin,10,12,1,83.33
MK Tiwary,R Bhatia,18,16,0,112.5
MK Tiwary,R Vinay Kumar,9,15,3,60.0
MK Tiwary,RA Jadeja,32,30,2,106.67
MK Tiwary,RP Singh,17,16,1,106.25
MK Tiwary,RR Powar,22,20,0,110.0
MK Tiwary,RS Bopara,20,14,0,142.86
MK Tiwary,S Aravind,16,15,0,106.67
MK Tiwary,S Nadeem,13,15,1,86.67
MK Tiwary,S Randiv,22,10,1,220.0
MK Tiwary,SB Jakati,30,28,0,107.14
MK Tiwary,SK Raina,14,12,1,116.67
MK Tiwary,SK Trivedi,18,13,1,138.46
MK Tiwary,SL Malinga,20,30,1,66.67
MK Tiwary,SP Narine,27,18,0,150.0
MK Tiwary,SR Watson,22,11,0,200.0
MK Tiwary,SW Tait,14,13,0,107.69
MK Tiwary,UT Yadav,25,24,0,104.17
MK Tiwary,VS Malik,12,11,0,109.09
MK Tiwary,WD Parnell,31,19,0,163.16
MK Tiwary,YK Pathan,17,13,1,130.77
MK Tiwary,YS Chahal,28,13,0,215.38
MK Tiwary,Z Khan,10,13,1,76.92
ML Hayden,A Kumble,24,36,2,66.67
ML Hayden,A Nehra,27,21,1,128.57
ML Hayden,AB Agarkar,16,10,0,160.0
ML Hayden,C Nanda,15,11,0,136.36
ML Hayden,DJ Bravo,35,26,0,134.62
ML Hayden,DP Nannes,36,26,0,138.46
ML Hayden,DS Kulkarni,20,12,0,166.67
ML Hayden,DW Steyn,15,25,0,60.0
ML Hayden,Harbhajan Singh,40,44,1,90.91
ML Hayden,I Sharma,12,11,1,109.09
ML Hayden,IK Pathan,21,15,1,140.0
ML Hayden,JH Kallis,57,31,0,183.87
ML Hayden,K Goel,9,10,0,90.0
ML Hayden,M Kartik,12,10,0,120.0
ML Hayden,P Kumar,36,20,0,180.0
ML Hayden,PJ Sangwan,32,18,2,177.78
ML Hayden,R Vinay Kumar,40,18,1,222.22
ML Hayden,RA Jadeja,9,10,0,90.0
ML Hayden,RG Sharma,27,20,0,135.0
ML Hayden,RJ Harris,17,18,1,94.44
ML Hayden,RP Singh,43,23,0,186.96
ML Hayden,S Sreesanth,33,20,1,165.0
ML Hayden,SK Warne,16,11,0,145.45
ML Hayden,SL Malinga,25,31,0,80.65
ML Hayden,UT Yadav,16,10,0,160.0
ML Hayden,YK Pathan,29,30,2,96.67
ML Hayden,Z Khan,36,26,1,138.46
MM Ali,AR Patel,19,21,2,90.48
MM Ali,Avesh Khan,37,22,1,168.18
MM Ali,CV Varun,14,10,0,140.0
MM Ali,GJ Maxwell,12,15,1,80.0
MM Ali,HV Patel,20,19,2,105.26
MM Ali,JC Archer,17,14,0,121.43
MM Ali,K Rabada,14,12,0,116.67
MM Ali,KH Pandya,25,12,0,208.33
MM Ali,Kuldeep Yadav,48,20,2,240.0
MM Ali,LH Ferguson,21,13,1,161.54
MM Ali,M Ashwin,22,15,1,146.67
MM Ali,M Prasidh Krishna,37,26,1,142.31
MM Ali,Mohammed Shami,35,26,0,134.62
MM Ali,OC McCoy,10,11,1,90.91
MM Ali,R Ashwin,55,44,2,125.0
MM Ali,RD Chahar,30,26,2,115.38
MM Ali,RP Meredith,13,10,0,130.0
MM Ali,Rashid Khan,58,42,4,138.1
MM Ali,Ravi Bishnoi,33,21,2,157.14
MM Ali,SP Narine,20,11,2,181.82
MM Ali,Sandeep Sharma,26,15,0,173.33
MM Ali,TA Boult,43,20,1,215.0
MM Ali,Umran Malik,21,11,0,190.91
MM Ali,Washington Sundar,14,14,0,100.0
MM Ali,YS Chahal,40,28,0,142.86
MN Samuels,P Kumar,8,15,1,53.33
MN Samuels,SB Jakati,17,13,0,130.77
MN van Wyk,Harbhajan Singh,12,11,0,109.09
MN van Wyk,KP Appanna,14,10,0,140.0
MN van Wyk,R Bhatia,26,16,0,162.5
MP Stoinis,AD Russell,13,13,3,100.0
MP Stoinis,AJ Tye,21,14,1,150.0
MP Stoinis,AR Patel,15,25,2,60.0
MP Stoinis,Abhishek Sharma,17,11,1,154.55
MP Stoinis,Akash Madhwal,16,11,0,145.45
MP Stoinis,Arjun Tendulkar,8,10,0,80.0
MP Stoinis,Arshdeep Singh,13,10,0,130.0
MP Stoinis,B Kumar,21,12,2,175.0
MP Stoinis,BA Stokes,12,11,0,109.09
MP Stoinis,C Green,38,27,2,140.74
MP Stoinis,CJ Jordan,53,22,0,240.91
MP Stoinis,CV Varun,8,12,2,66.67
MP Stoinis,DJ Bravo,19,18,1,105.56
MP Stoinis,GC Viljoen,25,10,0,250.0
MP Stoinis,HH Pandya,25,11,0,227.27
MP Stoinis,HV Patel,28,18,2,155.56
MP Stoinis,JC Archer,31,24,1,129.17
MP Stoinis,JD Unadkat,12,16,2,75.0
MP Stoinis,JJ Bumrah,30,38,3,78.95
MP Stoinis,JO Holder,25,11,0,227.27
MP Stoinis,JR Hazlewood,33,23,1,143.48
MP Stoinis,K Rabada,29,24,0,120.83
MP Stoinis,KH Pandya,28,24,0,116.67
MP Stoinis,KK Ahmed,8,13,2,61.54
MP Stoinis,KV Sharma,39,21,2,185.71
MP Stoinis,Kuldeep Yadav,22,17,1,129.41
MP Stoinis,M Ashwin,24,18,0,133.33
MP Stoinis,M Pathirana,16,15,0,106.67
MP Stoinis,M Prasidh Krishna,50,16,1,312.5
MP Stoinis,MJ Santner,9,11,0,81.82
MP Stoinis,MM Ali,39,18,1,216.67
MP Stoinis,MM Sharma,35,16,2,218.75
MP Stoinis,Mohammed Shami,55,27,1,203.7
MP Stoinis,Mohammed Siraj,32,17,0,188.24
MP Stoinis,Mustafizur Rahman,43,23,1,186.96
MP Stoinis,Noor Ahmad,10,18,0,55.56
MP Stoinis,PP Chawla,41,35,1,117.14
MP Stoinis,PWH de Silva,20,16,0,125.0
MP Stoinis,R Ashwin,23,27,1,85.19
MP Stoinis,R Tewatia,22,18,2,122.22
MP Stoinis,RA Jadeja,34,19,1,178.95
MP Stoinis,RD Chahar,78,39,3,200.0
MP Stoinis,Rashid Khan,14,19,1,73.68
MP Stoinis,S Gopal,38,27,0,140.74
MP Stoinis,S Nadeem,18,19,1,94.74
MP Stoinis,SM Curran,24,12,2,200.0
MP Stoinis,SN Thakur,38,22,2,172.73
MP Stoinis,SP Narine,26,25,1,104.0
MP Stoinis,Sandeep Sharma,23,23,3,100.0
MP Stoinis,Shivam Mavi,24,15,2,160.0
MP Stoinis,T Natarajan,11,13,1,84.62
MP Stoinis,TA Boult,19,15,1,126.67
MP Stoinis,TU Deshpande,24,14,0,171.43
MP Stoinis,UT Yadav,12,12,0,100.0
MP Stoinis,Washington Sundar,22,15,1,146.67
MP Stoinis,YS Chahal,34,27,1,125.93
MR Marsh,A Kamboj,10,11,0,90.91
MR Marsh,A Mishra,22,17,0,129.41
MR Marsh,AJ Hosein,15,10,1,150.0
MR Marsh,AR Patel,20,21,0,95.24
MR Marsh,Abhishek Sharma,22,15,0,146.67
MR Marsh,Arshdeep Singh,25,16,3,156.25
MR Marsh,Ashwani Kumar,24,10,0,240.0
MR Marsh,B Kumar,20,15,1,133.33
MR Marsh,CV Varun,16,12,0,133.33
MR Marsh,DJ Bravo,13,10,1,130.0
MR Marsh,DL Chahar,33,15,0,220.0
MR Marsh,DW Steyn,14,11,1,127.27
MR Marsh,HV Patel,28,19,1,147.37
MR Marsh,Harpreet Brar,12,12,0,100.0
MR Marsh,Harsh Dubey,19,12,1,158.33
MR Marsh,K Rabada,39,24,1,162.5
MR Marsh,KR Sen,22,12,0,183.33
MR Marsh,Kuldeep Yadav,16,12,0,133.33
MR Marsh,M Prasidh Krishna,50,30,0,166.67
MR Marsh,MA Starc,24,11,1,218.18
MR Marsh,Mohammed Shami,21,12,1,175.0
MR Marsh,Mohammed Siraj,15,19,0,78.95
MR Marsh,Mukesh Kumar,21,10,2,210.0
MR Marsh,PJ Cummins,29,16,1,181.25
MR Marsh,PVD Chameera,27,14,0,192.86
MR Marsh,PWH de Silva,9,10,0,90.0
MR Marsh,R Ashwin,22,16,0,137.5
MR Marsh,R Vinay Kumar,4,10,1,40.0
MR Marsh,RA Jadeja,10,11,2,90.91
MR Marsh,SP Narine,23,12,0,191.67
MR Marsh,T Natarajan,15,10,1,150.0
MR Marsh,TA Boult,47,31,1,151.61
MR Marsh,VG Arora,17,13,0,130.77
MR Marsh,YS Chahal,12,11,1,109.09
MS Bisla,A Kumble,18,17,1,105.88
MS Bisla,A Mishra,3,11,2,27.27
MS Bisla,AA Chavan,22,18,1,122.22
MS Bisla,DJ Bravo,38,17,1,223.53
MS Bisla,DL Vettori,19,13,0,146.15
MS Bisla,DP Nannes,22,18,0,122.22
MS Bisla,DW Steyn,36,42,0,85.71
MS Bisla,GB Hogg,8,10,0,80.0
MS Bisla,Harmeet Singh,24,20,0,120.0
MS Bisla,I Sharma,16,12,0,133.33
MS Bisla,IK Pathan,4,11,1,36.36
MS Bisla,JA Morkel,30,18,1,166.67
MS Bisla,JH Kallis,30,20,1,150.0
MS Bisla,MG Johnson,5,10,0,50.0
MS Bisla,MM Sharma,22,18,0,122.22
MS Bisla,P Kumar,24,31,1,77.42
MS Bisla,PP Chawla,12,23,2,52.17
MS Bisla,R Ashwin,50,27,0,185.19
MS Bisla,R Vinay Kumar,25,16,0,156.25
MS Bisla,RA Jadeja,10,11,1,90.91
MS Bisla,SB Jakati,17,16,1,106.25
MS Bisla,SE Bond,9,11,0,81.82
MS Bisla,SK Warne,19,16,2,118.75
MS Bisla,SL Malinga,11,12,1,91.67
MS Bisla,SR Watson,22,20,1,110.0
MS Bisla,SW Tait,3,11,0,27.27
MS Bisla,V Kohli,20,11,0,181.82
MS Dhoni,A Ashish Reddy,26,14,2,185.71
MS Dhoni,A Kumble,23,27,0,85.19
MS Dhoni,A Mishra,50,41,1,121.95
MS Dhoni,A Mithun,34,15,0,226.67
MS Dhoni,A Nehra,76,39,3,194.87
MS Dhoni,A Nortje,34,19,1,178.95
MS Dhoni,A Symonds,15,16,1,93.75
MS Dhoni,AB Agarkar,46,29,0,158.62
MS Dhoni,AB Dinda,40,23,2,173.91
MS Dhoni,AD Russell,50,34,2,147.06
MS Dhoni,AJ Tye,44,26,0,169.23
MS Dhoni,AR Patel,77,65,0,118.46
MS Dhoni,Abdul Samad,19,14,0,135.71
MS Dhoni,Ankit Soni,8,14,0,57.14
MS Dhoni,Anureet Singh,25,13,0,192.31
MS Dhoni,Arshdeep Singh,32,18,1,177.78
MS Dhoni,Avesh Khan,49,29,2,168.97
MS Dhoni,B Kumar,102,60,0,170.0
MS Dhoni,BA Stokes,21,20,1,105.0
MS Dhoni,BAW Mendis,10,10,0,100.0
MS Dhoni,CH Gayle,44,25,0,176.0
MS Dhoni,CH Morris,38,27,0,140.74
MS Dhoni,CJ Anderson,34,16,0,212.5
MS Dhoni,CV Varun,13,21,4,61.9
MS Dhoni,D Wiese,13,11,1,118.18
MS Dhoni,DJ Bravo,55,31,0,177.42
MS Dhoni,DL Vettori,24,28,1,85.71
MS Dhoni,DR Sams,8,11,0,72.73
MS Dhoni,DS Kulkarni,42,24,0,175.0
MS Dhoni,DT Christian,12,11,1,109.09
MS Dhoni,DW Steyn,111,59,2,188.14
MS Dhoni,GD McGrath,14,13,0,107.69
MS Dhoni,HH Pandya,42,31,1,135.48
MS Dhoni,HV Patel,25,35,4,71.43
MS Dhoni,Harbhajan Singh,47,39,1,120.51
MS Dhoni,Harmeet Singh,15,12,1,125.0
MS Dhoni,I Sharma,29,21,1,138.1
MS Dhoni,IK Pathan,80,42,1,190.48
MS Dhoni,Imran Tahir,8,15,1,53.33
MS Dhoni,Iqbal Abdulla,34,30,0,113.33
MS Dhoni,J Theron,22,13,0,169.23
MS Dhoni,J Yadav,14,12,0,116.67
MS Dhoni,JC Archer,44,37,0,118.92
MS Dhoni,JD Unadkat,106,44,1,240.91
MS Dhoni,JH Kallis,47,39,1,120.51
MS Dhoni,JJ Bumrah,62,64,5,96.88
MS Dhoni,JP Faulkner,48,29,2,165.52
MS Dhoni,JR Hopes,20,15,1,133.33
MS Dhoni,K Rabada,7,15,1,46.67
MS Dhoni,KA Pollard,100,51,3,196.08
MS Dhoni,KH Pandya,33,30,0,110.0
MS Dhoni,KK Ahmed,51,24,0,212.5
MS Dhoni,KK Cooper,23,19,1,121.05
MS Dhoni,KMA Paul,12,11,0,109.09
MS Dhoni,KV Sharma,37,29,0,127.59
MS Dhoni,Karanveer Singh,18,12,1,150.0
MS Dhoni,Kuldeep Yadav,50,32,2,156.25
MS Dhoni,L Balaji,44,24,2,183.33
MS Dhoni,LR Shukla,37,19,0,194.74
MS Dhoni,LS Livingstone,16,15,0,106.67
MS Dhoni,M Ashwin,7,12,0,58.33
MS Dhoni,M Kartik,46,37,0,124.32
MS Dhoni,M Morkel,34,13,1,261.54
MS Dhoni,M Prasidh Krishna,22,12,0,183.33
MS Dhoni,MA Starc,25,17,1,147.06
MS Dhoni,MC Henriques,11,11,0,100.0
MS Dhoni,MG Johnson,59,40,1,147.5
MS Dhoni,MJ McClenaghan,31,25,1,124.0
MS Dhoni,MM Patel,17,14,1,121.43
MS Dhoni,MM Sharma,61,36,3,169.44
MS Dhoni,MP Stoinis,23,23,0,100.0
MS Dhoni,Mohammad Asif,21,16,1,131.25
MS Dhoni,Mohammed Shami,37,21,1,176.19
MS Dhoni,Mohammed Siraj,52,29,0,179.31
MS Dhoni,Mukesh Kumar,25,13,0,192.31
MS Dhoni,Mustafizur Rahman,12,11,0,109.09
MS Dhoni,Navdeep Saini,15,21,1,71.43
MS Dhoni,P Awana,20,15,1,133.33
MS Dhoni,P Kumar,46,30,1,153.33
MS Dhoni,P Negi,36,27,0,133.33
MS Dhoni,PJ Sangwan,12,11,0,109.09
MS Dhoni,PP Chawla,82,59,2,138.98
MS Dhoni,PP Ojha,98,96,7,102.08
MS Dhoni,PV Tambe,11,14,1,78.57
MS Dhoni,R Ashwin,33,32,0,103.12
MS Dhoni,R Bhatia,21,24,2,87.5
MS Dhoni,R Parag,19,12,0,158.33
MS Dhoni,R Sharma,21,19,1,110.53
MS Dhoni,R Tewatia,9,15,0,60.0
MS Dhoni,R Vinay Kumar,32,24,1,133.33
MS Dhoni,RA Jadeja,30,24,2,125.0
MS Dhoni,RD Chahar,19,34,2,55.88
MS Dhoni,RE van der Merwe,32,38,2,84.21
MS Dhoni,RG Sharma,9,10,0,90.0
MS Dhoni,RJ Harris,26,12,1,216.67
MS Dhoni,RP Singh,43,32,1,134.38
MS Dhoni,RS Bopara,17,11,0,154.55
MS Dhoni,Rashid Khan,41,42,2,97.62
MS Dhoni,Ravi Bishnoi,11,10,1,110.0
MS Dhoni,S Aravind,22,14,1,157.14
MS Dhoni,S Badree,12,10,0,120.0
MS Dhoni,S Gopal,34,30,1,113.33
MS Dhoni,S Kaul,62,36,1,172.22
MS Dhoni,S Nadeem,22,23,0,95.65
MS Dhoni,SB Styris,15,11,0,136.36
MS Dhoni,SK Trivedi,38,31,1,122.58
MS Dhoni,SK Warne,12,16,1,75.0
MS Dhoni,SL Malinga,89,61,2,145.9
MS Dhoni,SM Curran,38,17,0,223.53
MS Dhoni,SP Narine,40,77,3,51.95
MS Dhoni,SR Watson,43,37,3,116.22
MS Dhoni,STR Binny,19,15,0,126.67
MS Dhoni,Sandeep Sharma,37,24,1,154.17
MS Dhoni,Shivam Mavi,16,13,0,123.08
MS Dhoni,T Natarajan,26,16,2,162.5
MS Dhoni,T Shamsi,18,11,0,163.64
MS Dhoni,TA Boult,82,44,3,186.36
MS Dhoni,TK Curran,37,14,0,264.29
MS Dhoni,TL Suman,12,10,0,120.0
MS Dhoni,UT Yadav,68,37,2,183.78
MS Dhoni,V Sehwag,14,11,0,127.27
MS Dhoni,VRV Singh,31,17,0,182.35
MS Dhoni,VY Mahesh,5,10,1,50.0
MS Dhoni,YS Chahal,108,81,4,133.33
MS Dhoni,Yuvraj Singh,59,36,0,163.89
MS Dhoni,Z Khan,74,42,7,176.19
MS Wade,M Prasidh Krishna,13,12,0,108.33
MS Wade,TA Boult,21,14,1,150.0
MV Boucher,A Nehra,28,17,0,164.71
MV Boucher,DL Vettori,16,14,0,114.29
MV Boucher,Harbhajan Singh,16,10,0,160.0
MV Boucher,I Sharma,17,15,0,113.33
MV Boucher,JA Morkel,14,10,1,140.0
MV Boucher,PJ Sangwan,16,12,2,133.33
MV Boucher,SC Ganguly,6,14,1,42.86
MV Boucher,SM Pollock,16,10,0,160.0
MW Short,Mohammed Shami,18,10,0,180.0
Mandeep Singh,A Mishra,32,31,2,103.23
Mandeep Singh,A Nehra,29,14,0,207.14
Mandeep Singh,AA Chavan,22,13,1,169.23
Mandeep Singh,AB Dinda,23,16,0,143.75
Mandeep Singh,AD Russell,22,14,1,157.14
Mandeep Singh,AJ Tye,12,11,2,109.09
Mandeep Singh,AR Patel,34,37,3,91.89
Mandeep Singh,AS Rajpoot,8,11,0,72.73
Mandeep Singh,B Kumar,35,32,1,109.38
Mandeep Singh,B Laughlin,24,10,0,240.0
Mandeep Singh,BAW Mendis,15,11,0,136.36
Mandeep Singh,BW Hilfenhaus,11,11,0,100.0
Mandeep Singh,CH Morris,25,19,0,131.58
Mandeep Singh,CV Varun,13,12,0,108.33
Mandeep Singh,DJ Bravo,15,17,1,88.24
Mandeep Singh,DS Kulkarni,18,10,0,180.0
Mandeep Singh,DT Christian,18,12,0,150.0
Mandeep Singh,HH Pandya,19,17,1,111.76
Mandeep Singh,HV Patel,11,10,1,110.0
Mandeep Singh,Harbhajan Singh,6,11,0,54.55
Mandeep Singh,IK Pathan,21,12,1,175.0
Mandeep Singh,Imran Tahir,10,11,0,90.91
Mandeep Singh,JA Morkel,33,24,1,137.5
Mandeep Singh,JD Unadkat,28,16,0,175.0
Mandeep Singh,JH Kallis,15,19,2,78.95
Mandeep Singh,JP Faulkner,30,14,1,214.29
Mandeep Singh,K Rabada,20,11,0,181.82
Mandeep Singh,KH Pandya,15,13,1,115.38
Mandeep Singh,KMDN Kulasekara,12,11,0,109.09
Mandeep Singh,L Balaji,32,20,1,160.0
Mandeep Singh,LH Ferguson,27,19,1,142.11
Mandeep Singh,M Morkel,18,12,1,150.0
Mandeep Singh,M Prasidh Krishna,16,13,0,123.08
Mandeep Singh,MM Sharma,28,33,2,84.85
Mandeep Singh,MR Marsh,20,13,0,153.85
Mandeep Singh,PJ Cummins,32,19,1,168.42
Mandeep Singh,PP Chawla,60,31,0,193.55
Mandeep Singh,R Ashwin,24,26,2,92.31
Mandeep Singh,R Bhatia,15,11,0,136.36
Mandeep Singh,R Sharma,29,28,2,103.57
Mandeep Singh,R Vinay Kumar,45,23,3,195.65
Mandeep Singh,RA Jadeja,43,40,3,107.5
Mandeep Singh,RP Singh,9,13,1,69.23
Mandeep Singh,Rashid Khan,7,11,2,63.64
Mandeep Singh,S Kaul,8,10,2,80.0
Mandeep Singh,SL Malinga,10,10,2,100.0
Mandeep Singh,SMSM Senanayake,10,12,0,83.33
Mandeep Singh,SP Narine,58,43,3,134.88
Mandeep Singh,Sandeep Sharma,32,39,1,82.05
Mandeep Singh,Shakib Al Hasan,12,12,1,100.0
Mandeep Singh,UT Yadav,19,14,2,135.71
Mandeep Singh,V Pratap Singh,35,16,0,218.75
Mandeep Singh,VR Aaron,19,20,2,95.0
Mandeep Singh,Z Khan,26,15,0,173.33
Misbah-ul-Haq,DP Vijaykumar,7,10,0,70.0
Misbah-ul-Haq,R Bhatia,27,10,0,270.0
Mohammad Hafeez,P Amarnath,7,11,1,63.64
Mohammed Siraj,DJ Bravo,22,14,1,157.14
N Jagadeesan,DJ Willey,14,10,0,140.0
N Jagadeesan,Mohammed Shami,13,15,1,86.67
N Jagadeesan,R Sai Kishore,23,12,0,191.67
N Jagadeesan,YS Chahal,19,12,0,158.33
N Pooran,A Kamboj,32,13,1,246.15
N Pooran,AD Russell,45,23,1,195.65
N Pooran,Arshdeep Singh,49,30,2,163.33
N Pooran,Avesh Khan,14,17,2,82.35
N Pooran,CV Varun,76,46,2,165.22
N Pooran,D Pretorius,21,12,0,175.0
N Pooran,DJ Bravo,26,13,0,200.0
N Pooran,DL Chahar,23,12,1,191.67
N Pooran,HH Pandya,28,15,1,186.67
N Pooran,HV Patel,45,24,0,187.5
N Pooran,Harshit Rana,36,20,0,180.0
N Pooran,JC Archer,26,17,1,152.94
N Pooran,JJ Bumrah,17,19,1,89.47
N Pooran,JO Holder,32,17,0,188.24
N Pooran,K Rabada,33,28,3,117.86
N Pooran,KH Pandya,25,15,0,166.67
N Pooran,KK Ahmed,71,40,2,177.5
N Pooran,Kuldeep Yadav,44,32,1,137.5
N Pooran,LH Ferguson,15,11,0,136.36
N Pooran,LS Livingstone,22,11,0,200.0
N Pooran,M Prasidh Krishna,11,25,0,44.0
N Pooran,M Theekshana,13,10,0,130.0
N Pooran,MM Ali,18,10,0,180.0
N Pooran,MP Stoinis,24,12,0,200.0
N Pooran,Mohammed Shami,15,10,1,150.0
N Pooran,Mohammed Siraj,51,26,1,196.15
N Pooran,Mukesh Kumar,22,14,1,157.14
N Pooran,Mustafizur Rahman,30,15,0,200.0
N Pooran,N Thushara,13,10,1,130.0
N Pooran,PJ Cummins,43,24,1,179.17
N Pooran,PP Chawla,18,10,0,180.0
N Pooran,R Ashwin,30,25,1,120.0
N Pooran,RA Jadeja,42,20,1,210.0
N Pooran,RD Chahar,40,20,0,200.0
N Pooran,Rashid Khan,46,40,2,115.0
N Pooran,SH Johnson,17,13,0,130.77
N Pooran,SN Thakur,53,20,4,265.0
N Pooran,SP Narine,37,37,2,100.0
N Pooran,Sandeep Sharma,37,25,3,148.0
N Pooran,T Natarajan,52,30,0,173.33
N Pooran,TU Deshpande,21,11,1,190.91
N Pooran,VG Arora,29,16,0,181.25
N Pooran,Washington Sundar,38,24,0,158.33
N Pooran,YS Chahal,52,36,2,144.44
N Rana,A Mishra,16,12,0,133.33
N Rana,A Nortje,26,24,1,108.33
N Rana,AJ Tye,10,13,1,76.92
N Rana,AR Patel,37,31,2,119.35
N Rana,AS Joseph,13,10,1,130.0
N Rana,Avesh Khan,29,23,2,126.09
N Rana,B Kumar,50,41,2,121.95
N Rana,BA Stokes,16,20,0,80.0
N Rana,CH Morris,28,14,3,200.0
N Rana,DJ Bravo,15,18,2,83.33
N Rana,DL Chahar,40,40,2,100.0
N Rana,GJ Maxwell,15,10,1,150.0
N Rana,HH Pandya,41,27,3,151.85
N Rana,HV Patel,38,22,1,172.73
N Rana,I Sharma,26,20,1,130.0
N Rana,JC Archer,9,13,2,69.23
N Rana,JD Unadkat,24,19,0,126.32
N Rana,JJ Bumrah,25,27,2,92.59
N Rana,JO Holder,10,10,1,100.0
N Rana,K Gowtham,31,19,1,163.16
N Rana,K Rabada,20,23,0,86.96
N Rana,KA Pollard,34,20,1,170.0
N Rana,KH Pandya,26,21,1,123.81
N Rana,KK Ahmed,47,25,0,188.0
N Rana,KV Sharma,26,13,1,200.0
N Rana,Kuldeep Yadav,36,21,0,171.43
N Rana,Lalit Yadav,43,22,1,195.45
N Rana,M Ashwin,14,13,1,107.69
N Rana,M Jansen,30,33,1,90.91
N Rana,M Markande,32,27,1,118.52
N Rana,M Pathirana,8,11,0,72.73
N Rana,M Theekshana,18,14,0,128.57
N Rana,MJ Santner,36,17,0,211.76
N Rana,MM Ali,32,21,1,152.38
N Rana,MM Sharma,31,16,1,193.75
N Rana,MP Stoinis,68,46,2,147.83
N Rana,Mohammad Nabi,15,17,1,88.24
N Rana,Mohammed Shami,21,23,1,91.3
N Rana,Mohammed Siraj,35,25,3,140.0
N Rana,Mustafizur Rahman,17,18,1,94.44
N Rana,NT Ellis,21,20,0,105.0
N Rana,Navdeep Saini,20,10,0,200.0
N Rana,P Negi,18,14,1,128.57
N Rana,PP Chawla,8,10,0,80.0
N Rana,R Ashwin,141,71,0,198.59
N Rana,R Tewatia,17,16,1,106.25
N Rana,RA Jadeja,61,45,1,135.56
N Rana,RD Chahar,38,31,3,122.58
N Rana,Rashid Khan,74,65,2,113.85
N Rana,Ravi Bishnoi,10,11,1,90.91
N Rana,S Gopal,8,13,1,61.54
N Rana,S Kaul,12,17,1,70.59
N Rana,SB Jakati,22,11,0,200.0
N Rana,SM Curran,24,23,0,104.35
N Rana,SN Thakur,36,29,2,124.14
N Rana,Sandeep Sharma,71,40,0,177.5
N Rana,T Natarajan,77,48,3,160.42
N Rana,TA Boult,55,34,1,161.76
N Rana,TU Deshpande,29,22,0,131.82
N Rana,Umran Malik,44,25,1,176.0
N Rana,VR Aaron,9,13,0,69.23
N Rana,Washington Sundar,36,26,2,138.46
N Rana,YS Chahal,81,70,6,115.71
N Rana,Yash Dayal,20,14,0,142.86
N Saini,AB McDonald,14,11,1,127.27
N Saini,DL Vettori,17,10,0,170.0
N Saini,MM Patel,14,11,0,127.27
N Saini,RP Singh,17,17,0,100.0
N Saini,Z Khan,13,12,1,108.33
N Wadhera,DS Rathi,17,13,0,130.77
N Wadhera,HV Patel,25,13,0,192.31
N Wadhera,JR Hazlewood,5,10,0,50.0
N Wadhera,M Theekshana,35,27,0,129.63
N Wadhera,MM Sharma,13,10,1,130.0
N Wadhera,MP Yadav,21,12,0,175.0
N Wadhera,Mohammed Shami,15,10,1,150.0
N Wadhera,Naveen-ul-Haq,19,19,0,100.0
N Wadhera,PWH de Silva,72,36,1,200.0
N Wadhera,R Ashwin,19,12,1,158.33
N Wadhera,RA Jadeja,30,17,0,176.47
N Wadhera,Ravi Bishnoi,37,25,1,148.0
N Wadhera,Suyash Sharma,28,20,0,140.0
N Wadhera,TU Deshpande,8,10,0,80.0
N Wadhera,Yash Thakur,19,12,1,158.33
NK Patel,AB Dinda,7,13,0,53.85
NK Patel,IK Pathan,6,10,0,60.0
NLTC Perera,PP Chawla,15,12,1,125.0
NLTC Perera,SP Narine,32,24,0,133.33
NV Ojha,A Mishra,44,20,2,220.0
NV Ojha,AB Dinda,20,23,1,86.96
NV Ojha,AD Mathews,28,15,0,186.67
NV Ojha,AR Patel,36,25,1,144.0
NV Ojha,Anureet Singh,12,12,0,100.0
NV Ojha,CH Morris,8,12,1,66.67
NV Ojha,DE Bollinger,18,18,0,100.0
NV Ojha,DJ Bravo,6,15,1,40.0
NV Ojha,DW Steyn,14,17,0,82.35
NV Ojha,I Sharma,16,10,1,160.0
NV Ojha,IK Pathan,8,10,0,80.0
NV Ojha,JA Morkel,68,42,2,161.9
NV Ojha,JH Kallis,14,19,1,73.68
NV Ojha,KA Pollard,14,13,0,107.69
NV Ojha,M Morkel,25,19,1,131.58
NV Ojha,M Muralitharan,33,25,1,132.0
NV Ojha,MF Maharoof,25,18,0,138.89
NV Ojha,MM Patel,15,13,1,115.38
NV Ojha,MS Gony,6,12,0,50.0
NV Ojha,NM Coulter-Nile,12,13,1,92.31
NV Ojha,P Kumar,34,29,0,117.24
NV Ojha,PP Chawla,55,39,2,141.03
NV Ojha,PV Tambe,15,16,1,93.75
NV Ojha,R Ashwin,15,19,2,78.95
NV Ojha,R Bhatia,34,31,3,109.68
NV Ojha,R Dhawan,25,15,0,166.67
NV Ojha,R Vinay Kumar,28,24,1,116.67
NV Ojha,RJ Harris,17,15,0,113.33
NV Ojha,RN ten Doeschate,13,10,1,130.0
NV Ojha,RP Singh,10,25,4,40.0
NV Ojha,RR Powar,30,14,0,214.29
NV Ojha,S Sreesanth,23,27,2,85.19
NV Ojha,SB Jakati,50,22,1,227.27
NV Ojha,SJ Srivastava,29,14,1,207.14
NV Ojha,SK Raina,18,15,1,120.0
NV Ojha,SL Malinga,20,19,0,105.26
NV Ojha,SP Narine,32,50,2,64.0
NV Ojha,Shakib Al Hasan,19,11,1,172.73
NV Ojha,Shivam Sharma,23,10,0,230.0
NV Ojha,TA Boult,14,10,1,140.0
NV Ojha,TP Sudhindra,14,11,0,127.27
NV Ojha,UT Yadav,24,19,2,126.32
NV Ojha,VR Aaron,15,10,2,150.0
NV Ojha,Yuvraj Singh,12,11,1,109.09
NV Ojha,Z Khan,32,32,2,100.0
Naman Dhir,Akash Deep,28,11,0,254.55
Naman Dhir,Arshdeep Singh,23,10,1,230.0
Naman Dhir,Azmatullah Omarzai,28,13,2,215.38
Naman Dhir,M Prasidh Krishna,16,11,2,145.45
Nithish Kumar Reddy,Avesh Khan,23,15,1,153.33
Nithish Kumar Reddy,HH Pandya,14,14,1,100.0
Nithish Kumar Reddy,HV Patel,9,12,1,75.0
Nithish Kumar Reddy,Harpreet Brar,45,20,0,225.0
Nithish Kumar Reddy,M Prasidh Krishna,8,10,0,80.0
Nithish Kumar Reddy,MA Starc,7,12,2,58.33
Nithish Kumar Reddy,Prince Yadav,10,10,1,100.0
Nithish Kumar Reddy,R Sai Kishore,11,13,1,84.62
Nithish Kumar Reddy,RA Jadeja,11,10,1,110.0
Nithish Kumar Reddy,RD Chahar,23,12,0,191.67
Nithish Kumar Reddy,Rashid Khan,27,16,0,168.75
Nithish Kumar Reddy,Sandeep Sharma,11,13,0,84.62
Nithish Kumar Reddy,TA Boult,10,11,1,90.91
Nithish Kumar Reddy,VG Arora,25,12,0,208.33
Nithish Kumar Reddy,YS Chahal,24,14,0,171.43
OA Shah,A Symonds,16,13,0,123.08
OA Shah,DJ Bravo,16,13,0,123.08
OA Shah,Harbhajan Singh,24,14,0,171.43
OA Shah,JEC Franklin,17,11,0,154.55
OA Shah,KA Pollard,40,22,0,181.82
OA Shah,MS Gony,9,10,0,90.0
OA Shah,PP Ojha,23,23,0,100.0
OA Shah,R Ashwin,8,10,0,80.0
OA Shah,R Bhatia,19,17,0,111.76
OA Shah,RA Jadeja,15,10,0,150.0
OA Shah,SL Malinga,19,15,1,126.67
OA Shah,SP Narine,16,17,1,94.12
OA Shah,YK Pathan,7,10,0,70.0
P Dogra,A Mishra,15,20,0,75.0
P Dogra,R Bhatia,6,13,3,46.15
P Dogra,S Ladda,19,16,1,118.75
P Dubey,RD Chahar,7,10,0,70.0
P Kumar,SK Warne,27,19,1,142.11
P Kumar,SL Malinga,13,13,3,100.0
P Kumar,UT Yadav,14,11,1,127.27
P Negi,JJ Bumrah,27,19,1,142.11
P Negi,MJ McClenaghan,25,21,1,119.05
P Negi,R Vinay Kumar,15,10,1,150.0
P Negi,SL Malinga,16,14,2,114.29
P Simran Singh,AR Patel,24,26,1,92.31
P Simran Singh,Avesh Khan,47,24,0,195.83
P Simran Singh,Azmatullah Omarzai,9,11,0,81.82
P Simran Singh,B Kumar,78,46,4,169.57
P Simran Singh,DL Chahar,15,12,0,125.0
P Simran Singh,DS Rathi,27,16,2,168.75
P Simran Singh,HV Patel,15,11,0,136.36
P Simran Singh,Harshit Rana,25,12,2,208.33
P Simran Singh,I Sharma,44,28,1,157.14
P Simran Singh,KH Pandya,8,10,2,80.0
P Simran Singh,KK Ahmed,48,37,1,129.73
P Simran Singh,Kuldeep Yadav,37,21,1,176.19
P Simran Singh,MJ Santner,3,10,0,30.0
P Simran Singh,MP Yadav,26,12,1,216.67
P Simran Singh,Mohammed Siraj,10,11,0,90.91
P Simran Singh,Noor Ahmad,19,11,2,172.73
P Simran Singh,PJ Cummins,25,17,0,147.06
P Simran Singh,Prince Yadav,19,12,0,158.33
P Simran Singh,RA Jadeja,21,16,2,131.25
P Simran Singh,Rashid Khan,14,14,0,100.0
P Simran Singh,Ravi Bishnoi,38,15,0,253.33
P Simran Singh,Sandeep Sharma,10,11,1,90.91
P Simran Singh,T Natarajan,21,17,1,123.53
P Simran Singh,TA Boult,31,31,3,100.0
P Simran Singh,TU Deshpande,25,14,1,178.57
P Simran Singh,UT Yadav,25,15,0,166.67
P Simran Singh,V Viyaskanth,22,15,1,146.67
P Simran Singh,VG Arora,28,11,0,254.55
P Simran Singh,Yash Dayal,24,17,0,141.18
PA Patel,A Nehra,62,36,3,172.22
PA Patel,AB Agarkar,35,28,1,125.0
PA Patel,AB Dinda,54,50,2,108.0
PA Patel,AC Thomas,14,10,0,140.0
PA Patel,AJ Tye,18,11,0,163.64
PA Patel,AR Patel,26,22,0,118.18
PA Patel,AS Rajpoot,20,13,0,153.85
PA Patel,B Kumar,65,68,7,95.59
PA Patel,B Lee,13,13,1,100.0
PA Patel,BJ Hodge,9,10,0,90.0
PA Patel,DE Bollinger,9,11,1,81.82
PA Patel,DJ Bravo,20,15,3,133.33
PA Patel,DL Chahar,9,13,0,69.23
PA Patel,DP Nannes,4,10,1,40.0
PA Patel,DS Kulkarni,40,26,2,153.85
PA Patel,DW Steyn,47,44,1,106.82
PA Patel,Harbhajan Singh,33,41,1,80.49
PA Patel,I Sharma,50,36,1,138.89
PA Patel,IK Pathan,50,38,1,131.58
PA Patel,Imran Tahir,31,20,1,155.0
PA Patel,Iqbal Abdulla,15,12,1,125.0
PA Patel,J Botha,18,21,0,85.71
PA Patel,JC Archer,27,13,1,207.69
PA Patel,JD Unadkat,35,29,2,120.69
PA Patel,JH Kallis,34,36,2,94.44
PA Patel,JJ Bumrah,12,15,1,80.0
PA Patel,JP Behrendorff,24,11,0,218.18
PA Patel,JP Duminy,13,17,0,76.47
PA Patel,K Gowtham,7,10,0,70.0
PA Patel,K Rabada,12,13,2,92.31
PA Patel,L Balaji,25,18,0,138.89
PA Patel,L Ngidi,20,15,0,133.33
PA Patel,M Morkel,32,26,0,123.08
PA Patel,M Muralitharan,12,10,1,120.0
PA Patel,MG Johnson,84,41,1,204.88
PA Patel,MM Patel,26,17,1,152.94
PA Patel,MM Sharma,93,50,2,186.0
PA Patel,Mohammad Nabi,14,10,1,140.0
PA Patel,Mohammed Shami,52,37,2,140.54
PA Patel,P Awana,31,19,1,163.16
PA Patel,P Kumar,52,57,3,91.23
PA Patel,P Negi,23,13,0,176.92
PA Patel,PJ Sangwan,18,10,1,180.0
PA Patel,PP Chawla,32,29,0,110.34
PA Patel,PP Ojha,22,11,0,200.0
PA Patel,Pankaj Singh,13,11,0,118.18
PA Patel,R Ashwin,32,45,4,71.11
PA Patel,R McLaren,8,12,1,66.67
PA Patel,R Vinay Kumar,23,23,2,100.0
PA Patel,RA Jadeja,47,42,2,111.9
PA Patel,RE van der Merwe,9,12,0,75.0
PA Patel,RP Singh,23,25,1,92.0
PA Patel,RR Powar,27,20,1,135.0
PA Patel,S Kaul,13,13,1,100.0
PA Patel,S Lamichhane,19,11,1,172.73
PA Patel,S Nadeem,16,13,2,123.08
PA Patel,S Sreesanth,20,12,0,166.67
PA Patel,SB Jakati,24,16,0,150.0
PA Patel,SK Raina,11,10,0,110.0
PA Patel,SK Trivedi,15,10,0,150.0
PA Patel,SK Warne,25,22,2,113.64
PA Patel,SL Malinga,25,27,3,92.59
PA Patel,SMSM Senanayake,6,10,0,60.0
PA Patel,SN Thakur,46,30,2,153.33
PA Patel,SP Narine,26,29,1,89.66
PA Patel,SR Watson,9,10,0,90.0
PA Patel,STR Binny,17,15,0,113.33
PA Patel,Sandeep Sharma,34,56,3,60.71
PA Patel,Shakib Al Hasan,15,10,2,150.0
PA Patel,Sohail Tanvir,11,13,1,84.62
PA Patel,TA Boult,16,13,0,123.08
PA Patel,TG Southee,19,13,0,146.15
PA Patel,UT Yadav,60,34,2,176.47
PA Patel,WD Parnell,13,12,1,108.33
PA Patel,Washington Sundar,35,28,1,125.0
PA Patel,YK Pathan,31,36,3,86.11
PA Patel,Z Khan,43,42,0,102.38
PA Reddy,A Chandila,4,11,1,36.36
PA Reddy,J Botha,18,11,0,163.64
PA Reddy,R Vinay Kumar,10,10,1,100.0
PBB Rajapaksa,AS Joseph,10,12,1,83.33
PBB Rajapaksa,PWH de Silva,23,14,1,164.29
PBB Rajapaksa,Rashid Khan,10,15,0,66.67
PBB Rajapaksa,SN Thakur,22,11,1,200.0
PBB Rajapaksa,SP Narine,23,11,0,209.09
PC Valthaty,A Mishra,18,16,2,112.5
PC Valthaty,DW Steyn,14,17,1,82.35
PC Valthaty,Harbhajan Singh,12,15,0,80.0
PC Valthaty,I Sharma,8,10,0,80.0
PC Valthaty,IK Pathan,20,15,2,133.33
PC Valthaty,JA Morkel,34,12,0,283.33
PC Valthaty,JR Hopes,21,13,0,161.54
PC Valthaty,M Morkel,9,14,1,64.29
PC Valthaty,MM Patel,10,10,1,100.0
PC Valthaty,R Ashwin,19,12,0,158.33
PC Valthaty,S Randiv,23,13,0,176.92
PC Valthaty,SL Malinga,1,10,0,10.0
PC Valthaty,TG Southee,22,14,0,157.14
PC Valthaty,VR Aaron,14,14,0,100.0
PC Valthaty,Z Khan,21,15,1,140.0
PD Collingwood,CH Gayle,23,12,0,191.67
PD Collingwood,KP Appanna,6,11,0,54.55
PD Collingwood,M Kartik,6,10,0,60.0
PD Collingwood,PP Ojha,10,10,0,100.0
PD Collingwood,R Sharma,17,14,0,121.43
PD Salt,AJ Hosein,21,10,0,210.0
PD Salt,Arshdeep Singh,37,28,2,132.14
PD Salt,B Kumar,15,14,1,107.14
PD Salt,CV Varun,25,10,1,250.0
PD Salt,HV Patel,43,13,0,330.77
PD Salt,Harpreet Brar,35,21,1,166.67
PD Salt,JC Archer,23,15,0,153.33
PD Salt,KK Ahmed,50,31,0,161.29
PD Salt,KV Sharma,20,11,1,181.82
PD Salt,M Jansen,30,13,1,230.77
PD Salt,M Markande,19,16,2,118.75
PD Salt,MA Starc,21,10,0,210.0
PD Salt,Mohammed Siraj,56,28,2,200.0
PD Salt,Mohsin Khan,26,11,0,236.36
PD Salt,NT Ellis,21,10,0,210.0
PD Salt,PJ Cummins,5,10,1,50.0
PD Salt,PWH de Silva,26,19,1,136.84
PD Salt,S Joseph,14,10,0,140.0
PD Salt,SM Curran,24,16,1,150.0
PD Salt,Sandeep Sharma,14,10,0,140.0
PD Salt,T Natarajan,9,10,0,90.0
PD Salt,TA Boult,13,12,1,108.33
PD Salt,TU Deshpande,24,14,1,171.43
PD Salt,Yash Dayal,19,12,0,158.33
PJ Cummins,Avesh Khan,13,11,2,118.18
PJ Cummins,CV Varun,19,14,1,135.71
PJ Cummins,Harshit Rana,21,16,0,131.25
PJ Cummins,I Sharma,24,10,0,240.0
PJ Cummins,JJ Bumrah,54,34,1,158.82
PJ Cummins,KV Sharma,19,10,0,190.0
PJ Cummins,L Ngidi,20,12,0,166.67
PJ Cummins,NM Coulter-Nile,22,10,0,220.0
PJ Cummins,SM Curran,41,14,1,292.86
PJ Cummins,SN Thakur,47,21,1,223.81
PJ Cummins,SP Narine,10,15,0,66.67
PJ Cummins,TA Boult,23,14,2,164.29
PJ Cummins,Washington Sundar,3,12,0,25.0
PK Garg,DJ Bravo,17,14,1,121.43
PK Garg,DR Sams,19,10,0,190.0
PK Garg,KV Sharma,8,11,1,72.73
PK Garg,M Markande,15,10,1,150.0
PK Garg,RA Jadeja,11,11,0,100.0
PK Garg,SP Narine,6,10,0,60.0
PK Garg,Shakib Al Hasan,13,11,0,118.18
PK Garg,YS Chahal,14,13,1,107.69
PN Mankad,T Natarajan,17,13,0,130.77
PP Chawla,DW Steyn,18,10,1,180.0
PP Chawla,Harbhajan Singh,7,10,2,70.0
PP Chawla,Imran Tahir,12,11,0,109.09
PP Chawla,JA Morkel,9,16,2,56.25
PP Chawla,L Balaji,11,16,1,68.75
PP Chawla,M Manhas,6,11,0,54.55
PP Chawla,M Muralitharan,8,11,1,72.73
PP Chawla,MG Johnson,16,11,1,145.45
PP Chawla,MM Sharma,17,11,3,154.55
PP Chawla,R Sharma,12,18,1,66.67
PP Chawla,RP Singh,15,10,1,150.0
PP Chawla,Rashid Khan,4,11,1,36.36
PP Chawla,SK Trivedi,9,10,1,90.0
PP Chawla,SL Malinga,11,17,2,64.71
PP Chawla,SP Narine,13,15,1,86.67
PP Chawla,SR Watson,21,17,2,123.53
PP Shaw,AD Russell,17,17,0,100.0
PP Shaw,Arshad Khan,17,11,0,154.55
PP Shaw,Arshdeep Singh,37,22,1,168.18
PP Shaw,B Kumar,35,35,2,100.0
PP Shaw,Basil Thampi,10,11,1,90.91
PP Shaw,CV Varun,37,25,3,148.0
PP Shaw,DL Chahar,90,73,6,123.29
PP Shaw,DR Sams,29,21,0,138.1
PP Shaw,DS Kulkarni,24,13,0,184.62
PP Shaw,G Coetzee,17,10,0,170.0
PP Shaw,GJ Maxwell,15,13,0,115.38
PP Shaw,HH Pandya,17,12,0,141.67
PP Shaw,J Yadav,12,12,1,100.0
PP Shaw,JC Archer,14,16,2,87.5
PP Shaw,JD Unadkat,34,17,1,200.0
PP Shaw,JJ Bumrah,16,22,2,72.73
PP Shaw,JR Hazlewood,32,20,0,160.0
PP Shaw,K Gowtham,31,15,1,206.67
PP Shaw,K Rabada,11,10,0,110.0
PP Shaw,KH Pandya,18,17,1,105.88
PP Shaw,KK Ahmed,27,21,3,128.57
PP Shaw,MA Starc,23,10,0,230.0
PP Shaw,MG Johnson,24,11,0,218.18
PP Shaw,MM Ali,24,15,0,160.0
PP Shaw,Mohammad Nabi,19,17,0,111.76
PP Shaw,Mohammed Shami,46,28,1,164.29
PP Shaw,Mohammed Siraj,41,29,4,141.38
PP Shaw,Mustafizur Rahman,18,10,0,180.0
PP Shaw,Navdeep Saini,13,11,0,118.18
PP Shaw,PJ Cummins,32,20,1,160.0
PP Shaw,PP Chawla,49,26,2,188.46
PP Shaw,RA Jadeja,57,33,2,172.73
PP Shaw,RD Chahar,27,20,2,135.0
PP Shaw,Ravi Bishnoi,13,12,1,108.33
PP Shaw,S Gopal,14,11,2,127.27
PP Shaw,SM Curran,28,23,1,121.74
PP Shaw,SN Thakur,42,16,0,262.5
PP Shaw,SP Narine,47,31,0,151.61
PP Shaw,Sandeep Sharma,24,12,1,200.0
PP Shaw,Shakib Al Hasan,31,20,1,155.0
PP Shaw,Shivam Mavi,41,18,0,227.78
PP Shaw,TA Boult,28,28,4,100.0
PP Shaw,UT Yadav,25,17,2,147.06
PP Shaw,VG Arora,21,12,2,175.0
PP Shaw,Washington Sundar,38,23,1,165.22
PP Shaw,YS Chahal,41,21,2,195.24
PWH de Silva,Umran Malik,1,10,0,10.0
Priyansh Arya,B Kumar,17,20,0,85.0
Priyansh Arya,JR Hazlewood,29,16,2,181.25
Priyansh Arya,KK Ahmed,38,19,1,200.0
Priyansh Arya,R Ashwin,28,10,0,280.0
Priyansh Arya,TA Boult,21,12,0,175.0
Priyansh Arya,Yash Dayal,23,13,1,176.92
Q de Kock,A Mishra,11,12,0,91.67
Q de Kock,A Nehra,19,10,0,190.0
Q de Kock,A Nortje,49,34,1,144.12
Q de Kock,AB Dinda,2,10,2,20.0
Q de Kock,AD Russell,89,37,2,240.54
Q de Kock,AR Patel,84,53,1,158.49
Q de Kock,AS Rajpoot,20,11,0,181.82
Q de Kock,Abdul Samad,25,10,0,250.0
Q de Kock,Arshdeep Singh,8,12,1,66.67
Q de Kock,B Kumar,45,48,1,93.75
Q de Kock,BW Hilfenhaus,12,12,0,100.0
Q de Kock,C Sakariya,25,15,0,166.67
Q de Kock,CH Morris,22,14,0,157.14
Q de Kock,CJ Green,13,10,0,130.0
Q de Kock,CJ Jordan,20,14,0,142.86
Q de Kock,CV Varun,39,32,2,121.88
Q de Kock,DJ Bravo,15,14,1,107.14
Q de Kock,DL Chahar,109,87,5,125.29
Q de Kock,DR Sams,19,12,0,158.33
Q de Kock,DS Kulkarni,55,35,1,157.14
Q de Kock,DW Steyn,28,22,1,127.27
Q de Kock,GJ Maxwell,14,17,0,82.35
Q de Kock,HH Pandya,20,11,0,181.82
Q de Kock,HV Patel,44,31,0,141.94
Q de Kock,Harbhajan Singh,35,40,1,87.5
Q de Kock,Harshit Rana,24,13,0,184.62
Q de Kock,I Sharma,53,34,2,155.88
Q de Kock,Imran Tahir,10,14,0,71.43
Q de Kock,JC Archer,76,37,2,205.41
Q de Kock,JD Unadkat,58,41,0,141.46
Q de Kock,JR Hazlewood,16,11,2,145.45
Q de Kock,K Gowtham,29,14,0,207.14
Q de Kock,K Rabada,68,45,0,151.11
Q de Kock,KK Ahmed,33,23,1,143.48
Q de Kock,Kuldeep Yadav,20,14,2,142.86
Q de Kock,Lalit Yadav,18,12,0,150.0
Q de Kock,M Ashwin,25,13,0,192.31
Q de Kock,M Prasidh Krishna,44,25,2,176.0
Q de Kock,M Theekshana,15,15,0,100.0
Q de Kock,MA Starc,11,10,1,110.0
Q de Kock,MG Johnson,29,14,0,207.14
Q de Kock,MJ McClenaghan,14,21,3,66.67
Q de Kock,MM Sharma,30,24,1,125.0
Q de Kock,MP Stoinis,19,13,3,146.15
Q de Kock,Mohammed Shami,43,35,3,122.86
Q de Kock,Mohammed Siraj,51,33,2,154.55
Q de Kock,Mujeeb Ur Rahman,11,17,1,64.71
Q de Kock,Mustafizur Rahman,53,35,1,151.43
Q de Kock,N Rana,13,12,0,108.33
Q de Kock,Navdeep Saini,15,11,0,136.36
Q de Kock,P Kumar,30,24,1,125.0
Q de Kock,PP Chawla,9,14,2,64.29
Q de Kock,PV Tambe,13,10,1,130.0
Q de Kock,Parvez Rasool,28,18,0,155.56
Q de Kock,R Ashwin,85,76,4,111.84
Q de Kock,R Parag,22,18,0,122.22
Q de Kock,RA Jadeja,42,30,0,140.0
Q de Kock,RD Chahar,14,13,0,107.69
Q de Kock,RJW Topley,16,12,1,133.33
Q de Kock,Rashid Khan,38,30,2,126.67
Q de Kock,S Aravind,40,25,0,160.0
Q de Kock,S Gopal,18,28,1,64.29
Q de Kock,S Sandeep Warrier,13,13,0,100.0
Q de Kock,SK Raina,9,13,0,69.23
Q de Kock,SL Malinga,6,10,0,60.0
Q de Kock,SM Curran,24,23,1,104.35
Q de Kock,SN Thakur,53,38,2,139.47
Q de Kock,SP Narine,49,50,2,98.0
Q de Kock,SR Watson,38,23,1,165.22
Q de Kock,STR Binny,26,20,0,130.0
Q de Kock,Sandeep Sharma,50,43,2,116.28
Q de Kock,Shivam Mavi,16,13,1,123.08
Q de Kock,T Natarajan,6,10,0,60.0
Q de Kock,TA Boult,42,30,3,140.0
Q de Kock,TG Southee,57,30,1,190.0
Q de Kock,TU Deshpande,45,29,0,155.17
Q de Kock,UT Yadav,65,43,2,151.16
Q de Kock,YS Chahal,41,35,4,117.14
Q de Kock,Yash Dayal,13,13,1,100.0
R Ashwin,A Mishra,6,10,0,60.0
R Ashwin,AR Patel,19,18,2,105.56
R Ashwin,Avesh Khan,15,10,1,150.0
R Ashwin,Harbhajan Singh,4,14,3,28.57
R Ashwin,Harshit Rana,6,10,2,60.0
R Ashwin,JJ Bumrah,14,12,1,116.67
R Ashwin,K Gowtham,16,10,1,160.0
R Ashwin,Kuldeep Yadav,27,22,1,122.73
R Ashwin,MM Ali,19,18,1,105.56
R Ashwin,Mohammed Siraj,18,10,1,180.0
R Ashwin,Mustafizur Rahman,21,13,1,161.54
R Ashwin,NM Coulter-Nile,18,12,0,150.0
R Ashwin,PP Chawla,13,18,0,72.22
R Ashwin,R Bhatia,8,11,1,72.73
R Ashwin,RD Chahar,20,13,0,153.85
R Ashwin,Rashid Khan,9,13,3,69.23
R Ashwin,SL Malinga,17,12,3,141.67
R Ashwin,SN Thakur,22,15,2,146.67
R Ashwin,UT Yadav,22,10,1,220.0
R Bhatia,IK Pathan,3,13,1,23.08
R Bhatia,M Morkel,10,10,0,100.0
R Bhatia,R Ashwin,7,15,0,46.67
R Bhatia,RA Jadeja,18,15,1,120.0
R Bhatia,RP Singh,19,12,2,158.33
R Bhatia,S Nadeem,10,13,0,76.92
R Bhatia,SL Malinga,12,12,1,100.0
R Dhawan,Avesh Khan,15,10,0,150.0
R Dhawan,PP Chawla,5,12,1,41.67
R Dravid,A Mishra,26,26,2,100.0
R Dravid,A Nehra,33,32,1,103.12
R Dravid,A Symonds,30,28,1,107.14
R Dravid,AB Agarkar,37,26,0,142.31
R Dravid,AB Dinda,25,20,0,125.0
R Dravid,AB McDonald,15,12,1,125.0
R Dravid,AD Mathews,39,32,3,121.88
R Dravid,AD Russell,16,10,0,160.0
R Dravid,Azhar Mahmood,8,10,0,80.0
R Dravid,B Kumar,30,30,0,100.0
R Dravid,B Lee,23,24,0,95.83
R Dravid,DE Bollinger,23,20,1,115.0
R Dravid,DJG Sammy,11,12,0,91.67
R Dravid,DL Vettori,39,42,1,92.86
R Dravid,DS Kulkarni,16,18,1,88.89
R Dravid,DT Christian,25,17,1,147.06
R Dravid,DW Steyn,32,31,1,103.23
R Dravid,Gagandeep Singh,14,10,0,140.0
R Dravid,Harbhajan Singh,23,24,3,95.83
R Dravid,Harmeet Singh,42,26,2,161.54
R Dravid,I Sharma,63,48,2,131.25
R Dravid,IK Pathan,58,42,2,138.1
R Dravid,JA Morkel,48,38,1,126.32
R Dravid,JH Kallis,42,32,1,131.25
R Dravid,JO Holder,9,10,0,90.0
R Dravid,KA Pollard,30,20,1,150.0
R Dravid,KMDN Kulasekara,7,11,0,63.64
R Dravid,L Balaji,59,43,1,137.21
R Dravid,M Kartik,35,26,1,134.62
R Dravid,M Morkel,27,24,1,112.5
R Dravid,M Muralitharan,35,45,2,77.78
R Dravid,MG Johnson,16,16,1,100.0
R Dravid,MM Patel,20,21,3,95.24
R Dravid,MM Sharma,8,11,0,72.73
R Dravid,MS Gony,11,15,2,73.33
R Dravid,NLTC Perera,10,14,2,71.43
R Dravid,P Kumar,30,29,1,103.45
R Dravid,P Negi,19,15,0,126.67
R Dravid,PP Chawla,38,40,1,95.0
R Dravid,PP Ojha,71,61,2,116.39
R Dravid,R Ashwin,24,18,0,133.33
R Dravid,R Bhatia,27,16,1,168.75
R Dravid,R Rampaul,13,16,0,81.25
R Dravid,R Sharma,32,26,1,123.08
R Dravid,R Vinay Kumar,46,32,0,143.75
R Dravid,RA Jadeja,27,13,0,207.69
R Dravid,RJ Harris,26,22,2,118.18
R Dravid,RP Singh,40,32,0,125.0
R Dravid,S Aravind,12,10,1,120.0
R Dravid,S Kaul,11,13,1,84.62
R Dravid,S Nadeem,37,33,0,112.12
R Dravid,S Randiv,24,15,1,160.0
R Dravid,S Sreesanth,6,11,1,54.55
R Dravid,SB Jakati,30,29,1,103.45
R Dravid,SB Styris,25,17,2,147.06
R Dravid,SK Warne,19,17,0,111.76
R Dravid,SL Malinga,20,26,0,76.92
R Dravid,SM Pollock,6,17,0,35.29
R Dravid,SP Narine,11,12,0,91.67
R Dravid,T Henderson,23,16,0,143.75
R Dravid,UT Yadav,32,36,1,88.89
R Dravid,VRV Singh,30,22,2,136.36
R Dravid,WD Parnell,11,11,1,100.0
R Dravid,YK Pathan,38,21,1,180.95
R Dravid,Yuvraj Singh,33,26,1,126.92
R Dravid,Z Khan,37,34,0,108.82
R McLaren,A Kumble,17,13,0,130.77
R McLaren,DL Vettori,7,10,0,70.0
R McLaren,Pankaj Singh,10,10,0,100.0
R McLaren,WD Parnell,14,15,0,93.33
R Parag,A Mishra,16,15,1,106.67
R Parag,A Nortje,35,14,0,250.0
R Parag,AR Patel,35,36,1,97.22
R Parag,Arshdeep Singh,44,28,1,157.14
R Parag,Avesh Khan,16,16,2,100.0
R Parag,B Kumar,36,17,0,211.76
R Parag,C Green,16,13,1,123.08
R Parag,CV Varun,21,12,1,175.0
R Parag,G Coetzee,29,12,0,241.67
R Parag,HH Pandya,14,11,0,127.27
R Parag,HV Patel,49,29,3,168.97
R Parag,Harpreet Brar,16,14,1,114.29
R Parag,Harshit Rana,43,22,2,195.45
R Parag,JJ Bumrah,17,21,1,80.95
R Parag,K Rabada,19,17,2,111.76
R Parag,KH Pandya,38,36,1,105.56
R Parag,KK Ahmed,32,14,0,228.57
R Parag,KMA Paul,9,13,0,69.23
R Parag,Kuldeep Yadav,30,23,0,130.43
R Parag,LH Ferguson,23,17,1,135.29
R Parag,M Jansen,26,13,0,200.0
R Parag,M Pathirana,18,15,1,120.0
R Parag,M Prasidh Krishna,30,16,0,187.5
R Parag,MM Ali,39,15,1,260.0
R Parag,MM Sharma,29,15,1,193.33
R Parag,Mohammed Shami,21,17,4,123.53
R Parag,Mohammed Siraj,25,16,1,156.25
R Parag,Noor Ahmad,48,29,1,165.52
R Parag,PJ Cummins,14,13,2,107.69
R Parag,PP Chawla,14,14,0,100.0
R Parag,RA Jadeja,21,17,0,123.53
R Parag,RD Chahar,26,19,0,136.84
R Parag,Rashid Khan,27,30,2,90.0
R Parag,Ravi Bishnoi,20,21,1,95.24
R Parag,SM Curran,15,10,1,150.0
R Parag,SN Thakur,10,11,1,90.91
R Parag,SP Narine,22,22,1,100.0
R Parag,Sandeep Sharma,16,11,0,145.45
R Parag,Shahbaz Ahmed,22,16,1,137.5
R Parag,Simarjeet Singh,17,13,1,130.77
R Parag,Suyash Sharma,24,12,0,200.0
R Parag,T Natarajan,46,27,2,170.37
R Parag,TA Boult,25,11,1,227.27
R Parag,VG Arora,39,16,0,243.75
R Parag,Washington Sundar,15,10,0,150.0
R Parag,YS Chahal,11,20,0,55.0
R Parag,Yash Dayal,11,14,2,78.57
R Powell,B Kumar,20,10,1,200.0
R Powell,Ravi Bishnoi,3,11,2,27.27
R Powell,SP Narine,20,13,2,153.85
R Powell,Umran Malik,22,12,0,183.33
R Ravindra,B Kumar,11,11,1,100.0
R Ravindra,GJ Maxwell,15,16,2,93.75
R Ravindra,Mohammed Siraj,22,11,0,200.0
R Ravindra,TA Boult,24,24,0,100.0
R Ravindra,UT Yadav,22,12,0,183.33
R Ravindra,V Puthur,24,10,0,240.0
R Ravindra,Yash Dayal,24,14,1,171.43
R Sathish,A Mishra,19,11,0,172.73
R Sathish,CH Gayle,16,10,0,160.0
R Sathish,JA Morkel,10,14,2,71.43
R Sathish,M Kartik,17,12,0,141.67
R Sathish,R Vinay Kumar,20,13,0,153.85
R Sharma,SL Malinga,11,11,0,100.0
R Tewatia,A Nortje,38,21,1,180.95
R Tewatia,AJ Tye,6,10,2,60.0
R Tewatia,AR Patel,13,16,2,81.25
R Tewatia,Avesh Khan,17,15,1,113.33
R Tewatia,CV Varun,20,27,2,74.07
R Tewatia,DJ Bravo,25,19,2,131.58
R Tewatia,DJ Hooda,21,10,0,210.0
R Tewatia,DL Chahar,10,12,0,83.33
R Tewatia,HV Patel,58,34,0,170.59
R Tewatia,JDS Neesham,9,14,1,64.29
R Tewatia,JJ Bumrah,21,17,1,123.53
R Tewatia,K Rabada,34,21,3,161.9
R Tewatia,KK Ahmed,12,10,0,120.0
R Tewatia,KL Nagarkoti,18,11,0,163.64
R Tewatia,Kuldeep Yadav,7,12,1,58.33
R Tewatia,LH Ferguson,12,10,0,120.0
R Tewatia,M Pathirana,10,10,0,100.0
R Tewatia,MM Ali,6,10,0,60.0
R Tewatia,Mohammed Siraj,27,21,1,128.57
R Tewatia,Navdeep Saini,23,10,0,230.0
R Tewatia,Naveen-ul-Haq,10,11,0,90.91
R Tewatia,R Ashwin,14,20,1,70.0
R Tewatia,Ravi Bishnoi,23,16,0,143.75
R Tewatia,SP Narine,23,16,1,143.75
R Tewatia,Sandeep Sharma,35,22,1,159.09
R Tewatia,Shivam Mavi,28,19,1,147.37
R Tewatia,T Natarajan,41,23,1,178.26
R Tewatia,TK Curran,11,10,1,110.0
R Tewatia,TU Deshpande,14,10,0,140.0
R Vinay Kumar,A Mishra,7,10,0,70.0
R Vinay Kumar,A Singh,16,14,3,114.29
R Vinay Kumar,B Lee,13,11,0,118.18
R Vinay Kumar,CRD Fernando,14,10,1,140.0
R Vinay Kumar,DR Smith,16,11,0,145.45
R Vinay Kumar,M Morkel,8,10,0,80.0
R Vinay Kumar,SL Malinga,9,11,1,81.82
R Vinay Kumar,Shakib Al Hasan,8,11,2,72.73
RA Jadeja,A Mishra,31,38,4,81.58
RA Jadeja,A Nehra,19,14,1,135.71
RA Jadeja,A Nortje,32,16,0,200.0
RA Jadeja,AB Agarkar,7,14,2,50.0
RA Jadeja,AB Dinda,11,11,1,100.0
RA Jadeja,AD Russell,48,31,0,154.84
RA Jadeja,AR Patel,29,19,1,152.63
RA Jadeja,Arshdeep Singh,30,22,2,136.36
RA Jadeja,Avesh Khan,9,10,2,90.0
RA Jadeja,B Kumar,64,49,1,130.61
RA Jadeja,B Lee,14,10,1,140.0
RA Jadeja,BA Stokes,24,13,0,184.62
RA Jadeja,BB Sran,16,16,0,100.0
RA Jadeja,C Green,14,11,0,127.27
RA Jadeja,C Sakariya,20,12,0,166.67
RA Jadeja,CH Morris,19,14,3,135.71
RA Jadeja,CV Varun,18,17,1,105.88
RA Jadeja,DJ Hussey,15,14,0,107.14
RA Jadeja,DL Vettori,19,11,1,172.73
RA Jadeja,DS Kulkarni,13,14,2,92.86
RA Jadeja,DT Christian,23,27,1,85.19
RA Jadeja,DW Steyn,17,17,2,100.0
RA Jadeja,GB Hogg,16,15,2,106.67
RA Jadeja,GJ Maxwell,27,14,1,192.86
RA Jadeja,HH Pandya,10,12,1,83.33
RA Jadeja,HV Patel,72,37,1,194.59
RA Jadeja,Harbhajan Singh,35,27,1,129.63
RA Jadeja,Harpreet Brar,16,13,1,123.08
RA Jadeja,I Sharma,22,19,1,115.79
RA Jadeja,IK Pathan,30,25,2,120.0
RA Jadeja,JC Archer,13,10,0,130.0
RA Jadeja,JD Unadkat,32,18,1,177.78
RA Jadeja,JJ Bumrah,54,40,1,135.0
RA Jadeja,JO Holder,25,11,0,227.27
RA Jadeja,JP Duminy,9,13,1,69.23
RA Jadeja,JP Faulkner,10,11,1,90.91
RA Jadeja,K Rabada,26,16,1,162.5
RA Jadeja,KA Pollard,15,14,1,107.14
RA Jadeja,KH Pandya,25,25,1,100.0
RA Jadeja,KK Ahmed,24,17,0,141.18
RA Jadeja,Kuldeep Yadav,19,16,1,118.75
RA Jadeja,L Balaji,25,16,2,156.25
RA Jadeja,L Ngidi,25,14,0,178.57
RA Jadeja,LH Ferguson,39,10,1,390.0
RA Jadeja,LR Shukla,15,11,1,136.36
RA Jadeja,M Kartik,15,12,0,125.0
RA Jadeja,M Muralitharan,27,22,0,122.73
RA Jadeja,M Prasidh Krishna,34,16,0,212.5
RA Jadeja,MF Maharoof,12,13,0,92.31
RA Jadeja,MG Johnson,23,10,0,230.0
RA Jadeja,MM Sharma,50,27,1,185.19
RA Jadeja,MN Samuels,21,10,1,210.0
RA Jadeja,MP Stoinis,20,13,0,153.85
RA Jadeja,MR Marsh,14,10,2,140.0
RA Jadeja,Mohammed Shami,32,21,2,152.38
RA Jadeja,Mohammed Siraj,45,38,0,118.42
RA Jadeja,Mustafizur Rahman,36,22,3,163.64
RA Jadeja,PJ Cummins,31,27,0,114.81
RA Jadeja,PP Chawla,70,58,4,120.69
RA Jadeja,PP Ojha,19,18,1,105.56
RA Jadeja,PWH de Silva,5,11,1,45.45
RA Jadeja,R Ashwin,14,10,0,140.0
RA Jadeja,R Bhatia,16,28,1,57.14
RA Jadeja,R Sharma,23,17,0,135.29
RA Jadeja,R Vinay Kumar,42,20,0,210.0
RA Jadeja,RD Chahar,29,33,1,87.88
RA Jadeja,RE van der Merwe,21,17,0,123.53
RA Jadeja,RG Sharma,9,12,0,75.0
RA Jadeja,RP Singh,32,22,1,145.45
RA Jadeja,Rashid Khan,23,35,1,65.71
RA Jadeja,Ravi Bishnoi,28,22,1,127.27
RA Jadeja,S Aravind,12,11,0,109.09
RA Jadeja,S Kaul,11,10,0,110.0
RA Jadeja,S Sreesanth,28,10,0,280.0
RA Jadeja,SK Raina,13,14,0,92.86
RA Jadeja,SK Trivedi,17,12,0,141.67
RA Jadeja,SL Malinga,15,22,3,68.18
RA Jadeja,SP Narine,49,52,4,94.23
RA Jadeja,SR Watson,22,27,3,81.48
RA Jadeja,Sandeep Sharma,40,38,1,105.26
RA Jadeja,Suyash Sharma,49,26,0,188.46
RA Jadeja,T Natarajan,50,27,1,185.19
RA Jadeja,TA Boult,51,33,2,154.55
RA Jadeja,TM Dilshan,19,13,0,146.15
RA Jadeja,TU Deshpande,24,11,0,218.18
RA Jadeja,UT Yadav,15,17,1,88.24
RA Jadeja,VRV Singh,13,14,0,92.86
RA Jadeja,YK Pathan,22,19,0,115.79
RA Jadeja,YS Chahal,31,30,2,103.33
RA Jadeja,Yash Dayal,24,19,0,126.32
RA Jadeja,Yash Thakur,25,22,0,113.64
RA Jadeja,Yuvraj Singh,17,11,0,154.55
RA Jadeja,Z Khan,36,26,1,138.46
RA Tripathi,A Mishra,11,10,0,110.0
RA Tripathi,A Nortje,14,15,1,93.33
RA Tripathi,AD Russell,40,25,4,160.0
RA Tripathi,AF Milne,25,20,0,125.0
RA Tripathi,AJ Tye,17,12,2,141.67
RA Tripathi,AR Patel,13,17,1,76.47
RA Tripathi,Arshdeep Singh,43,39,0,110.26
RA Tripathi,Avesh Khan,27,18,1,150.0
RA Tripathi,B Kumar,35,17,0,205.88
RA Tripathi,Bipul Sharma,9,11,0,81.82
RA Tripathi,C de Grandhomme,18,10,0,180.0
RA Tripathi,CH Morris,31,24,2,129.17
RA Tripathi,CJ Jordan,25,14,0,178.57
RA Tripathi,CR Woakes,15,16,1,93.75
RA Tripathi,CV Varun,38,22,0,172.73
RA Tripathi,DJ Bravo,29,17,2,170.59
RA Tripathi,DL Chahar,52,33,1,157.58
RA Tripathi,HV Patel,24,22,2,109.09
RA Tripathi,Harpreet Brar,27,21,1,128.57
RA Tripathi,Harshit Rana,15,12,0,125.0
RA Tripathi,I Sharma,15,10,1,150.0
RA Tripathi,JC Archer,12,16,0,75.0
RA Tripathi,JJ Bumrah,46,28,1,164.29
RA Tripathi,JR Hazlewood,15,13,2,115.38
RA Tripathi,K Rabada,26,22,0,118.18
RA Tripathi,KH Pandya,38,35,3,108.57
RA Tripathi,KV Sharma,37,22,1,168.18
RA Tripathi,Kuldeep Yadav,38,19,1,200.0
RA Tripathi,Lalit Yadav,15,10,0,150.0
RA Tripathi,M Ashwin,31,18,0,172.22
RA Tripathi,M Prasidh Krishna,21,11,1,190.91
RA Tripathi,MA Starc,21,13,1,161.54
RA Tripathi,MJ McClenaghan,21,14,1,150.0
RA Tripathi,MJ Santner,22,15,0,146.67
RA Tripathi,MM Ali,33,25,0,132.0
RA Tripathi,MP Stoinis,36,13,2,276.92
RA Tripathi,MR Marsh,3,10,2,30.0
RA Tripathi,Mohammed Shami,34,30,4,113.33
RA Tripathi,Mohammed Siraj,58,47,2,123.4
RA Tripathi,Mujeeb Ur Rahman,10,15,1,66.67
RA Tripathi,NM Coulter-Nile,33,15,0,220.0
RA Tripathi,NT Ellis,23,15,0,153.33
RA Tripathi,R Ashwin,52,35,1,148.57
RA Tripathi,R Tewatia,46,30,1,153.33
RA Tripathi,RA Jadeja,25,26,3,96.15
RA Tripathi,RD Chahar,55,31,2,177.42
RA Tripathi,Rashid Khan,35,26,1,134.62
RA Tripathi,Ravi Bishnoi,29,33,2,87.88
RA Tripathi,S Aravind,22,14,0,157.14
RA Tripathi,SM Curran,41,27,0,151.85
RA Tripathi,SN Thakur,29,18,1,161.11
RA Tripathi,SP Narine,93,73,2,127.4
RA Tripathi,TA Boult,30,25,4,120.0
RA Tripathi,TG Southee,11,12,1,91.67
RA Tripathi,UT Yadav,68,32,0,212.5
RA Tripathi,VG Arora,17,18,0,94.44
RA Tripathi,Washington Sundar,15,13,1,115.38
RA Tripathi,YS Chahal,43,44,2,97.73
RD Chahar,LH Ferguson,12,11,1,109.09
RD Chahar,SN Thakur,8,10,1,80.0
RD Gaikwad,A Nortje,45,29,2,155.17
RD Gaikwad,AD Russell,23,11,1,209.09
RD Gaikwad,AF Milne,12,13,0,92.31
RD Gaikwad,AK Markram,20,10,0,200.0
RD Gaikwad,AR Patel,58,40,1,145.0
RD Gaikwad,AS Joseph,47,25,1,188.0
RD Gaikwad,Abhishek Sharma,8,10,0,80.0
RD Gaikwad,Akash Madhwal,25,11,0,227.27
RD Gaikwad,Akash Singh,33,17,0,194.12
RD Gaikwad,Arshad Khan,22,10,0,220.0
RD Gaikwad,Arshdeep Singh,40,35,3,114.29
RD Gaikwad,Avesh Khan,19,20,1,95.0
RD Gaikwad,Azmatullah Omarzai,8,10,0,80.0
RD Gaikwad,B Kumar,69,48,0,143.75
RD Gaikwad,C Green,12,12,0,100.0
RD Gaikwad,C Sakariya,13,20,1,65.0
RD Gaikwad,CH Morris,15,12,0,125.0
RD Gaikwad,CV Varun,45,50,2,90.0
RD Gaikwad,G Coetzee,22,10,0,220.0
RD Gaikwad,HH Pandya,30,19,1,157.89
RD Gaikwad,Harpreet Brar,27,15,0,180.0
RD Gaikwad,I Sharma,20,10,0,200.0
RD Gaikwad,J Suchith,33,13,0,253.85
RD Gaikwad,JD Unadkat,28,18,0,155.56
RD Gaikwad,JJ Bumrah,29,17,0,170.59
RD Gaikwad,JR Hazlewood,9,18,2,50.0
RD Gaikwad,K Kartikeya,24,16,0,150.0
RD Gaikwad,K Rabada,46,40,3,115.0
RD Gaikwad,KH Pandya,34,19,0,178.95
RD Gaikwad,KK Ahmed,16,24,1,66.67
RD Gaikwad,Kuldeep Yadav,31,15,0,206.67
RD Gaikwad,LH Ferguson,56,31,1,180.65
RD Gaikwad,M Jansen,30,20,0,150.0
RD Gaikwad,M Markande,18,17,0,105.88
RD Gaikwad,M Prasidh Krishna,20,15,0,133.33
RD Gaikwad,M Theekshana,19,11,0,172.73
RD Gaikwad,MA Starc,12,12,1,100.0
RD Gaikwad,MJ Henry,25,18,0,138.89
RD Gaikwad,MP Stoinis,17,10,0,170.0
RD Gaikwad,Mohammed Shami,57,74,0,77.03
RD Gaikwad,Mohammed Siraj,63,47,1,134.04
RD Gaikwad,Mohsin Khan,31,19,0,163.16
RD Gaikwad,Mustafizur Rahman,18,12,1,150.0
RD Gaikwad,N Burger,16,11,0,145.45
RD Gaikwad,Noor Ahmad,14,12,1,116.67
RD Gaikwad,PJ Cummins,45,25,1,180.0
RD Gaikwad,PWH de Silva,31,16,1,193.75
RD Gaikwad,R Ashwin,20,16,0,125.0
RD Gaikwad,R Sai Kishore,12,18,0,66.67
RD Gaikwad,R Tewatia,31,16,1,193.75
RD Gaikwad,RD Chahar,40,37,1,108.11
RD Gaikwad,Rashid Khan,108,66,2,163.64
RD Gaikwad,Ravi Bishnoi,29,18,1,161.11
RD Gaikwad,S Kaul,12,10,0,120.0
RD Gaikwad,SM Curran,34,21,0,161.9
RD Gaikwad,SP Narine,63,49,1,128.57
RD Gaikwad,Sandeep Sharma,50,51,1,98.04
RD Gaikwad,Shahbaz Ahmed,20,16,2,125.0
RD Gaikwad,T Natarajan,35,26,3,134.62
RD Gaikwad,TA Boult,34,31,3,109.68
RD Gaikwad,UT Yadav,17,14,2,121.43
RD Gaikwad,Umran Malik,40,22,0,181.82
RD Gaikwad,VG Arora,27,20,0,135.0
RD Gaikwad,Washington Sundar,26,22,0,118.18
RD Gaikwad,YS Chahal,46,40,2,115.0
RD Gaikwad,Yash Dayal,52,32,2,162.5
RD Gaikwad,Yash Thakur,38,20,1,190.0
RD Rickelton,Arshdeep Singh,17,11,0,154.55
RD Rickelton,DS Rathi,24,11,1,218.18
RD Rickelton,Mukesh Kumar,21,14,0,150.0
RD Rickelton,SH Johnson,13,11,0,118.18
RD Rickelton,SP Narine,22,10,0,220.0
RE Levi,DE Bollinger,18,10,0,180.0
RE van der Merwe,A Symonds,12,10,1,120.0
RE van der Merwe,PP Ojha,19,10,1,190.0
RE van der Merwe,RP Singh,14,15,1,93.33
RG Sharma,A Kumble,56,39,2,143.59
RG Sharma,A Mishra,87,91,7,95.6
RG Sharma,A Nehra,62,37,2,167.57
RG Sharma,A Nortje,37,24,2,154.17
RG Sharma,A Singh,29,17,0,170.59
RG Sharma,AA Chavan,8,10,0,80.0
RG Sharma,AB Agarkar,52,29,1,179.31
RG Sharma,AB Dinda,52,31,2,167.74
RG Sharma,AD Mathews,21,15,1,140.0
RG Sharma,AD Russell,97,61,1,159.02
RG Sharma,AJ Tye,24,16,0,150.0
RG Sharma,AL Menaria,10,10,0,100.0
RG Sharma,AP Dole,16,11,0,145.45
RG Sharma,AR Patel,63,69,3,91.3
RG Sharma,AS Joseph,23,10,0,230.0
RG Sharma,AS Rajpoot,22,18,2,122.22
RG Sharma,Akash Deep,14,10,1,140.0
RG Sharma,Ankit Sharma,10,16,0,62.5
RG Sharma,Arshad Khan,9,13,1,69.23
RG Sharma,Arshdeep Singh,30,25,0,120.0
RG Sharma,Avesh Khan,11,13,2,84.62
RG Sharma,Azhar Mahmood,23,13,0,176.92
RG Sharma,B Kumar,85,62,1,137.1
RG Sharma,B Laughlin,19,10,0,190.0
RG Sharma,B Lee,35,20,1,175.0
RG Sharma,BA Bhatt,10,10,0,100.0
RG Sharma,BAW Mendis,10,11,0,90.91
RG Sharma,BW Hilfenhaus,26,14,1,185.71
RG Sharma,C de Grandhomme,15,11,0,136.36
RG Sharma,CH Morris,36,31,3,116.13
RG Sharma,CJ Anderson,44,21,2,209.52
RG Sharma,CV Varun,48,49,1,97.96
RG Sharma,D Wiese,17,11,1,154.55
RG Sharma,DE Bollinger,15,10,2,150.0
RG Sharma,DJ Bravo,82,72,5,113.89
RG Sharma,DJ Hooda,12,10,0,120.0
RG Sharma,DL Chahar,60,49,3,122.45
RG Sharma,DL Vettori,7,10,1,70.0
RG Sharma,DP Nannes,17,18,1,94.44
RG Sharma,DS Kulkarni,65,42,4,154.76
RG Sharma,DT Christian,74,32,0,231.25
RG Sharma,DW Steyn,37,46,1,80.43
RG Sharma,FA Allen,25,13,0,192.31
RG Sharma,Fazalhaq Farooqi,10,17,0,58.82
RG Sharma,GB Hogg,17,13,1,130.77
RG Sharma,GJ Maxwell,18,11,1,163.64
RG Sharma,Gagandeep Singh,50,26,0,192.31
RG Sharma,HF Gurney,5,10,1,50.0
RG Sharma,HV Patel,52,42,3,123.81
RG Sharma,Harbhajan Singh,34,27,0,125.93
RG Sharma,Harpreet Brar,20,13,1,153.85
RG Sharma,I Sharma,56,46,3,121.74
RG Sharma,IK Pathan,70,47,2,148.94
RG Sharma,Imran Tahir,79,62,1,127.42
RG Sharma,Iqbal Abdulla,22,19,1,115.79
RG Sharma,J Botha,13,15,0,86.67
RG Sharma,JA Morkel,16,21,3,76.19
RG Sharma,JC Archer,9,10,2,90.0
RG Sharma,JD Ryder,15,10,0,150.0
RG Sharma,JD Unadkat,79,46,3,171.74
RG Sharma,JDS Neesham,28,10,0,280.0
RG Sharma,JH Kallis,82,49,1,167.35
RG Sharma,JO Holder,24,13,0,184.62
RG Sharma,JP Duminy,22,15,1,146.67
RG Sharma,JP Faulkner,33,16,2,206.25
RG Sharma,JW Hastings,16,10,0,160.0
RG Sharma,Joginder Sharma,37,17,0,217.65
RG Sharma,K Gowtham,39,21,0,185.71
RG Sharma,K Rabada,38,27,2,140.74
RG Sharma,KA Jamieson,20,13,0,153.85
RG Sharma,KA Pollard,21,13,1,161.54
RG Sharma,KH Pandya,30,28,1,107.14
RG Sharma,KK Ahmed,30,42,2,71.43
RG Sharma,KK Cooper,20,19,0,105.26
RG Sharma,KP Appanna,10,10,1,100.0
RG Sharma,KV Sharma,34,26,1,130.77
RG Sharma,KW Richardson,11,14,1,78.57
RG Sharma,Kartik Tyagi,22,14,0,157.14
RG Sharma,Kuldeep Yadav,56,43,1,130.23
RG Sharma,L Balaji,30,22,3,136.36
RG Sharma,LH Ferguson,26,15,0,173.33
RG Sharma,Lalit Yadav,28,15,0,186.67
RG Sharma,M Jansen,7,11,0,63.64
RG Sharma,M Kartik,36,41,2,87.8
RG Sharma,M Morkel,119,67,2,177.61
RG Sharma,M Muralitharan,16,16,1,100.0
RG Sharma,M Pathirana,33,15,0,220.0
RG Sharma,M Prasidh Krishna,52,33,3,157.58
RG Sharma,MA Starc,34,16,0,212.5
RG Sharma,MC Henriques,49,34,0,144.12
RG Sharma,MF Maharoof,32,13,1,246.15
RG Sharma,MG Johnson,20,17,1,117.65
RG Sharma,MJ Santner,9,11,1,81.82
RG Sharma,MM Patel,32,13,0,246.15
RG Sharma,MM Sharma,81,61,1,132.79
RG Sharma,MP Stoinis,25,21,1,119.05
RG Sharma,Mohammad Nabi,9,12,1,75.0
RG Sharma,Mohammed Shami,78,63,4,123.81
RG Sharma,Mohammed Siraj,104,73,1,142.47
RG Sharma,Mohsin Khan,33,20,1,165.0
RG Sharma,Mujeeb Ur Rahman,26,12,0,216.67
RG Sharma,Mukesh Kumar,21,14,0,150.0
RG Sharma,Mustafizur Rahman,53,32,2,165.62
RG Sharma,NLTC Perera,40,21,0,190.48
RG Sharma,NM Coulter-Nile,15,14,2,107.14
RG Sharma,Navdeep Saini,33,19,0,173.68
RG Sharma,Naveen-ul-Haq,19,10,1,190.0
RG Sharma,P Awana,31,24,2,129.17
RG Sharma,P Dubey,17,11,0,154.55
RG Sharma,P Kumar,81,61,1,132.79
RG Sharma,P Negi,39,32,1,121.88
RG Sharma,PJ Cummins,57,43,4,132.56
RG Sharma,PJ Sangwan,13,18,1,72.22
RG Sharma,PP Chawla,146,115,2,126.96
RG Sharma,PP Ojha,13,13,0,100.0
RG Sharma,R Ashwin,119,128,4,92.97
RG Sharma,R Bhatia,100,63,2,158.73
RG Sharma,R Dhawan,18,18,1,100.0
RG Sharma,R Sai Kishore,34,19,1,178.95
RG Sharma,R Sharma,11,19,1,57.89
RG Sharma,R Vinay Kumar,22,33,6,66.67
RG Sharma,RA Jadeja,95,88,3,107.95
RG Sharma,RE van der Merwe,28,30,0,93.33
RG Sharma,Rashid Khan,55,43,4,127.91
RG Sharma,Ravi Bishnoi,46,37,4,124.32
RG Sharma,S Gopal,23,18,2,127.78
RG Sharma,S Nadeem,69,56,1,123.21
RG Sharma,S Sandeep Warrier,30,26,0,115.38
RG Sharma,S Tyagi,11,10,0,110.0
RG Sharma,SB Jakati,28,22,1,127.27
RG Sharma,SC Ganguly,20,11,0,181.82
RG Sharma,SK Raina,40,28,1,142.86
RG Sharma,SK Trivedi,45,38,6,118.42
RG Sharma,SK Warne,52,52,4,100.0
RG Sharma,SM Boland,11,12,0,91.67
RG Sharma,SM Curran,28,14,1,200.0
RG Sharma,SN Thakur,80,59,1,135.59
RG Sharma,SP Narine,143,134,9,106.72
RG Sharma,SR Watson,80,52,1,153.85
RG Sharma,ST Jayasuriya,15,12,0,125.0
RG Sharma,STR Binny,12,19,1,63.16
RG Sharma,Sandeep Sharma,38,44,5,86.36
RG Sharma,Shakib Al Hasan,92,71,1,129.58
RG Sharma,Shivam Mavi,18,15,2,120.0
RG Sharma,TA Boult,23,23,3,100.0
RG Sharma,TG Southee,9,10,1,90.0
RG Sharma,TU Deshpande,27,22,1,122.73
RG Sharma,UT Yadav,170,118,5,144.07
RG Sharma,Umran Malik,24,12,0,200.0
RG Sharma,V Pratap Singh,20,13,0,153.85
RG Sharma,VG Arora,23,16,0,143.75
RG Sharma,VR Aaron,58,26,1,223.08
RG Sharma,VRV Singh,20,12,1,166.67
RG Sharma,VY Mahesh,18,14,0,128.57
RG Sharma,Vijaykumar Vyshak,18,10,0,180.0
RG Sharma,Washington Sundar,44,32,2,137.5
RG Sharma,YK Pathan,12,18,0,66.67
RG Sharma,YS Chahal,39,38,1,102.63
RG Sharma,Yuvraj Singh,41,44,1,93.18
RG Sharma,Z Khan,29,35,2,82.86
RG Sharma,Zeeshan Ansari,15,10,0,150.0
RJ Quiney,A Nehra,1,10,2,10.0
RJ Quiney,DS Kulkarni,15,11,0,136.36
RJ Quiney,S Tyagi,6,11,0,54.55
RK Singh,AR Patel,18,19,1,94.74
RK Singh,AS Joseph,15,15,0,100.0
RK Singh,Avesh Khan,35,14,0,250.0
RK Singh,B Kumar,27,21,0,128.57
RK Singh,HH Pandya,22,17,0,129.41
RK Singh,HV Patel,47,26,2,180.77
RK Singh,JJ Bumrah,10,14,3,71.43
RK Singh,KV Sharma,19,14,0,135.71
RK Singh,Kuldeep Yadav,30,18,0,166.67
RK Singh,M Markande,21,16,0,131.25
RK Singh,M Pathirana,28,23,1,121.74
RK Singh,M Prasidh Krishna,17,11,0,154.55
RK Singh,M Theekshana,13,15,0,86.67
RK Singh,MM Ali,13,13,0,100.0
RK Singh,Mohammed Siraj,20,10,0,200.0
RK Singh,Naveen-ul-Haq,37,19,1,194.74
RK Singh,Noor Ahmad,13,18,2,72.22
RK Singh,RA Jadeja,49,33,1,148.48
RK Singh,Rashid Khan,23,18,0,127.78
RK Singh,Ravi Bishnoi,28,15,1,186.67
RK Singh,SN Thakur,17,12,1,141.67
RK Singh,Sandeep Sharma,23,12,1,191.67
RK Singh,T Natarajan,39,24,3,162.5
RK Singh,TU Deshpande,25,13,1,192.31
RK Singh,YS Chahal,15,19,2,78.95
RK Singh,Yash Dayal,37,11,1,336.36
RK Singh,Yash Thakur,26,10,0,260.0
RM Patidar,AR Patel,31,19,1,163.16
RM Patidar,Avesh Khan,31,17,1,182.35
RM Patidar,HH Pandya,43,15,0,286.67
RM Patidar,HV Patel,23,15,0,153.33
RM Patidar,Harpreet Brar,21,18,1,116.67
RM Patidar,J Suchith,13,11,1,118.18
RM Patidar,JJ Bumrah,8,11,0,72.73
RM Patidar,K Rabada,8,15,0,53.33
RM Patidar,KH Pandya,33,17,0,194.12
RM Patidar,Kuldeep Yadav,16,13,1,123.08
RM Patidar,M Markande,43,14,1,307.14
RM Patidar,M Pathirana,17,14,2,121.43
RM Patidar,M Prasidh Krishna,16,19,0,84.21
RM Patidar,MJ Santner,20,14,1,142.86
RM Patidar,Mohsin Khan,10,10,0,100.0
RM Patidar,Mukesh Kumar,20,14,0,142.86
RM Patidar,Noor Ahmad,20,19,0,105.26
RM Patidar,PVD Chameera,26,11,0,236.36
RM Patidar,R Ashwin,25,26,2,96.15
RM Patidar,RA Jadeja,22,14,0,157.14
RM Patidar,RD Chahar,34,14,1,242.86
RM Patidar,Ravi Bishnoi,45,20,0,225.0
RM Patidar,SP Narine,26,14,0,185.71
RM Patidar,TA Boult,14,14,2,100.0
RM Patidar,YS Chahal,51,32,2,159.38
RN ten Doeschate,AD Mathews,24,12,0,200.0
RN ten Doeschate,AG Murtaza,27,15,0,180.0
RN ten Doeschate,B Kumar,24,11,1,218.18
RN ten Doeschate,DJ Bravo,20,12,0,166.67
RN ten Doeschate,Harbhajan Singh,15,14,0,107.14
RN ten Doeschate,KA Pollard,24,13,0,184.62
RN ten Doeschate,SL Malinga,17,14,0,121.43
RR Pant,A Zampa,27,21,2,128.57
RR Pant,AD Russell,52,24,4,216.67
RR Pant,AJ Tye,35,15,0,233.33
RR Pant,Abhishek Sharma,18,11,0,163.64
RR Pant,Arshad Khan,11,11,0,100.0
RR Pant,Avesh Khan,12,14,0,85.71
RR Pant,B Kumar,120,54,1,222.22
RR Pant,BA Stokes,20,14,1,142.86
RR Pant,BCJ Cutting,24,12,0,200.0
RR Pant,Basil Thampi,30,11,1,272.73
RR Pant,CR Woakes,25,12,0,208.33
RR Pant,CV Varun,30,29,3,103.45
RR Pant,DJ Bravo,54,44,1,122.73
RR Pant,DJ Hooda,13,10,0,130.0
RR Pant,DL Chahar,24,18,1,133.33
RR Pant,DR Smith,16,10,0,160.0
RR Pant,DS Kulkarni,48,26,0,184.62
RR Pant,GJ Maxwell,12,16,3,75.0
RR Pant,HH Pandya,35,23,1,152.17
RR Pant,HV Patel,49,30,3,163.33
RR Pant,Harbhajan Singh,56,33,0,169.7
RR Pant,Imran Tahir,32,20,1,160.0
RR Pant,J Yadav,25,29,1,86.21
RR Pant,JC Archer,25,15,0,166.67
RR Pant,JD Unadkat,49,31,2,158.06
RR Pant,JJ Bumrah,55,46,7,119.57
RR Pant,JO Holder,29,21,0,138.1
RR Pant,JP Faulkner,38,16,1,237.5
RR Pant,JR Hazlewood,22,14,0,157.14
RR Pant,K Gowtham,28,29,0,96.55
RR Pant,KH Pandya,80,46,3,173.91
RR Pant,KK Ahmed,24,17,1,141.18
RR Pant,Kuldeep Yadav,22,21,2,104.76
RR Pant,LH Ferguson,28,22,2,127.27
RR Pant,M Markande,51,31,0,164.52
RR Pant,M Pathirana,41,22,2,186.36
RR Pant,M Prasidh Krishna,25,15,2,166.67
RR Pant,MC Henriques,20,13,0,153.85
RR Pant,MM Ali,41,34,2,120.59
RR Pant,MM Sharma,69,27,0,255.56
RR Pant,Mohammad Nabi,20,12,1,166.67
RR Pant,Mohammed Shami,19,14,1,135.71
RR Pant,Mohammed Siraj,81,46,4,176.09
RR Pant,Mujeeb Ur Rahman,17,11,2,154.55
RR Pant,Mustafizur Rahman,72,43,1,167.44
RR Pant,N Thushara,17,16,0,106.25
RR Pant,NM Coulter-Nile,22,30,3,73.33
RR Pant,Naveen-ul-Haq,15,10,1,150.0
RR Pant,Noor Ahmad,27,30,0,90.0
RR Pant,PJ Cummins,30,29,1,103.45
RR Pant,PP Chawla,36,22,0,163.64
RR Pant,PWH de Silva,24,13,2,184.62
RR Pant,R Ashwin,43,41,0,104.88
RR Pant,R Parag,51,23,1,221.74
RR Pant,R Shepherd,23,11,0,209.09
RR Pant,R Tewatia,32,18,0,177.78
RR Pant,RA Jadeja,84,57,2,147.37
RR Pant,Rashid Khan,97,85,3,114.12
RR Pant,Ravi Bishnoi,48,42,1,114.29
RR Pant,S Gopal,56,34,1,164.71
RR Pant,S Kaul,44,26,0,169.23
RR Pant,SK Raina,51,26,0,196.15
RR Pant,SN Thakur,41,22,0,186.36
RR Pant,SP Narine,52,46,0,113.04
RR Pant,SR Watson,35,23,0,152.17
RR Pant,Sandeep Sharma,28,33,2,84.85
RR Pant,Shakib Al Hasan,17,12,0,141.67
RR Pant,Shivam Mavi,21,11,0,190.91
RR Pant,Suyash Sharma,30,12,0,250.0
RR Pant,T Natarajan,26,24,0,108.33
RR Pant,TA Boult,13,13,0,100.0
RR Pant,TG Southee,14,12,1,116.67
RR Pant,TS Mills,21,11,1,190.91
RR Pant,TU Deshpande,10,10,0,100.0
RR Pant,UT Yadav,39,16,1,243.75
RR Pant,V Shankar,23,16,1,143.75
RR Pant,VR Iyer,46,19,0,242.11
RR Pant,Washington Sundar,37,31,0,119.35
RR Pant,YS Chahal,91,63,3,144.44
RR Pant,Yash Dayal,34,12,0,283.33
RR Powar,L Balaji,23,18,0,127.78
RR Rossouw,B Kumar,7,12,0,58.33
RR Rossouw,Harpreet Brar,29,12,1,241.67
RR Rossouw,KV Sharma,16,13,2,123.08
RR Rossouw,MM Ali,7,15,0,46.67
RR Rossouw,RA Jadeja,17,17,1,100.0
RR Rossouw,RD Chahar,15,11,0,136.36
RR Rossouw,Ravi Bishnoi,24,12,1,200.0
RS Bopara,A Kumble,30,30,0,100.0
RS Bopara,A Mishra,21,21,0,100.0
RS Bopara,DW Steyn,25,19,0,131.58
RS Bopara,JH Kallis,34,22,1,154.55
RS Bopara,MM Patel,13,10,1,130.0
RS Bopara,P Kumar,60,31,1,193.55
RS Bopara,PJ Sangwan,33,21,0,157.14
RS Bopara,R Vinay Kumar,17,18,0,94.44
RS Bopara,VY Mahesh,17,13,1,130.77
RS Bopara,Z Khan,6,10,1,60.0
RV Patel,RA Jadeja,15,14,1,107.14
RV Patel,SN Thakur,5,10,0,50.0
RV Uthappa,A Ashish Reddy,19,14,3,135.71
RV Uthappa,A Mishra,84,72,5,116.67
RV Uthappa,A Nehra,55,35,2,157.14
RV Uthappa,A Nortje,24,20,2,120.0
RV Uthappa,AB Agarkar,11,10,0,110.0
RV Uthappa,AB Dinda,26,26,0,100.0
RV Uthappa,AD Mascarenhas,11,14,2,78.57
RV Uthappa,AD Mathews,16,11,1,145.45
RV Uthappa,AJ Tye,38,25,1,152.0
RV Uthappa,AM Nayar,18,15,0,120.0
RV Uthappa,AN Ahmed,34,31,1,109.68
RV Uthappa,AR Patel,86,82,3,104.88
RV Uthappa,Akash Deep,24,12,0,200.0
RV Uthappa,Avesh Khan,40,19,0,210.53
RV Uthappa,B Akhil,11,11,1,100.0
RV Uthappa,B Kumar,86,79,1,108.86
RV Uthappa,BA Stokes,11,11,1,100.0
RV Uthappa,BB Sran,38,22,2,172.73
RV Uthappa,BCJ Cutting,32,18,1,177.78
RV Uthappa,BW Hilfenhaus,21,18,1,116.67
RV Uthappa,Bipul Sharma,26,22,1,118.18
RV Uthappa,CH Morris,52,40,3,130.0
RV Uthappa,CR Brathwaite,18,17,1,105.88
RV Uthappa,CV Varun,23,13,0,176.92
RV Uthappa,DJ Bravo,32,17,0,188.24
RV Uthappa,DL Vettori,21,17,1,123.53
RV Uthappa,DS Kulkarni,60,39,4,153.85
RV Uthappa,DT Christian,23,12,1,191.67
RV Uthappa,DW Steyn,57,48,0,118.75
RV Uthappa,GC Viljoen,17,14,0,121.43
RV Uthappa,GJ Maxwell,28,17,1,164.71
RV Uthappa,HH Pandya,9,17,0,52.94
RV Uthappa,HV Patel,52,26,0,200.0
RV Uthappa,Harbhajan Singh,77,48,2,160.42
RV Uthappa,Harmeet Singh,32,25,2,128.0
RV Uthappa,I Sharma,58,43,1,134.88
RV Uthappa,IC Pandey,42,21,0,200.0
RV Uthappa,IK Pathan,30,44,4,68.18
RV Uthappa,Imran Tahir,38,21,1,180.95
RV Uthappa,Iqbal Abdulla,24,25,3,96.0
RV Uthappa,JA Morkel,42,29,2,144.83
RV Uthappa,JC Archer,4,10,0,40.0
RV Uthappa,JD Unadkat,43,30,3,143.33
RV Uthappa,JEC Franklin,23,12,0,191.67
RV Uthappa,JH Kallis,20,15,0,133.33
RV Uthappa,JJ Bumrah,54,44,3,122.73
RV Uthappa,JO Holder,24,17,0,141.18
RV Uthappa,JP Duminy,34,19,0,178.95
RV Uthappa,JP Faulkner,30,28,1,107.14
RV Uthappa,JR Hazlewood,12,13,1,92.31
RV Uthappa,Joginder Sharma,17,17,1,100.0
RV Uthappa,K Gowtham,7,14,2,50.0
RV Uthappa,K Rabada,44,37,1,118.92
RV Uthappa,KA Pollard,42,31,3,135.48
RV Uthappa,KH Pandya,31,28,2,110.71
RV Uthappa,KV Sharma,32,29,3,110.34
RV Uthappa,L Balaji,66,43,0,153.49
RV Uthappa,M Ashwin,44,23,2,191.3
RV Uthappa,M Kartik,28,28,3,100.0
RV Uthappa,M Morkel,45,33,1,136.36
RV Uthappa,M Muralitharan,57,40,3,142.5
RV Uthappa,MA Starc,28,18,0,155.56
RV Uthappa,MC Henriques,64,38,1,168.42
RV Uthappa,MG Johnson,38,23,2,165.22
RV Uthappa,MJ McClenaghan,20,26,1,76.92
RV Uthappa,MM Patel,32,36,1,88.89
RV Uthappa,MM Sharma,78,43,0,181.4
RV Uthappa,MP Stoinis,17,18,1,94.44
RV Uthappa,MS Gony,39,34,0,114.71
RV Uthappa,Mohammed Shami,52,40,2,130.0
RV Uthappa,Mohammed Siraj,60,38,1,157.89
RV Uthappa,NLTC Perera,10,10,2,100.0
RV Uthappa,NM Coulter-Nile,20,20,0,100.0
RV Uthappa,Navdeep Saini,20,19,0,105.26
RV Uthappa,P Awana,37,29,2,127.59
RV Uthappa,P Kumar,56,44,1,127.27
RV Uthappa,P Negi,24,30,1,80.0
RV Uthappa,PJ Cummins,24,16,2,150.0
RV Uthappa,PJ Sangwan,10,16,2,62.5
RV Uthappa,PP Chawla,43,44,2,97.73
RV Uthappa,PP Ojha,38,41,1,92.68
RV Uthappa,PV Tambe,12,10,0,120.0
RV Uthappa,R Ashwin,123,94,6,130.85
RV Uthappa,R Bhatia,38,25,0,152.0
RV Uthappa,R Dhawan,12,12,1,100.0
RV Uthappa,R Tewatia,19,12,1,158.33
RV Uthappa,R Vinay Kumar,65,41,0,158.54
RV Uthappa,RA Jadeja,65,58,3,112.07
RV Uthappa,RG More,25,16,0,156.25
RV Uthappa,RJ Harris,37,17,1,217.65
RV Uthappa,RP Singh,37,32,0,115.62
RV Uthappa,Rashid Khan,64,41,2,156.1
RV Uthappa,S Gopal,30,15,0,200.0
RV Uthappa,S Kaul,35,30,1,116.67
RV Uthappa,S Nadeem,60,42,2,142.86
RV Uthappa,S Sreesanth,51,18,0,283.33
RV Uthappa,SB Jakati,15,11,1,136.36
RV Uthappa,SK Raina,17,14,0,121.43
RV Uthappa,SK Trivedi,45,35,0,128.57
RV Uthappa,SK Warne,35,23,3,152.17
RV Uthappa,SL Malinga,76,75,1,101.33
RV Uthappa,SP Narine,18,18,1,100.0
RV Uthappa,SR Watson,64,53,2,120.75
RV Uthappa,STR Binny,20,22,1,90.91
RV Uthappa,Sandeep Sharma,69,56,3,123.21
RV Uthappa,Shakib Al Hasan,44,31,0,141.94
RV Uthappa,Shivam Mavi,17,10,0,170.0
RV Uthappa,TA Boult,11,13,1,84.62
RV Uthappa,TG Southee,28,21,0,133.33
RV Uthappa,UT Yadav,34,37,2,91.89
RV Uthappa,VR Aaron,15,13,1,115.38
RV Uthappa,VY Mahesh,17,12,1,141.67
RV Uthappa,WD Parnell,7,10,1,70.0
RV Uthappa,Washington Sundar,49,27,1,181.48
RV Uthappa,YS Chahal,44,39,3,112.82
RV Uthappa,Yuvraj Singh,16,17,2,94.12
RV Uthappa,Z Khan,42,41,2,102.44
Rahmanullah Gurbaz,Arshdeep Singh,16,11,0,145.45
Rahmanullah Gurbaz,B Kumar,22,19,1,115.79
Rahmanullah Gurbaz,J Little,14,12,0,116.67
Rahmanullah Gurbaz,MA Starc,22,11,1,200.0
Rahmanullah Gurbaz,Mohammed Shami,22,14,1,157.14
Rahmanullah Gurbaz,Mohammed Siraj,13,14,1,92.86
Rahmanullah Gurbaz,PJ Cummins,15,12,0,125.0
Rahmanullah Gurbaz,Rashid Khan,30,11,0,272.73
Rahmanullah Gurbaz,Sandeep Sharma,18,11,0,163.64
Rahmanullah Gurbaz,Shahbaz Ahmed,18,13,1,138.46
Rashid Khan,AR Patel,19,14,0,135.71
Rashid Khan,Avesh Khan,21,14,1,150.0
Rashid Khan,C Green,16,10,0,160.0
Rashid Khan,CJ Jordan,52,18,1,288.89
Rashid Khan,DJ Bravo,26,18,1,144.44
Rashid Khan,M Pathirana,18,11,1,163.64
Rashid Khan,Mohammed Siraj,24,16,0,150.0
Rashid Khan,SN Thakur,21,12,1,175.0
Rashid Khan,TU Deshpande,27,12,2,225.0
S Anirudha,Iqbal Abdulla,10,11,0,90.91
S Anirudha,R Bhatia,11,10,0,110.0
S Anirudha,RP Singh,8,10,1,80.0
S Anirudha,S Ladda,15,10,0,150.0
S Badrinath,A Kumble,7,10,2,70.0
S Badrinath,A Mishra,18,22,1,81.82
S Badrinath,A Nehra,19,21,1,90.48
S Badrinath,A Singh,21,13,0,161.54
S Badrinath,A Symonds,6,10,0,60.0
S Badrinath,AM Nayar,34,22,0,154.55
S Badrinath,B Kumar,22,16,0,137.5
S Badrinath,BA Bhatt,28,17,0,164.71
S Badrinath,DJ Bravo,30,24,1,125.0
S Badrinath,DS Kulkarni,32,23,1,139.13
S Badrinath,DT Christian,9,12,1,75.0
S Badrinath,Harbhajan Singh,42,36,0,116.67
S Badrinath,Harmeet Singh,13,15,0,86.67
S Badrinath,IK Pathan,27,22,1,122.73
S Badrinath,JE Taylor,12,10,0,120.0
S Badrinath,JH Kallis,11,14,1,78.57
S Badrinath,JR Hopes,38,19,0,200.0
S Badrinath,KA Pollard,49,47,2,104.26
S Badrinath,L Balaji,22,14,1,157.14
S Badrinath,M Kartik,64,47,0,136.17
S Badrinath,M Morkel,6,11,0,54.55
S Badrinath,MM Patel,29,25,1,116.0
S Badrinath,P Kumar,7,14,0,50.0
S Badrinath,PJ Sangwan,24,14,0,171.43
S Badrinath,PP Chawla,31,29,1,106.9
S Badrinath,PP Ojha,28,26,3,107.69
S Badrinath,R Bhatia,21,20,1,105.0
S Badrinath,R McLaren,28,20,0,140.0
S Badrinath,R Sharma,38,32,0,118.75
S Badrinath,R Vinay Kumar,26,20,2,130.0
S Badrinath,RJ Harris,10,15,0,66.67
S Badrinath,RP Singh,17,19,3,89.47
S Badrinath,RR Powar,17,15,0,113.33
S Badrinath,RR Raje,23,11,0,209.09
S Badrinath,S Aravind,7,11,0,63.64
S Badrinath,S Nadeem,18,16,0,112.5
S Badrinath,S Sreesanth,16,16,1,100.0
S Badrinath,SK Trivedi,24,20,0,120.0
S Badrinath,SK Warne,14,24,1,58.33
S Badrinath,SL Malinga,37,32,1,115.62
S Badrinath,TM Dilshan,19,14,0,135.71
S Badrinath,VRV Singh,28,15,1,186.67
S Badrinath,YK Pathan,31,23,0,134.78
S Badrinath,Z Khan,13,21,0,61.9
S Dhawan,A Mishra,39,32,3,121.88
S Dhawan,A Nehra,42,34,0,123.53
S Dhawan,A Singh,17,10,1,170.0
S Dhawan,AB Agarkar,17,10,1,170.0
S Dhawan,AB Dinda,33,34,2,97.06
S Dhawan,AD Mathews,25,13,0,192.31
S Dhawan,AD Russell,63,37,1,170.27
S Dhawan,AN Ahmed,19,22,0,86.36
S Dhawan,AR Patel,14,14,0,100.0
S Dhawan,AS Joseph,30,20,0,150.0
S Dhawan,Anureet Singh,22,18,0,122.22
S Dhawan,Arshdeep Singh,22,13,0,169.23
S Dhawan,B Kumar,89,85,3,104.71
S Dhawan,B Lee,36,31,1,116.13
S Dhawan,BA Bhatt,22,10,0,220.0
S Dhawan,BA Stokes,30,20,1,150.0
S Dhawan,BW Hilfenhaus,15,14,1,107.14
S Dhawan,Basil Thampi,17,13,1,130.77
S Dhawan,C Green,12,11,0,109.09
S Dhawan,CH Gayle,20,22,0,90.91
S Dhawan,CH Morris,54,40,1,135.0
S Dhawan,CJ Jordan,11,12,0,91.67
S Dhawan,CV Varun,54,50,3,108.0
S Dhawan,D Pretorius,23,15,0,153.33
S Dhawan,DE Bollinger,17,15,1,113.33
S Dhawan,DJ Bravo,132,82,3,160.98
S Dhawan,DJ Hooda,45,28,0,160.71
S Dhawan,DJ Willey,35,20,0,175.0
S Dhawan,DL Chahar,87,75,1,116.0
S Dhawan,DS Kulkarni,127,90,2,141.11
S Dhawan,DT Christian,7,10,0,70.0
S Dhawan,DW Steyn,10,11,1,90.91
S Dhawan,Fazalhaq Farooqi,12,11,1,109.09
S Dhawan,GB Hogg,17,16,1,106.25
S Dhawan,GJ Maxwell,82,51,3,160.78
S Dhawan,HH Pandya,35,28,1,125.0
S Dhawan,HV Patel,42,37,2,113.51
S Dhawan,Harbhajan Singh,147,120,4,122.5
S Dhawan,Harpreet Brar,18,12,0,150.0
S Dhawan,I Sharma,41,38,4,107.89
S Dhawan,I Udana,14,10,1,140.0
S Dhawan,IK Pathan,56,46,3,121.74
S Dhawan,Iqbal Abdulla,15,13,1,115.38
S Dhawan,J Botha,22,29,2,75.86
S Dhawan,J Suchith,19,11,0,172.73
S Dhawan,J Yadav,54,46,2,117.39
S Dhawan,JA Morkel,51,31,1,164.52
S Dhawan,JD Unadkat,70,44,1,159.09
S Dhawan,JDP Oram,17,15,0,113.33
S Dhawan,JH Kallis,43,26,2,165.38
S Dhawan,JJ Bumrah,105,87,1,120.69
S Dhawan,JO Holder,67,51,1,131.37
S Dhawan,JP Faulkner,23,24,4,95.83
S Dhawan,JR Hazlewood,19,23,1,82.61
S Dhawan,Jalaj S Saxena,17,11,0,154.55
S Dhawan,Joginder Sharma,19,12,0,158.33
S Dhawan,KA Pollard,22,14,0,157.14
S Dhawan,KAJ Roach,8,11,0,72.73
S Dhawan,KC Cariappa,18,11,0,163.64
S Dhawan,KH Pandya,31,29,0,106.9
S Dhawan,KJ Abbott,19,10,0,190.0
S Dhawan,KK Ahmed,30,27,1,111.11
S Dhawan,KM Asif,20,11,0,181.82
S Dhawan,KV Sharma,44,22,0,200.0
S Dhawan,KW Richardson,19,21,1,90.48
S Dhawan,Kuldeep Yadav,34,37,2,91.89
S Dhawan,L Balaji,50,37,0,135.14
S Dhawan,LE Plunkett,13,10,0,130.0
S Dhawan,LH Ferguson,48,41,1,117.07
S Dhawan,M Ashwin,50,35,0,142.86
S Dhawan,M Markande,15,17,1,88.24
S Dhawan,M Morkel,79,60,2,131.67
S Dhawan,M Muralitharan,36,40,0,90.0
S Dhawan,M Prasidh Krishna,64,42,1,152.38
S Dhawan,M Siddharth,20,11,0,181.82
S Dhawan,M Theekshana,18,14,0,128.57
S Dhawan,MA Starc,20,14,0,142.86
S Dhawan,MG Johnson,22,25,3,88.0
S Dhawan,MJ McClenaghan,69,53,3,130.19
S Dhawan,MM Ali,18,19,0,94.74
S Dhawan,MM Patel,40,33,1,121.21
S Dhawan,MM Sharma,62,54,3,114.81
S Dhawan,MN Samuels,17,11,0,154.55
S Dhawan,MR Marsh,24,17,0,141.18
S Dhawan,MS Gony,9,10,1,90.0
S Dhawan,Mohammad Nabi,16,15,1,106.67
S Dhawan,Mohammed Shami,113,74,0,152.7
S Dhawan,Mohammed Siraj,42,31,1,135.48
S Dhawan,Mohsin Khan,18,12,1,150.0
S Dhawan,Mukesh Choudhary,26,16,0,162.5
S Dhawan,N Rana,14,16,1,87.5
S Dhawan,NM Coulter-Nile,15,15,0,100.0
S Dhawan,P Awana,20,15,0,133.33
S Dhawan,P Kumar,78,68,4,114.71
S Dhawan,P Negi,26,17,0,152.94
S Dhawan,P Parameswaran,28,14,0,200.0
S Dhawan,PC Valthaty,9,13,1,69.23
S Dhawan,PJ Cummins,34,30,2,113.33
S Dhawan,PJ Sangwan,49,30,0,163.33
S Dhawan,PP Chawla,95,61,2,155.74
S Dhawan,PP Ojha,51,39,2,130.77
S Dhawan,PV Tambe,27,17,0,158.82
S Dhawan,R Ashwin,78,97,4,80.41
S Dhawan,R Bhatia,45,40,2,112.5
S Dhawan,R Dhawan,12,12,2,100.0
S Dhawan,R McLaren,21,10,0,210.0
S Dhawan,R Vinay Kumar,24,14,0,171.43
S Dhawan,RA Jadeja,119,81,1,146.91
S Dhawan,RD Chahar,47,34,2,138.24
S Dhawan,RJ Harris,47,34,0,138.24
S Dhawan,RP Meredith,32,17,0,188.24
S Dhawan,RP Singh,48,36,2,133.33
S Dhawan,Rashid Khan,51,53,3,96.23
S Dhawan,Ravi Bishnoi,48,32,1,150.0
S Dhawan,S Gopal,41,23,2,178.26
S Dhawan,S Nadeem,60,35,2,171.43
S Dhawan,SB Jakati,27,22,2,122.73
S Dhawan,SB Styris,19,13,0,146.15
S Dhawan,SE Bond,24,17,1,141.18
S Dhawan,SK Raina,29,28,2,103.57
S Dhawan,SK Trivedi,46,38,1,121.05
S Dhawan,SL Malinga,85,69,4,123.19
S Dhawan,SM Curran,59,38,0,155.26
S Dhawan,SN Thakur,76,52,3,146.15
S Dhawan,SP Narine,105,88,2,119.32
S Dhawan,SR Watson,62,53,2,116.98
S Dhawan,Sandeep Sharma,90,65,2,138.46
S Dhawan,Shahid Afridi,15,10,0,150.0
S Dhawan,Shakib Al Hasan,23,19,1,121.05
S Dhawan,Shivam Mavi,14,16,0,87.5
S Dhawan,T Natarajan,53,34,0,155.88
S Dhawan,TA Boult,86,77,1,111.69
S Dhawan,TG Southee,53,50,3,106.0
S Dhawan,TS Mills,17,16,0,106.25
S Dhawan,UT Yadav,103,89,2,115.73
S Dhawan,Umran Malik,26,14,0,185.71
S Dhawan,VR Aaron,43,38,1,113.16
S Dhawan,VS Malik,30,23,0,130.43
S Dhawan,WD Parnell,40,27,0,148.15
S Dhawan,Washington Sundar,37,47,0,78.72
S Dhawan,Y Venugopal Rao,15,11,0,136.36
S Dhawan,YK Pathan,42,40,1,105.0
S Dhawan,YS Chahal,106,78,3,135.9
S Dhawan,Yash Dayal,4,11,0,36.36
S Dhawan,Z Khan,49,49,4,100.0
S Dube,A Nortje,19,16,0,118.75
S Dube,AD Russell,11,12,1,91.67
S Dube,AK Markram,12,12,0,100.0
S Dube,AR Patel,19,11,0,172.73
S Dube,AS Joseph,32,28,1,114.29
S Dube,Akash Deep,28,10,0,280.0
S Dube,Akash Madhwal,20,17,1,117.65
S Dube,Arshdeep Singh,30,21,3,142.86
S Dube,Avesh Khan,10,12,2,83.33
S Dube,C Green,19,19,1,100.0
S Dube,CV Varun,64,44,1,145.45
S Dube,GJ Maxwell,26,27,1,96.3
S Dube,HH Pandya,27,18,0,150.0
S Dube,HR Shokeen,18,19,0,94.74
S Dube,HV Patel,22,15,0,146.67
S Dube,Harshit Rana,21,14,0,150.0
S Dube,JJ Bumrah,17,32,3,53.12
S Dube,JO Holder,22,12,1,183.33
S Dube,JR Hazlewood,28,15,0,186.67
S Dube,K Rabada,31,26,2,119.23
S Dube,LH Ferguson,26,25,1,104.0
S Dube,M Ashwin,11,10,0,110.0
S Dube,M Jansen,19,10,0,190.0
S Dube,MM Ali,18,13,0,138.46
S Dube,MM Sharma,30,23,1,130.43
S Dube,MP Stoinis,24,12,2,200.0
S Dube,MR Marsh,11,13,2,84.62
S Dube,Mohammed Shami,24,15,1,160.0
S Dube,Mohammed Siraj,27,18,0,150.0
S Dube,PJ Cummins,19,16,1,118.75
S Dube,PWH de Silva,59,27,1,218.52
S Dube,R Ashwin,42,23,2,182.61
S Dube,RD Chahar,16,14,1,114.29
S Dube,RP Meredith,18,12,1,150.0
S Dube,Rashid Khan,31,20,1,155.0
S Dube,Ravi Bishnoi,34,23,1,147.83
S Dube,SM Curran,22,13,0,169.23
S Dube,SN Thakur,65,43,0,151.16
S Dube,SP Narine,43,47,0,91.49
S Dube,Sandeep Sharma,10,10,1,100.0
S Dube,Shahbaz Ahmed,24,13,0,184.62
S Dube,Suyash Sharma,38,24,0,158.33
S Dube,T Natarajan,42,21,1,200.0
S Dube,TA Boult,30,13,0,230.77
S Dube,VG Arora,33,19,2,173.68
S Dube,YS Chahal,20,15,0,133.33
S Dube,Yash Thakur,34,17,0,200.0
S Gopal,AR Patel,7,11,0,63.64
S Gopal,CV Varun,6,10,0,60.0
S Gopal,SP Narine,14,10,1,140.0
S Nadeem,SP Narine,6,12,3,50.0
S Sohal,A Nehra,2,10,1,20.0
S Sohal,AB Dinda,26,17,0,152.94
S Sohal,DS Kulkarni,18,11,1,163.64
S Sohal,JA Morkel,22,11,1,200.0
S Sohal,RJ Harris,20,16,1,125.0
S Sohal,RP Singh,14,15,2,93.33
S Sohal,S Aravind,15,10,0,150.0
S Sohal,SL Malinga,14,14,0,100.0
S Vidyut,GD McGrath,14,13,1,107.69
S Vidyut,Mohammad Asif,20,11,0,181.82
S Vidyut,PJ Sangwan,17,15,1,113.33
S Vidyut,SR Watson,17,13,0,130.77
S Vidyut,VY Mahesh,22,11,0,200.0
SA Asnodkar,A Kumble,7,11,1,63.64
SA Asnodkar,A Nehra,6,10,1,60.0
SA Asnodkar,A Symonds,21,14,0,150.0
SA Asnodkar,AB Agarkar,27,13,0,207.69
SA Asnodkar,AB Dinda,11,10,1,110.0
SA Asnodkar,JA Morkel,12,17,2,70.59
SA Asnodkar,M Muralitharan,13,15,1,86.67
SA Asnodkar,M Ntini,19,16,0,118.75
SA Asnodkar,MS Gony,56,33,0,169.7
SA Asnodkar,P Kumar,20,22,2,90.91
SA Asnodkar,SM Pollock,21,14,0,150.0
SA Yadav,A Mishra,23,15,0,153.33
SA Yadav,A Nortje,18,15,2,120.0
SA Yadav,AD Russell,71,33,4,215.15
SA Yadav,AR Patel,60,68,2,88.24
SA Yadav,AS Joseph,40,16,0,250.0
SA Yadav,AS Rajpoot,79,35,0,225.71
SA Yadav,Akash Deep,48,20,0,240.0
SA Yadav,Arshdeep Singh,42,33,3,127.27
SA Yadav,Avesh Khan,29,24,3,120.83
SA Yadav,B Kumar,35,26,1,134.62
SA Yadav,BA Stokes,15,11,0,136.36
SA Yadav,CH Morris,18,17,2,105.88
SA Yadav,CV Varun,42,43,1,97.67
SA Yadav,DJ Bravo,47,30,1,156.67
SA Yadav,DL Chahar,58,45,1,128.89
SA Yadav,DS Kulkarni,34,23,1,147.83
SA Yadav,E Malinga,24,12,0,200.0
SA Yadav,GJ Maxwell,12,12,0,100.0
SA Yadav,HF Gurney,19,14,0,135.71
SA Yadav,HV Patel,52,40,1,130.0
SA Yadav,Harbhajan Singh,75,52,1,144.23
SA Yadav,Harpreet Brar,33,26,0,126.92
SA Yadav,Imran Tahir,46,36,1,127.78
SA Yadav,JC Archer,38,29,1,131.03
SA Yadav,JD Unadkat,41,29,1,141.38
SA Yadav,JJ Bumrah,27,12,1,225.0
SA Yadav,JO Holder,47,27,1,174.07
SA Yadav,JR Hazlewood,9,10,0,90.0
SA Yadav,K Gowtham,24,18,0,133.33
SA Yadav,K Rabada,89,57,3,156.14
SA Yadav,KA Jamieson,42,24,1,175.0
SA Yadav,KH Pandya,47,35,1,134.29
SA Yadav,KK Ahmed,25,17,1,147.06
SA Yadav,KV Sharma,13,10,0,130.0
SA Yadav,Kartik Tyagi,35,21,0,166.67
SA Yadav,Kuldeep Yadav,48,32,1,150.0
SA Yadav,LS Livingstone,22,10,0,220.0
SA Yadav,M Ashwin,8,14,2,57.14
SA Yadav,M Jansen,45,18,1,250.0
SA Yadav,M Prasidh Krishna,63,43,2,146.51
SA Yadav,M Theekshana,27,17,0,158.82
SA Yadav,MG Johnson,42,21,1,200.0
SA Yadav,MM Ali,30,16,0,187.5
SA Yadav,MM Sharma,50,33,2,151.52
SA Yadav,MP Stoinis,41,24,2,170.83
SA Yadav,Mohammad Nabi,28,19,0,147.37
SA Yadav,Mohammed Shami,40,17,0,235.29
SA Yadav,Mohammed Siraj,67,29,1,231.03
SA Yadav,Mukesh Kumar,32,17,1,188.24
SA Yadav,Mustafizur Rahman,28,18,1,155.56
SA Yadav,NLTC Perera,16,12,1,133.33
SA Yadav,NT Ellis,27,16,1,168.75
SA Yadav,Noor Ahmad,55,41,2,134.15
SA Yadav,P Negi,11,11,1,100.0
SA Yadav,PJ Cummins,49,44,3,111.36
SA Yadav,PP Chawla,18,14,1,128.57
SA Yadav,PVD Chameera,28,11,0,254.55
SA Yadav,PWH de Silva,35,16,0,218.75
SA Yadav,R Ashwin,128,89,0,143.82
SA Yadav,R Sai Kishore,45,27,2,166.67
SA Yadav,R Tewatia,28,24,1,116.67
SA Yadav,RA Jadeja,71,73,3,97.26
SA Yadav,RD Chahar,37,27,0,137.04
SA Yadav,Rashid Khan,107,76,0,140.79
SA Yadav,Ravi Bishnoi,86,53,3,162.26
SA Yadav,S Gopal,64,39,1,164.1
SA Yadav,S Kaul,61,30,1,203.33
SA Yadav,S Nadeem,23,14,1,164.29
SA Yadav,S Sandeep Warrier,27,12,0,225.0
SA Yadav,SK Raina,9,10,0,90.0
SA Yadav,SL Malinga,15,10,1,150.0
SA Yadav,SM Curran,61,29,2,210.34
SA Yadav,SN Thakur,32,23,2,139.13
SA Yadav,SP Narine,91,73,0,124.66
SA Yadav,SR Watson,26,20,1,130.0
SA Yadav,Sandeep Sharma,33,32,4,103.12
SA Yadav,Shahbaz Ahmed,28,15,0,186.67
SA Yadav,Shakib Al Hasan,28,31,1,90.32
SA Yadav,Suyash Sharma,17,14,0,121.43
SA Yadav,T Natarajan,25,22,0,113.64
SA Yadav,TA Boult,32,23,1,139.13
SA Yadav,TK Curran,26,12,0,216.67
SA Yadav,UT Yadav,21,11,2,190.91
SA Yadav,Umran Malik,27,13,0,207.69
SA Yadav,V Nigam,21,15,0,140.0
SA Yadav,Vijaykumar Vyshak,37,27,2,137.04
SA Yadav,YS Chahal,116,88,4,131.82
SA Yadav,Zeeshan Ansari,34,14,0,242.86
SB Styris,JA Morkel,19,15,0,126.67
SB Styris,M Muralitharan,10,16,1,62.5
SB Styris,M Ntini,6,13,0,46.15
SC Ganguly,A Kumble,9,17,0,52.94
SC Ganguly,A Mishra,35,33,0,106.06
SC Ganguly,A Nehra,18,11,0,163.64
SC Ganguly,A Symonds,14,18,0,77.78
SC Ganguly,AG Murtaza,8,10,0,80.0
SC Ganguly,DE Bollinger,21,13,1,161.54
SC Ganguly,DJ Bravo,24,21,0,114.29
SC Ganguly,DL Vettori,16,10,1,160.0
SC Ganguly,DP Nannes,8,17,2,47.06
SC Ganguly,DW Steyn,36,35,0,102.86
SC Ganguly,Harbhajan Singh,19,29,2,65.52
SC Ganguly,Harmeet Singh,20,19,1,105.26
SC Ganguly,IK Pathan,42,32,1,131.25
SC Ganguly,Iqbal Abdulla,9,11,0,81.82
SC Ganguly,J Theron,7,11,0,63.64
SC Ganguly,JA Morkel,9,14,0,64.29
SC Ganguly,JH Kallis,28,15,0,186.67
SC Ganguly,JP Duminy,29,24,0,120.83
SC Ganguly,KAJ Roach,21,11,0,190.91
SC Ganguly,L Balaji,5,10,0,50.0
SC Ganguly,M Muralitharan,3,13,1,23.08
SC Ganguly,MM Patel,19,23,2,82.61
SC Ganguly,MS Gony,18,16,1,112.5
SC Ganguly,P Kumar,41,41,2,100.0
SC Ganguly,PJ Sangwan,9,12,0,75.0
SC Ganguly,PP Chawla,46,23,1,200.0
SC Ganguly,PP Ojha,65,43,2,151.16
SC Ganguly,R Ashwin,13,17,0,76.47
SC Ganguly,R Bhatia,26,19,1,136.84
SC Ganguly,R McLaren,20,11,0,181.82
SC Ganguly,R Vinay Kumar,10,17,4,58.82
SC Ganguly,RG Sharma,14,13,1,107.69
SC Ganguly,RP Singh,12,13,0,92.31
SC Ganguly,RR Powar,19,20,0,95.0
SC Ganguly,S Sreesanth,8,11,1,72.73
SC Ganguly,SB Styris,26,27,0,96.3
SC Ganguly,SJ Srivastava,32,13,0,246.15
SC Ganguly,SK Trivedi,40,33,2,121.21
SC Ganguly,SK Warne,30,29,1,103.45
SC Ganguly,SP Narine,7,14,0,50.0
SC Ganguly,SR Watson,25,23,0,108.7
SC Ganguly,SW Tait,13,11,1,118.18
SC Ganguly,TM Dilshan,15,18,0,83.33
SC Ganguly,VRV Singh,16,13,0,123.08
SC Ganguly,VS Malik,5,10,0,50.0
SC Ganguly,WPUJC Vaas,20,15,1,133.33
SC Ganguly,Y Venugopal Rao,17,13,0,130.77
SC Ganguly,YK Pathan,45,37,0,121.62
SC Ganguly,Z Khan,11,14,2,78.57
SD Chitnis,VR Aaron,13,12,0,108.33
SD Hope,Yash Dayal,17,11,1,154.55
SE Marsh,A Chandila,20,13,0,153.85
SE Marsh,A Kumble,37,20,0,185.0
SE Marsh,A Nehra,33,29,1,113.79
SE Marsh,AA Jhunjhunwala,15,11,0,136.36
SE Marsh,AB Agarkar,27,16,0,168.75
SE Marsh,AB Dinda,31,20,0,155.0
SE Marsh,B Kumar,10,13,3,76.92
SE Marsh,Basil Thampi,17,11,0,154.55
SE Marsh,CH Morris,12,13,0,92.31
SE Marsh,D Salunkhe,14,11,0,127.27
SE Marsh,DE Bollinger,20,11,0,181.82
SE Marsh,DJ Bravo,29,21,1,138.1
SE Marsh,DJ Hooda,41,21,0,195.24
SE Marsh,DNT Zoysa,16,13,0,123.08
SE Marsh,DR Smith,16,10,0,160.0
SE Marsh,DS Kulkarni,29,19,1,152.63
SE Marsh,DW Steyn,44,24,0,183.33
SE Marsh,Harbhajan Singh,84,71,1,118.31
SE Marsh,I Sharma,13,17,0,76.47
SE Marsh,IK Pathan,18,16,1,112.5
SE Marsh,JA Morkel,44,36,0,122.22
SE Marsh,JH Kallis,11,13,0,84.62
SE Marsh,JJ van der Wath,35,13,0,269.23
SE Marsh,JP Faulkner,36,24,0,150.0
SE Marsh,JR Hopes,31,17,0,182.35
SE Marsh,KA Pollard,46,39,0,117.95
SE Marsh,KK Cooper,19,20,2,95.0
SE Marsh,L Balaji,18,16,1,112.5
SE Marsh,M Morkel,36,37,2,97.3
SE Marsh,M Ntini,16,12,1,133.33
SE Marsh,MC Henriques,32,19,0,168.42
SE Marsh,MJ McClenaghan,12,10,2,120.0
SE Marsh,MM Patel,51,46,1,110.87
SE Marsh,MM Sharma,22,13,0,169.23
SE Marsh,NM Coulter-Nile,12,12,0,100.0
SE Marsh,P Kumar,16,25,0,64.0
SE Marsh,PP Ojha,27,20,1,135.0
SE Marsh,R Ashwin,17,26,0,65.38
SE Marsh,R Dhawan,16,10,0,160.0
SE Marsh,R Sharma,17,12,0,141.67
SE Marsh,R Tewatia,16,11,0,145.45
SE Marsh,R Vinay Kumar,23,26,1,88.46
SE Marsh,RA Jadeja,19,14,0,135.71
SE Marsh,RG Sharma,17,16,0,106.25
SE Marsh,RP Singh,59,35,1,168.57
SE Marsh,Rashid Khan,11,12,0,91.67
SE Marsh,S Aravind,23,23,1,100.0
SE Marsh,S Kaul,28,22,0,127.27
SE Marsh,S Sreesanth,20,15,0,133.33
SE Marsh,SB Bangar,21,17,1,123.53
SE Marsh,SB Jakati,28,11,0,254.55
SE Marsh,SB Styris,7,12,1,58.33
SE Marsh,SD Chitnis,21,12,1,175.0
SE Marsh,SK Raina,45,25,0,180.0
SE Marsh,SK Trivedi,34,28,0,121.43
SE Marsh,SK Warne,27,10,0,270.0
SE Marsh,SL Malinga,34,32,2,106.25
SE Marsh,SM Pollock,7,11,0,63.64
SE Marsh,SP Narine,18,20,1,90.0
SE Marsh,SR Watson,67,46,2,145.65
SE Marsh,SW Tait,5,10,0,50.0
SE Marsh,Shahid Afridi,21,11,0,190.91
SE Marsh,Shakib Al Hasan,11,10,0,110.0
SE Marsh,TL Suman,13,11,0,118.18
SE Marsh,UT Yadav,17,13,1,130.77
SE Marsh,VR Aaron,23,16,1,143.75
SE Marsh,Y Venugopal Rao,23,14,0,164.29
SE Marsh,YK Pathan,23,14,0,164.29
SE Marsh,Z Khan,41,36,2,113.89
SE Rutherford,Ashwani Kumar,20,11,0,181.82
SE Rutherford,B Kumar,15,10,1,150.0
SE Rutherford,CV Varun,15,10,0,150.0
SE Rutherford,Kuldeep Yadav,17,11,0,154.55
SE Rutherford,MP Stoinis,25,10,0,250.0
SE Rutherford,SP Narine,6,12,0,50.0
SE Rutherford,Vijaykumar Vyshak,14,13,0,107.69
SK Raina,A Kumble,13,21,0,61.9
SK Raina,A Mishra,122,88,4,138.64
SK Raina,A Mithun,16,10,0,160.0
SK Raina,A Nehra,15,25,1,60.0
SK Raina,A Singh,27,15,2,180.0
SK Raina,A Symonds,19,17,1,111.76
SK Raina,AB Agarkar,10,15,0,66.67
SK Raina,AB Dinda,55,34,1,161.76
SK Raina,AC Thomas,10,10,1,100.0
SK Raina,AD Mathews,32,18,0,177.78
SK Raina,AD Russell,22,17,2,129.41
SK Raina,AJ Tye,54,31,0,174.19
SK Raina,AM Nayar,21,14,0,150.0
SK Raina,AN Ahmed,26,20,0,130.0
SK Raina,AR Patel,63,48,2,131.25
SK Raina,AS Rajpoot,18,11,0,163.64
SK Raina,Anureet Singh,20,14,0,142.86
SK Raina,Azhar Mahmood,22,14,1,157.14
SK Raina,B Akhil,15,10,0,150.0
SK Raina,B Kumar,79,60,3,131.67
SK Raina,B Lee,19,14,0,135.71
SK Raina,BA Stokes,35,20,0,175.0
SK Raina,BB Sran,19,13,0,146.15
SK Raina,CH Gayle,28,23,1,121.74
SK Raina,CH Morris,21,25,3,84.0
SK Raina,CR Woakes,45,25,0,180.0
SK Raina,D Wiese,24,19,0,126.32
SK Raina,DJ Bravo,55,32,4,171.88
SK Raina,DJ Hooda,16,15,0,106.67
SK Raina,DJ Hussey,31,25,0,124.0
SK Raina,DL Vettori,29,18,0,161.11
SK Raina,DP Nannes,12,10,0,120.0
SK Raina,DP Vijaykumar,21,10,0,210.0
SK Raina,DR Smith,45,16,0,281.25
SK Raina,DS Kulkarni,19,17,1,111.76
SK Raina,DT Christian,17,18,1,94.44
SK Raina,DW Steyn,26,25,1,104.0
SK Raina,GB Hogg,8,16,1,50.0
SK Raina,GJ Maxwell,13,19,2,68.42
SK Raina,Gurkeerat Singh,17,11,0,154.55
SK Raina,HH Pandya,32,21,2,152.38
SK Raina,HV Patel,24,32,2,75.0
SK Raina,Harbhajan Singh,131,119,5,110.08
SK Raina,Harmeet Singh,18,16,1,112.5
SK Raina,I Sharma,77,40,1,192.5
SK Raina,IK Pathan,65,42,1,154.76
SK Raina,IS Sodhi,12,10,1,120.0
SK Raina,Imran Tahir,16,11,1,145.45
SK Raina,Iqbal Abdulla,55,29,0,189.66
SK Raina,J Botha,19,20,0,95.0
SK Raina,J Suchith,27,15,2,180.0
SK Raina,JC Archer,12,10,0,120.0
SK Raina,JD Unadkat,47,33,2,142.42
SK Raina,JDS Neesham,11,12,1,91.67
SK Raina,JH Kallis,72,63,2,114.29
SK Raina,JJ Bumrah,50,35,1,142.86
SK Raina,JP Behrendorff,15,12,1,125.0
SK Raina,JP Duminy,27,20,0,135.0
SK Raina,K Gowtham,28,21,0,133.33
SK Raina,K Rabada,19,12,1,158.33
SK Raina,KA Pollard,75,44,1,170.45
SK Raina,KH Pandya,44,30,0,146.67
SK Raina,KK Cooper,19,13,2,146.15
SK Raina,KP Pietersen,11,17,2,64.71
SK Raina,KV Sharma,20,15,1,133.33
SK Raina,KW Richardson,24,15,0,160.0
SK Raina,Kuldeep Yadav,51,44,2,115.91
SK Raina,L Balaji,20,17,1,117.65
SK Raina,LR Shukla,22,20,0,110.0
SK Raina,M Ashwin,32,32,1,100.0
SK Raina,M Kartik,25,18,0,138.89
SK Raina,M Markande,15,11,0,136.36
SK Raina,M Morkel,32,20,0,160.0
SK Raina,M Muralitharan,17,18,1,94.44
SK Raina,M Prasidh Krishna,18,15,0,120.0
SK Raina,MA Starc,16,15,0,106.67
SK Raina,MC Henriques,11,13,1,84.62
SK Raina,MG Johnson,64,42,2,152.38
SK Raina,MJ McClenaghan,50,36,1,138.89
SK Raina,MM Patel,63,37,2,170.27
SK Raina,MM Sharma,36,27,1,133.33
SK Raina,MN Samuels,23,14,0,164.29
SK Raina,MP Stoinis,19,13,1,146.15
SK Raina,Mohammed Shami,34,23,1,147.83
SK Raina,Mohammed Siraj,16,12,1,133.33
SK Raina,NLTC Perera,42,27,2,155.56
SK Raina,NM Coulter-Nile,20,13,1,153.85
SK Raina,P Awana,47,22,1,213.64
SK Raina,P Kumar,85,47,3,180.85
SK Raina,P Negi,24,13,1,184.62
SK Raina,PJ Cummins,19,19,1,100.0
SK Raina,PJ Sangwan,27,19,2,142.11
SK Raina,PP Chawla,172,98,4,175.51
SK Raina,PP Ojha,68,44,2,154.55
SK Raina,PV Tambe,4,10,0,40.0
SK Raina,Pankaj Singh,16,12,1,133.33
SK Raina,R Ashwin,54,53,1,101.89
SK Raina,R Bhatia,45,39,2,115.38
SK Raina,R Ninan,20,10,1,200.0
SK Raina,R Sharma,16,18,1,88.89
SK Raina,R Vinay Kumar,90,59,1,152.54
SK Raina,RD Chahar,12,12,1,100.0
SK Raina,RP Singh,26,25,1,104.0
SK Raina,RR Powar,42,31,0,135.48
SK Raina,Rashid Khan,47,35,3,134.29
SK Raina,S Aravind,34,22,0,154.55
SK Raina,S Gopal,25,18,1,138.89
SK Raina,S Kaul,33,28,1,117.86
SK Raina,S Nadeem,22,13,0,169.23
SK Raina,S Sreesanth,35,24,1,145.83
SK Raina,SB Styris,8,10,0,80.0
SK Raina,SK Trivedi,92,53,1,173.58
SK Raina,SK Warne,65,61,3,106.56
SK Raina,SL Malinga,67,58,2,115.52
SK Raina,SP Narine,118,87,3,135.63
SK Raina,SR Watson,53,36,2,147.22
SK Raina,Sandeep Sharma,110,53,2,207.55
SK Raina,Shahid Afridi,23,15,0,153.33
SK Raina,Shakib Al Hasan,47,42,2,111.9
SK Raina,Sohail Tanvir,24,14,0,171.43
SK Raina,T Natarajan,16,12,0,133.33
SK Raina,TA Boult,22,19,2,115.79
SK Raina,TM Dilshan,22,22,1,100.0
SK Raina,UT Yadav,93,90,3,103.33
SK Raina,V Kohli,15,11,0,136.36
SK Raina,VR Aaron,34,23,1,147.83
SK Raina,VRV Singh,27,15,0,180.0
SK Raina,YK Pathan,70,62,3,112.9
SK Raina,YS Chahal,99,72,4,137.5
SK Raina,Z Khan,62,36,2,172.22
SK Rasheed,DL Chahar,14,13,0,107.69
SK Warne,L Balaji,6,12,1,50.0
SK Warne,LR Shukla,10,13,0,76.92
SL Malinga,AB Dinda,14,10,0,140.0
SM Curran,A Zampa,9,10,0,90.0
SM Curran,AR Patel,19,16,0,118.75
SM Curran,Avesh Khan,32,19,0,168.42
SM Curran,Azmatullah Omarzai,28,16,1,175.0
SM Curran,C Green,27,14,0,192.86
SM Curran,CV Varun,15,16,0,93.75
SM Curran,JC Archer,16,16,1,100.0
SM Curran,JJ Bumrah,19,16,3,118.75
SM Curran,KH Pandya,28,14,0,200.0
SM Curran,KK Ahmed,32,20,1,160.0
SM Curran,Kuldeep Yadav,15,19,0,78.95
SM Curran,LH Ferguson,14,11,2,127.27
SM Curran,M Jansen,23,13,1,176.92
SM Curran,MM Sharma,10,15,1,66.67
SM Curran,MR Marsh,31,16,0,193.75
SM Curran,NM Coulter-Nile,16,17,0,94.12
SM Curran,P Dubey,8,10,1,80.0
SM Curran,R Ashwin,15,14,0,107.14
SM Curran,RA Jadeja,17,16,1,106.25
SM Curran,RD Chahar,13,10,0,130.0
SM Curran,Rashid Khan,16,16,1,100.0
SM Curran,SP Narine,39,23,1,169.57
SM Curran,Sandeep Sharma,22,23,1,95.65
SM Curran,Suryansh Shedge,32,12,0,266.67
SM Curran,T Natarajan,16,12,1,133.33
SM Curran,TA Boult,19,10,1,190.0
SM Curran,YS Chahal,60,28,0,214.29
SM Katich,GD McGrath,17,13,0,130.77
SM Katich,M Muralitharan,5,10,1,50.0
SM Katich,MF Maharoof,13,12,1,108.33
SM Katich,MS Gony,27,12,0,225.0
SM Katich,Mohammad Asif,21,10,0,210.0
SN Khan,Avesh Khan,26,13,0,200.0
SN Khan,DJ Bravo,17,12,1,141.67
SN Khan,HH Pandya,10,12,0,83.33
SN Khan,HV Patel,12,10,2,120.0
SN Khan,Imran Tahir,11,13,0,84.62
SN Khan,JJ Bumrah,24,17,1,141.18
SN Khan,KH Pandya,9,10,0,90.0
SN Khan,RA Jadeja,33,23,1,143.48
SN Khan,SC Kuggeleijn,26,15,1,173.33
SN Thakur,HV Patel,19,11,1,172.73
SN Thakur,RD Chahar,8,10,0,80.0
SO Hetmyer,AD Russell,28,12,0,233.33
SO Hetmyer,AS Joseph,30,10,0,300.0
SO Hetmyer,Arshdeep Singh,54,33,1,163.64
SO Hetmyer,B Kumar,53,34,2,155.88
SO Hetmyer,CV Varun,16,16,2,100.0
SO Hetmyer,DJ Bravo,25,14,1,178.57
SO Hetmyer,HH Pandya,21,16,1,131.25
SO Hetmyer,HV Patel,55,39,1,141.03
SO Hetmyer,JJ Bumrah,9,15,4,60.0
SO Hetmyer,JO Holder,47,18,0,261.11
SO Hetmyer,JR Hazlewood,15,12,1,125.0
SO Hetmyer,K Gowtham,15,19,0,78.95
SO Hetmyer,KK Ahmed,34,16,1,212.5
SO Hetmyer,Kartik Tyagi,35,15,1,233.33
SO Hetmyer,LH Ferguson,26,14,0,185.71
SO Hetmyer,M Pathirana,8,11,1,72.73
SO Hetmyer,MM Ali,27,24,0,112.5
SO Hetmyer,Mohammad Nabi,14,10,1,140.0
SO Hetmyer,Mohammed Shami,18,10,3,180.0
SO Hetmyer,Mohammed Siraj,48,32,2,150.0
SO Hetmyer,Mukesh Kumar,23,10,0,230.0
SO Hetmyer,NT Ellis,21,13,0,161.54
SO Hetmyer,Noor Ahmad,16,14,0,114.29
SO Hetmyer,PJ Cummins,17,12,0,141.67
SO Hetmyer,PWH de Silva,14,15,1,93.33
SO Hetmyer,RD Chahar,21,19,0,110.53
SO Hetmyer,RP Meredith,20,10,0,200.0
SO Hetmyer,Rashid Khan,84,56,3,150.0
SO Hetmyer,SM Curran,46,19,2,242.11
SO Hetmyer,SP Narine,23,16,0,143.75
SO Hetmyer,Shivam Mavi,13,11,0,118.18
SO Hetmyer,T Natarajan,47,30,2,156.67
SO Hetmyer,TU Deshpande,21,11,0,190.91
SP Fleming,A Kumble,9,10,1,90.0
SP Fleming,DP Vijaykumar,17,15,1,113.33
SP Fleming,GD McGrath,5,10,0,50.0
SP Fleming,P Kumar,15,11,0,136.36
SP Fleming,R Vinay Kumar,16,11,0,145.45
SP Fleming,SM Pollock,5,12,0,41.67
SP Goswami,CK Langeveldt,8,10,1,80.0
SP Goswami,IK Pathan,9,13,0,69.23
SP Goswami,M Kartik,12,14,0,85.71
SP Goswami,M Morkel,15,12,0,125.0
SP Goswami,M Ntini,6,10,0,60.0
SP Goswami,R Bhatia,35,20,2,175.0
SP Goswami,SM Pollock,12,14,0,85.71
SP Goswami,SP Narine,6,10,0,60.0
SP Goswami,VY Mahesh,15,15,0,100.0
SP Narine,A Nortje,13,12,2,108.33
SP Narine,AR Patel,32,16,1,200.0
SP Narine,Akash Deep,22,11,0,200.0
SP Narine,Arshdeep Singh,21,12,1,175.0
SP Narine,Avesh Khan,24,16,0,150.0
SP Narine,B Kumar,31,28,2,110.71
SP Narine,DS Kulkarni,31,24,0,129.17
SP Narine,DW Steyn,14,11,0,127.27
SP Narine,I Sharma,33,17,1,194.12
SP Narine,JD Unadkat,28,28,4,100.0
SP Narine,JJ Bumrah,3,10,2,30.0
SP Narine,K Gowtham,49,17,1,288.24
SP Narine,K Rabada,47,21,2,223.81
SP Narine,KK Ahmed,44,25,2,176.0
SP Narine,KM Asif,10,10,0,100.0
SP Narine,KV Sharma,11,12,2,91.67
SP Narine,MG Johnson,7,12,2,58.33
SP Narine,MP Stoinis,30,13,0,230.77
SP Narine,Mohammed Siraj,33,28,2,117.86
SP Narine,Mohsin Khan,25,13,1,192.31
SP Narine,Navdeep Saini,13,11,2,118.18
SP Narine,PJ Cummins,47,21,2,223.81
SP Narine,R Ashwin,133,57,1,233.33
SP Narine,Rasikh Salam,43,18,1,238.89
SP Narine,Ravi Bishnoi,37,21,1,176.19
SP Narine,S Aravind,35,14,0,250.0
SP Narine,S Badree,48,16,0,300.0
SP Narine,S Gopal,13,14,2,92.86
SP Narine,SN Thakur,34,17,0,200.0
SP Narine,Sandeep Sharma,44,23,1,191.3
SP Narine,T Natarajan,11,10,1,110.0
SP Narine,TA Boult,19,17,4,111.76
SP Narine,TG Southee,12,15,1,80.0
SP Narine,TU Deshpande,32,18,0,177.78
SP Narine,Washington Sundar,21,10,0,210.0
SP Narine,YS Chahal,49,20,0,245.0
SP Narine,Yash Dayal,34,23,1,147.83
SPD Smith,A Ashish Reddy,22,12,0,183.33
SPD Smith,A Mishra,39,41,1,95.12
SPD Smith,A Nehra,17,16,0,106.25
SPD Smith,AR Patel,31,27,1,114.81
SPD Smith,B Kumar,15,19,0,78.95
SPD Smith,Bipul Sharma,48,26,0,184.62
SPD Smith,CH Morris,38,23,1,165.22
SPD Smith,CV Varun,14,10,0,140.0
SPD Smith,D Wiese,19,16,1,118.75
SPD Smith,DJ Bravo,64,42,3,152.38
SPD Smith,DL Chahar,27,26,0,103.85
SPD Smith,DW Steyn,17,13,1,130.77
SPD Smith,HF Gurney,14,14,0,100.0
SPD Smith,HH Pandya,27,26,1,103.85
SPD Smith,HV Patel,21,22,1,95.45
SPD Smith,Harbhajan Singh,20,20,1,100.0
SPD Smith,Harpreet Brar,11,10,0,110.0
SPD Smith,I Sharma,21,17,1,123.53
SPD Smith,I Udana,15,10,1,150.0
SPD Smith,Imran Tahir,9,13,1,69.23
SPD Smith,J Botha,20,21,1,95.24
SPD Smith,J Suchith,22,15,0,146.67
SPD Smith,JA Morkel,7,10,1,70.0
SPD Smith,JD Unadkat,15,11,0,136.36
SPD Smith,JJ Bumrah,68,56,3,121.43
SPD Smith,JP Faulkner,28,15,1,186.67
SPD Smith,KA Pollard,38,19,1,200.0
SPD Smith,KH Pandya,57,39,0,146.15
SPD Smith,KP Appanna,11,10,0,110.0
SPD Smith,KV Sharma,57,47,1,121.28
SPD Smith,Kuldeep Yadav,34,26,0,130.77
SPD Smith,L Balaji,21,10,0,210.0
SPD Smith,M Prasidh Krishna,17,10,0,170.0
SPD Smith,MC Henriques,29,23,0,126.09
SPD Smith,MG Johnson,7,12,2,58.33
SPD Smith,MJ McClenaghan,36,24,1,150.0
SPD Smith,MM Sharma,27,31,2,87.1
SPD Smith,Mohammed Shami,41,21,0,195.24
SPD Smith,Mustafizur Rahman,19,11,0,172.73
SPD Smith,P Kumar,49,26,0,188.46
SPD Smith,P Negi,14,16,0,87.5
SPD Smith,P Sahu,11,10,0,110.0
SPD Smith,PP Chawla,62,49,1,126.53
SPD Smith,R Ashwin,24,25,1,96.0
SPD Smith,R Vinay Kumar,31,24,3,129.17
SPD Smith,RA Jadeja,68,72,5,94.44
SPD Smith,RD Chahar,11,13,0,84.62
SPD Smith,Rashid Khan,20,27,1,74.07
SPD Smith,Ravi Bishnoi,25,17,1,147.06
SPD Smith,S Aravind,9,11,1,81.82
SPD Smith,S Badree,28,15,0,186.67
SPD Smith,S Kaushik,23,10,0,230.0
SPD Smith,S Nadeem,54,21,1,257.14
SPD Smith,SK Trivedi,21,14,1,150.0
SPD Smith,SL Malinga,72,48,1,150.0
SPD Smith,SM Curran,18,16,2,112.5
SPD Smith,SN Thakur,16,11,0,145.45
SPD Smith,SP Narine,50,46,2,108.7
SPD Smith,Sandeep Sharma,28,22,0,127.27
SPD Smith,Shakib Al Hasan,12,11,0,109.09
SPD Smith,TA Boult,16,13,0,123.08
SPD Smith,TG Southee,21,14,0,150.0
SPD Smith,UT Yadav,14,14,0,100.0
SPD Smith,YS Chahal,34,37,0,91.89
SPD Smith,Z Khan,16,17,0,94.12
SR Tendulkar,A Flintoff,12,10,0,120.0
SR Tendulkar,A Kumble,21,15,0,140.0
SR Tendulkar,A Mishra,55,44,2,125.0
SR Tendulkar,A Mithun,14,12,0,116.67
SR Tendulkar,A Nehra,15,13,1,115.38
SR Tendulkar,A Symonds,20,17,0,117.65
SR Tendulkar,AA Chavan,8,12,0,66.67
SR Tendulkar,AB Agarkar,34,17,1,200.0
SR Tendulkar,AB Dinda,59,43,0,137.21
SR Tendulkar,AC Thomas,5,11,0,45.45
SR Tendulkar,AD Mathews,16,15,0,106.67
SR Tendulkar,AJ Finch,14,15,1,93.33
SR Tendulkar,Azhar Mahmood,26,17,1,152.94
SR Tendulkar,B Lee,24,15,0,160.0
SR Tendulkar,BA Bhatt,31,25,0,124.0
SR Tendulkar,Bipul Sharma,12,11,0,109.09
SR Tendulkar,CH Gayle,18,14,0,128.57
SR Tendulkar,DE Bollinger,17,25,2,68.0
SR Tendulkar,DL Vettori,18,16,0,112.5
SR Tendulkar,DP Nannes,16,16,1,100.0
SR Tendulkar,DT Christian,20,20,0,100.0
SR Tendulkar,DW Steyn,50,37,1,135.14
SR Tendulkar,GB Hogg,19,14,0,135.71
SR Tendulkar,I Sharma,83,63,1,131.75
SR Tendulkar,IK Pathan,48,52,1,92.31
SR Tendulkar,Iqbal Abdulla,30,22,0,136.36
SR Tendulkar,JA Morkel,73,47,0,155.32
SR Tendulkar,JDP Oram,20,12,0,166.67
SR Tendulkar,JH Kallis,39,28,3,139.29
SR Tendulkar,Jaskaran Singh,22,15,0,146.67
SR Tendulkar,Joginder Sharma,10,15,1,66.67
SR Tendulkar,L Balaji,18,25,1,72.0
SR Tendulkar,LR Shukla,14,15,1,93.33
SR Tendulkar,M Kartik,35,33,1,106.06
SR Tendulkar,M Morkel,8,15,1,53.33
SR Tendulkar,M Muralitharan,36,26,0,138.46
SR Tendulkar,MF Maharoof,26,15,0,173.33
SR Tendulkar,MM Sharma,11,10,0,110.0
SR Tendulkar,MS Gony,17,15,0,113.33
SR Tendulkar,NLTC Perera,43,28,0,153.57
SR Tendulkar,P Kumar,38,56,2,67.86
SR Tendulkar,PJ Sangwan,21,21,2,100.0
SR Tendulkar,PP Chawla,61,53,4,115.09
SR Tendulkar,PP Ojha,27,26,1,103.85
SR Tendulkar,R Ashwin,39,31,1,125.81
SR Tendulkar,R Bhatia,27,26,3,103.85
SR Tendulkar,R Sharma,19,15,2,126.67
SR Tendulkar,R Vinay Kumar,81,58,3,139.66
SR Tendulkar,RA Jadeja,37,25,1,148.0
SR Tendulkar,RE van der Merwe,17,17,0,100.0
SR Tendulkar,RJ Harris,26,21,1,123.81
SR Tendulkar,RP Singh,47,42,3,111.9
SR Tendulkar,S Aravind,24,13,0,184.62
SR Tendulkar,S Nadeem,18,17,0,105.88
SR Tendulkar,SB Jakati,60,48,2,125.0
SR Tendulkar,SB Wagh,22,17,0,129.41
SR Tendulkar,SJ Srivastava,8,10,0,80.0
SR Tendulkar,SK Raina,12,12,1,100.0
SR Tendulkar,SK Trivedi,57,46,1,123.91
SR Tendulkar,SK Warne,44,36,1,122.22
SR Tendulkar,SR Watson,29,28,0,103.57
SR Tendulkar,SW Tait,20,14,0,142.86
SR Tendulkar,Shakib Al Hasan,14,12,1,116.67
SR Tendulkar,T Thushara,13,15,1,86.67
SR Tendulkar,UT Yadav,11,13,2,84.62
SR Tendulkar,VRV Singh,23,11,0,209.09
SR Tendulkar,YK Pathan,49,34,0,144.12
SR Tendulkar,Yuvraj Singh,19,17,1,111.76
SR Tendulkar,Z Khan,3,13,1,23.08
SR Watson,A Kumble,41,32,0,128.12
SR Watson,A Mishra,79,67,5,117.91
SR Watson,A Nehra,48,38,2,126.32
SR Watson,AD Mathews,25,20,1,125.0
SR Watson,AD Russell,32,23,0,139.13
SR Watson,AG Murtaza,5,10,0,50.0
SR Watson,AR Patel,44,45,5,97.78
SR Watson,Avesh Khan,19,10,0,190.0
SR Watson,Azhar Mahmood,21,10,0,210.0
SR Watson,B Kumar,78,88,4,88.64
SR Watson,B Lee,8,17,1,47.06
SR Watson,BA Stokes,22,18,2,122.22
SR Watson,CH Morris,49,28,0,175.0
SR Watson,CR Brathwaite,37,22,0,168.18
SR Watson,CV Varun,9,10,1,90.0
SR Watson,DE Bollinger,9,11,1,81.82
SR Watson,DJ Bravo,49,27,3,181.48
SR Watson,DR Smith,17,13,0,130.77
SR Watson,DS Kulkarni,48,42,2,114.29
SR Watson,DW Steyn,14,21,1,66.67
SR Watson,Harbhajan Singh,41,34,2,120.59
SR Watson,Harpreet Brar,27,15,0,180.0
SR Watson,I Sharma,54,34,2,158.82
SR Watson,IC Pandey,18,15,0,120.0
SR Watson,IK Pathan,14,12,0,116.67
SR Watson,Iqbal Abdulla,15,18,0,83.33
SR Watson,J Suchith,11,16,2,68.75
SR Watson,JA Morkel,41,29,0,141.38
SR Watson,JC Archer,13,12,1,108.33
SR Watson,JD Unadkat,57,38,0,150.0
SR Watson,JH Kallis,19,17,1,111.76
SR Watson,JJ Bumrah,25,34,3,73.53
SR Watson,JO Holder,21,17,0,123.53
SR Watson,JR Hopes,20,14,0,142.86
SR Watson,K Gowtham,37,19,0,194.74
SR Watson,K Rabada,17,18,0,94.44
SR Watson,KA Pollard,24,15,2,160.0
SR Watson,KH Pandya,31,31,2,100.0
SR Watson,KK Ahmed,22,16,0,137.5
SR Watson,KL Nagarkoti,19,13,0,146.15
SR Watson,KV Sharma,50,24,1,208.33
SR Watson,L Balaji,27,14,1,192.86
SR Watson,M Kartik,93,50,0,186.0
SR Watson,M Morkel,25,18,0,138.89
SR Watson,M Muralitharan,54,24,1,225.0
SR Watson,MA Starc,26,15,0,173.33
SR Watson,MC Henriques,13,12,2,108.33
SR Watson,MF Maharoof,19,14,0,135.71
SR Watson,MG Johnson,23,16,0,143.75
SR Watson,MJ McClenaghan,30,26,0,115.38
SR Watson,MM Patel,14,18,0,77.78
SR Watson,MM Sharma,60,48,2,125.0
SR Watson,MS Gony,16,11,0,145.45
SR Watson,Mohammed Shami,18,26,1,69.23
SR Watson,NLTC Perera,60,35,1,171.43
SR Watson,P Awana,38,18,1,211.11
SR Watson,P Kumar,67,42,2,159.52
SR Watson,P Negi,24,21,3,114.29
SR Watson,PJ Cummins,22,27,0,81.48
SR Watson,PP Chawla,69,40,3,172.5
SR Watson,PP Ojha,32,24,2,133.33
SR Watson,R Ashwin,76,47,2,161.7
SR Watson,R Rampaul,10,12,1,83.33
SR Watson,R Sharma,18,10,0,180.0
SR Watson,R Vinay Kumar,63,31,0,203.23
SR Watson,RA Jadeja,74,55,5,134.55
SR Watson,RD Chahar,8,10,0,80.0
SR Watson,RJ Harris,45,26,0,173.08
SR Watson,RP Singh,32,36,3,88.89
SR Watson,Rashid Khan,82,47,0,174.47
SR Watson,Ravi Bishnoi,22,14,0,157.14
SR Watson,S Aravind,22,13,2,169.23
SR Watson,S Gopal,13,10,0,130.0
SR Watson,S Kaul,34,14,0,242.86
SR Watson,S Nadeem,38,38,2,100.0
SR Watson,S Sreesanth,17,10,0,170.0
SR Watson,SB Jakati,13,11,1,118.18
SR Watson,SB Joshi,13,10,0,130.0
SR Watson,SL Malinga,125,65,4,192.31
SR Watson,SM Curran,8,12,1,66.67
SR Watson,SP Narine,28,29,5,96.55
SR Watson,SS Cottrell,22,12,0,183.33
SR Watson,Sandeep Sharma,100,46,0,217.39
SR Watson,Shakib Al Hasan,87,52,1,167.31
SR Watson,Shivam Mavi,22,17,0,129.41
SR Watson,TA Boult,25,33,1,75.76
SR Watson,TG Southee,17,10,0,170.0
SR Watson,UT Yadav,43,25,2,172.0
SR Watson,VY Mahesh,45,18,0,250.0
SR Watson,YS Chahal,24,34,3,70.59
SR Watson,Z Khan,42,40,1,105.0
SS Iyer,AD Russell,52,44,4,118.18
SS Iyer,AJ Tye,16,11,1,145.45
SS Iyer,AR Patel,79,52,1,151.92
SS Iyer,Anureet Singh,12,10,0,120.0
SS Iyer,Arshdeep Singh,15,10,1,150.0
SS Iyer,Ashwani Kumar,37,13,0,284.62
SS Iyer,Avesh Khan,21,19,0,110.53
SS Iyer,B Kumar,45,50,3,90.0
SS Iyer,BA Stokes,19,13,0,146.15
SS Iyer,Basil Thampi,26,19,1,136.84
SS Iyer,C Green,12,10,1,120.0
SS Iyer,C de Grandhomme,34,13,0,261.54
SS Iyer,CR Woakes,12,11,0,109.09
SS Iyer,CV Varun,38,22,1,172.73
SS Iyer,DJ Bravo,20,19,1,105.26
SS Iyer,DJ Hooda,9,10,0,90.0
SS Iyer,DL Chahar,60,44,0,136.36
SS Iyer,DS Kulkarni,31,22,0,140.91
SS Iyer,DS Rathi,20,12,1,166.67
SS Iyer,E Malinga,27,11,0,245.45
SS Iyer,GC Viljoen,18,16,1,112.5
SS Iyer,HH Pandya,15,15,1,100.0
SS Iyer,HV Patel,16,11,2,145.45
SS Iyer,Harbhajan Singh,41,32,1,128.12
SS Iyer,Imran Tahir,13,10,2,130.0
SS Iyer,J Yadav,24,23,0,104.35
SS Iyer,JC Archer,22,18,1,122.22
SS Iyer,JD Unadkat,21,13,2,161.54
SS Iyer,JJ Bumrah,74,57,1,129.82
SS Iyer,JO Holder,40,22,1,181.82
SS Iyer,JP Faulkner,37,19,1,194.74
SS Iyer,JR Hazlewood,11,22,4,50.0
SS Iyer,K Rabada,38,18,0,211.11
SS Iyer,KA Pollard,15,11,0,136.36
SS Iyer,KH Pandya,42,49,1,85.71
SS Iyer,KK Ahmed,33,25,3,132.0
SS Iyer,KL Nagarkoti,23,16,0,143.75
SS Iyer,KR Sen,15,12,0,125.0
SS Iyer,KV Sharma,41,26,0,157.69
SS Iyer,Kartik Tyagi,17,22,1,77.27
SS Iyer,Kuldeep Yadav,68,46,3,147.83
SS Iyer,L Ngidi,6,10,1,60.0
SS Iyer,LH Ferguson,39,28,0,139.29
SS Iyer,M Ashwin,9,14,2,64.29
SS Iyer,M Jansen,13,11,0,118.18
SS Iyer,M Pathirana,23,10,1,230.0
SS Iyer,M Prasidh Krishna,54,25,0,216.0
SS Iyer,MG Johnson,11,12,0,91.67
SS Iyer,MJ McClenaghan,61,43,2,141.86
SS Iyer,MJ Santner,20,15,0,133.33
SS Iyer,MM Ali,19,22,1,86.36
SS Iyer,MM Sharma,21,17,1,123.53
SS Iyer,MP Stoinis,8,10,1,80.0
SS Iyer,Mohammed Shami,16,18,0,88.89
SS Iyer,Mohammed Siraj,46,35,2,131.43
SS Iyer,Mohsin Khan,6,20,0,30.0
SS Iyer,Mujeeb Ur Rahman,25,21,1,119.05
SS Iyer,Mustafizur Rahman,18,21,1,85.71
SS Iyer,NM Coulter-Nile,31,25,2,124.0
SS Iyer,Navdeep Saini,19,17,1,111.76
SS Iyer,Noor Ahmad,15,12,0,125.0
SS Iyer,OC McCoy,18,11,0,163.64
SS Iyer,P Kumar,16,12,1,133.33
SS Iyer,P Negi,27,19,0,142.11
SS Iyer,PJ Cummins,42,22,0,190.91
SS Iyer,PP Chawla,30,21,1,142.86
SS Iyer,PV Tambe,14,10,0,140.0
SS Iyer,R Ashwin,80,63,1,126.98
SS Iyer,R Parag,10,10,2,100.0
SS Iyer,R Tewatia,21,17,1,123.53
SS Iyer,RA Jadeja,74,76,2,97.37
SS Iyer,RD Chahar,7,15,3,46.67
SS Iyer,Rashid Khan,100,86,2,116.28
SS Iyer,Rasikh Salam,15,11,0,136.36
SS Iyer,Ravi Bishnoi,22,16,0,137.5
SS Iyer,S Gopal,24,19,1,126.32
SS Iyer,S Joseph,16,11,0,145.45
SS Iyer,S Kaul,25,29,1,86.21
SS Iyer,SL Malinga,10,14,2,71.43
SS Iyer,SM Curran,72,37,1,194.59
SS Iyer,SN Thakur,63,39,1,161.54
SS Iyer,SP Narine,42,35,3,120.0
SS Iyer,SR Watson,7,12,1,58.33
SS Iyer,Sandeep Sharma,47,56,3,83.93
SS Iyer,Shakib Al Hasan,19,15,0,126.67
SS Iyer,Shivam Mavi,71,25,1,284.0
SS Iyer,T Natarajan,25,22,1,113.64
SS Iyer,T Shamsi,22,14,0,157.14
SS Iyer,TA Boult,68,50,1,136.0
SS Iyer,TG Southee,18,22,0,81.82
SS Iyer,TM Head,38,13,0,292.31
SS Iyer,UT Yadav,53,35,0,151.43
SS Iyer,Umran Malik,16,15,2,106.67
SS Iyer,V Nigam,15,11,0,136.36
SS Iyer,V Shankar,13,11,1,118.18
SS Iyer,Vijaykumar Vyshak,15,13,0,115.38
SS Iyer,Washington Sundar,35,24,2,145.83
SS Iyer,YS Chahal,94,69,2,136.23
SS Iyer,Yash Dayal,17,11,1,154.55
SS Iyer,Yash Thakur,15,11,1,136.36
SS Iyer,Zeeshan Ansari,31,13,0,238.46
SS Prabhudessai,AD Russell,15,10,0,150.0
SS Prabhudessai,CV Varun,14,11,0,127.27
SS Tiwary,A Kumble,18,14,1,128.57
SS Tiwary,A Mishra,45,30,1,150.0
SS Tiwary,AB Dinda,21,23,2,91.3
SS Tiwary,AC Thomas,17,10,1,170.0
SS Tiwary,AD Mathews,37,28,0,132.14
SS Tiwary,AR Patel,16,14,1,114.29
SS Tiwary,AS Rajpoot,10,13,1,76.92
SS Tiwary,B Kumar,19,16,0,118.75
SS Tiwary,BAW Mendis,16,14,0,114.29
SS Tiwary,CH Gayle,17,11,0,154.55
SS Tiwary,DJ Bravo,26,25,0,104.0
SS Tiwary,DS Kulkarni,11,10,0,110.0
SS Tiwary,Harbhajan Singh,38,26,1,146.15
SS Tiwary,I Sharma,10,10,1,100.0
SS Tiwary,JD Unadkat,6,10,0,60.0
SS Tiwary,JH Kallis,31,20,0,155.0
SS Tiwary,JP Faulkner,7,10,0,70.0
SS Tiwary,KP Pietersen,6,11,0,54.55
SS Tiwary,M Muralitharan,8,12,1,66.67
SS Tiwary,MJ McClenaghan,4,10,0,40.0
SS Tiwary,P Kumar,12,14,0,85.71
SS Tiwary,PD Collingwood,18,12,0,150.0
SS Tiwary,PJ Sangwan,29,14,1,207.14
SS Tiwary,PP Chawla,29,25,2,116.0
SS Tiwary,PP Ojha,15,13,1,115.38
SS Tiwary,Parvez Rasool,22,12,0,183.33
SS Tiwary,R Ashwin,15,14,0,107.14
SS Tiwary,R Bhatia,20,16,1,125.0
SS Tiwary,R Sharma,40,25,0,160.0
SS Tiwary,R Tewatia,8,10,0,80.0
SS Tiwary,R Vinay Kumar,21,15,0,140.0
SS Tiwary,RA Jadeja,34,22,2,154.55
SS Tiwary,RP Singh,18,13,1,138.46
SS Tiwary,RS Bopara,12,10,1,120.0
SS Tiwary,SB Jakati,14,16,2,87.5
SS Tiwary,SK Raina,33,26,0,126.92
SS Tiwary,SK Trivedi,23,23,1,100.0
SS Tiwary,SK Warne,20,11,0,181.82
SS Tiwary,SL Malinga,27,24,0,112.5
SS Tiwary,SN Thakur,13,11,0,118.18
SS Tiwary,SP Narine,13,11,2,118.18
SS Tiwary,SR Watson,13,15,1,86.67
SS Tiwary,TG Southee,25,16,0,156.25
SS Tiwary,TL Suman,9,10,0,90.0
SS Tiwary,UT Yadav,35,24,0,145.83
SS Tiwary,YK Pathan,14,11,0,127.27
ST Jayasuriya,A Kumble,40,19,0,210.53
ST Jayasuriya,B Geeves,24,10,0,240.0
ST Jayasuriya,B Lee,4,13,2,30.77
ST Jayasuriya,DNT Zoysa,25,13,0,192.31
ST Jayasuriya,DW Steyn,1,13,2,7.69
ST Jayasuriya,GD McGrath,11,12,0,91.67
ST Jayasuriya,I Sharma,33,24,1,137.5
ST Jayasuriya,JA Morkel,50,22,0,227.27
ST Jayasuriya,JH Kallis,49,34,0,144.12
ST Jayasuriya,MF Maharoof,14,14,1,100.0
ST Jayasuriya,MS Gony,34,22,1,154.55
ST Jayasuriya,P Kumar,16,17,0,94.12
ST Jayasuriya,R Vinay Kumar,31,19,0,163.16
ST Jayasuriya,SK Trivedi,15,12,1,125.0
ST Jayasuriya,Sohail Tanvir,10,16,0,62.5
ST Jayasuriya,T Thushara,14,11,1,127.27
ST Jayasuriya,VY Mahesh,33,13,1,253.85
ST Jayasuriya,YK Pathan,7,12,0,58.33
STR Binny,A Mishra,26,27,2,96.3
STR Binny,B Kumar,19,15,1,126.67
STR Binny,CH Morris,25,17,0,147.06
STR Binny,CR Brathwaite,10,10,0,100.0
STR Binny,DJ Bravo,57,27,1,211.11
STR Binny,DJG Sammy,16,15,1,106.67
STR Binny,DS Kulkarni,6,10,0,60.0
STR Binny,Harbhajan Singh,48,29,0,165.52
STR Binny,I Sharma,17,14,0,121.43
STR Binny,M Kartik,23,10,0,230.0
STR Binny,MG Johnson,5,17,2,29.41
STR Binny,MM Sharma,22,12,1,183.33
STR Binny,P Kumar,6,13,1,46.15
STR Binny,PP Chawla,21,15,1,140.0
STR Binny,PP Ojha,28,12,0,233.33
STR Binny,R Dhawan,8,10,0,80.0
STR Binny,R Vinay Kumar,25,16,2,156.25
STR Binny,RA Jadeja,30,22,2,136.36
STR Binny,S Nadeem,8,13,0,61.54
STR Binny,SL Malinga,17,14,0,121.43
STR Binny,SN Thakur,9,11,2,81.82
STR Binny,SP Narine,11,12,0,91.67
STR Binny,Z Khan,14,14,1,100.0
SV Samson,A Mishra,14,23,1,60.87
SV Samson,A Nortje,14,21,1,66.67
SV Samson,A Zampa,38,23,2,165.22
SV Samson,AB Dinda,32,15,0,213.33
SV Samson,AD Russell,32,19,2,168.42
SV Samson,AR Patel,70,63,3,111.11
SV Samson,AS Joseph,20,10,0,200.0
SV Samson,AS Roy,32,13,0,246.15
SV Samson,AU Rashid,21,12,0,175.0
SV Samson,Abhishek Sharma,33,22,1,150.0
SV Samson,Arshad Khan,17,11,1,154.55
SV Samson,Arshdeep Singh,79,42,1,188.1
SV Samson,Avesh Khan,28,26,1,107.69
SV Samson,B Kumar,120,95,4,126.32
SV Samson,B Stanlake,25,19,1,131.58
SV Samson,BA Stokes,15,11,0,136.36
SV Samson,Basil Thampi,25,10,0,250.0
SV Samson,Bipul Sharma,8,10,0,80.0
SV Samson,C Green,12,11,0,109.09
SV Samson,CR Woakes,40,18,0,222.22
SV Samson,CV Varun,39,23,0,169.57
SV Samson,DJ Bravo,18,14,2,128.57
SV Samson,DL Chahar,39,28,3,139.29
SV Samson,DW Steyn,15,17,1,88.24
SV Samson,GJ Maxwell,40,21,0,190.48
SV Samson,HH Pandya,68,38,2,178.95
SV Samson,HV Patel,27,26,3,103.85
SV Samson,Harbhajan Singh,56,41,0,136.59
SV Samson,Harpreet Brar,21,17,0,123.53
SV Samson,I Sharma,21,10,0,210.0
SV Samson,Imran Tahir,21,20,1,105.0
SV Samson,Iqbal Abdulla,15,14,0,107.14
SV Samson,JA Richardson,30,10,0,300.0
SV Samson,JD Unadkat,23,19,0,121.05
SV Samson,JDS Neesham,20,10,1,200.0
SV Samson,JJ Bumrah,63,60,2,105.0
SV Samson,JO Holder,40,36,3,111.11
SV Samson,JR Hazlewood,15,16,0,93.75
SV Samson,K Khejroliya,38,16,0,237.5
SV Samson,K Rabada,27,19,2,142.11
SV Samson,KA Pollard,32,22,1,145.45
SV Samson,KC Cariappa,15,10,1,150.0
SV Samson,KH Pandya,95,70,1,135.71
SV Samson,KK Ahmed,87,54,1,161.11
SV Samson,KV Sharma,12,12,1,100.0
SV Samson,Karanveer Singh,6,11,1,54.55
SV Samson,Kuldeep Yadav,50,40,1,125.0
SV Samson,LH Ferguson,17,18,2,94.44
SV Samson,M Ashwin,50,31,0,161.29
SV Samson,M Jansen,15,11,0,136.36
SV Samson,M Kartik,41,19,0,215.79
SV Samson,M Markande,54,23,0,234.78
SV Samson,M Pathirana,18,15,0,120.0
SV Samson,M Prasidh Krishna,16,14,1,114.29
SV Samson,MC Henriques,22,19,0,115.79
SV Samson,MG Johnson,20,17,1,117.65
SV Samson,MJ McClenaghan,22,15,4,146.67
SV Samson,MM Sharma,40,38,1,105.26
SV Samson,MP Stoinis,27,21,2,128.57
SV Samson,Mohammed Shami,82,43,1,190.7
SV Samson,Mohammed Siraj,40,35,3,114.29
SV Samson,Mohsin Khan,45,22,0,204.55
SV Samson,Mujeeb Ur Rahman,11,15,1,73.33
SV Samson,Mukesh Kumar,28,16,1,175.0
SV Samson,Mustafizur Rahman,22,20,0,110.0
SV Samson,NLTC Perera,14,11,0,127.27
SV Samson,NM Coulter-Nile,33,21,0,157.14
SV Samson,NT Ellis,12,11,2,109.09
SV Samson,Noor Ahmad,24,17,2,141.18
SV Samson,P Awana,26,15,1,173.33
SV Samson,P Kumar,30,24,0,125.0
SV Samson,PJ Cummins,23,18,0,127.78
SV Samson,PP Chawla,67,46,2,145.65
SV Samson,PP Ojha,12,11,0,109.09
SV Samson,PWH de Silva,38,32,3,118.75
SV Samson,R Ashwin,76,58,3,131.03
SV Samson,R Bhatia,11,16,1,68.75
SV Samson,R Dhawan,18,13,1,138.46
SV Samson,R Tewatia,12,11,0,109.09
SV Samson,R Vinay Kumar,44,32,1,137.5
SV Samson,RA Jadeja,82,62,3,132.26
SV Samson,RD Chahar,56,36,2,155.56
SV Samson,RP Meredith,30,13,0,230.77
SV Samson,Rashid Khan,121,108,2,112.04
SV Samson,Ravi Bishnoi,75,45,0,166.67
SV Samson,S Kaul,113,61,2,185.25
SV Samson,S Nadeem,48,28,2,171.43
SV Samson,SH Johnson,26,12,0,216.67
SV Samson,SL Malinga,16,13,1,123.08
SV Samson,SM Curran,21,16,2,131.25
SV Samson,SN Thakur,40,31,1,129.03
SV Samson,SP Narine,64,77,3,83.12
SV Samson,SR Watson,6,10,1,60.0
SV Samson,Sandeep Sharma,59,59,2,100.0
SV Samson,Shahbaz Ahmed,23,10,1,230.0
SV Samson,Shakib Al Hasan,39,38,1,102.63
SV Samson,Shivam Mavi,34,25,5,136.0
SV Samson,Simarjeet Singh,27,20,1,135.0
SV Samson,T Natarajan,46,42,1,109.52
SV Samson,TA Boult,32,27,3,118.52
SV Samson,TG Southee,12,12,0,100.0
SV Samson,UT Yadav,109,60,3,181.67
SV Samson,Umran Malik,25,12,0,208.33
SV Samson,V Shankar,25,17,1,147.06
SV Samson,VG Arora,18,12,1,150.0
SV Samson,WD Parnell,16,12,2,133.33
SV Samson,Washington Sundar,51,24,1,212.5
SV Samson,YS Chahal,61,52,4,117.31
SV Samson,Yash Dayal,22,18,0,122.22
SV Samson,Yash Thakur,50,19,0,263.16
SV Samson,Yuvraj Singh,25,12,2,208.33
SW Billings,AR Patel,23,14,1,164.29
SW Billings,GB Hogg,22,13,0,169.23
SW Billings,M Ashwin,14,11,1,127.27
SW Billings,MM Sharma,17,11,0,154.55
SW Billings,PP Chawla,30,14,0,214.29
SW Billings,RA Jadeja,13,12,0,108.33
SW Billings,Ravi Bishnoi,15,10,1,150.0
SW Billings,SP Narine,12,12,0,100.0
SW Billings,UT Yadav,16,13,1,123.08
SW Billings,YS Chahal,17,11,1,154.55
Salman Butt,L Balaji,13,10,1,130.0
Salman Butt,M Muralitharan,26,13,0,200.0
Salman Butt,MS Gony,12,13,0,92.31
Salman Butt,S Sreesanth,14,12,1,116.67
Salman Butt,SR Watson,13,14,0,92.86
Salman Butt,VY Mahesh,12,10,1,120.0
Sameer Rizvi,Harpreet Brar,16,14,0,114.29
Sameer Rizvi,MJ Santner,3,11,1,27.27
Shahbaz Ahmed,A Nortje,9,11,0,81.82
Shahbaz Ahmed,AD Russell,24,10,0,240.0
Shahbaz Ahmed,AR Patel,20,13,0,153.85
Shahbaz Ahmed,Arshdeep Singh,16,12,1,133.33
Shahbaz Ahmed,CV Varun,17,18,2,94.44
Shahbaz Ahmed,DJ Bravo,18,10,0,180.0
Shahbaz Ahmed,JO Holder,13,13,1,100.0
Shahbaz Ahmed,KK Ahmed,29,11,0,263.64
Shahbaz Ahmed,Kuldeep Yadav,17,10,0,170.0
Shahbaz Ahmed,M Prasidh Krishna,24,11,0,218.18
Shahbaz Ahmed,M Theekshana,7,13,2,53.85
Shahbaz Ahmed,MM Ali,26,16,1,162.5
Shahbaz Ahmed,Mustafizur Rahman,17,10,1,170.0
Shahbaz Ahmed,R Ashwin,12,12,1,100.0
Shahbaz Ahmed,RA Jadeja,16,14,0,114.29
Shahbaz Ahmed,TA Boult,17,15,3,113.33
Shahbaz Ahmed,Umran Malik,16,10,1,160.0
Shahbaz Ahmed,YS Chahal,9,17,1,52.94
Shahid Afridi,MF Maharoof,10,10,0,100.0
Shakib Al Hasan,AN Ahmed,7,10,1,70.0
Shakib Al Hasan,B Kumar,11,11,3,100.0
Shakib Al Hasan,BB Sran,16,12,0,133.33
Shakib Al Hasan,DJ Bravo,44,26,2,169.23
Shakib Al Hasan,DL Chahar,12,11,0,109.09
Shakib Al Hasan,DR Smith,7,15,2,46.67
Shakib Al Hasan,DS Kulkarni,29,17,0,170.59
Shakib Al Hasan,HH Pandya,15,10,1,150.0
Shakib Al Hasan,Harbhajan Singh,17,12,0,141.67
Shakib Al Hasan,KV Sharma,2,10,2,20.0
Shakib Al Hasan,MJ Clarke,17,10,0,170.0
Shakib Al Hasan,MM Sharma,15,11,0,136.36
Shakib Al Hasan,Mohammed Siraj,12,10,0,120.0
Shakib Al Hasan,Mustafizur Rahman,12,10,0,120.0
Shakib Al Hasan,PP Chawla,14,20,2,70.0
Shakib Al Hasan,R Ashwin,26,24,1,108.33
Shakib Al Hasan,RA Jadeja,34,24,2,141.67
Shakib Al Hasan,SL Malinga,14,15,3,93.33
Shakib Al Hasan,SR Watson,27,17,0,158.82
Shakib Al Hasan,YS Chahal,41,23,0,178.26
Shashank Singh,Akash Madhwal,20,14,0,142.86
Shashank Singh,B Kumar,34,18,1,188.89
Shashank Singh,CV Varun,28,17,0,164.71
Shashank Singh,JR Hazlewood,45,24,0,187.5
Shashank Singh,KH Pandya,8,13,0,61.54
Shashank Singh,M Pathirana,12,13,0,92.31
Shashank Singh,MM Sharma,27,15,0,180.0
Shashank Singh,Mustafizur Rahman,2,10,1,20.0
Shashank Singh,Noor Ahmad,41,25,0,164.0
Shashank Singh,PWH de Silva,10,11,1,90.91
Shashank Singh,RA Jadeja,25,21,1,119.05
Shashank Singh,Rashid Khan,29,12,0,241.67
Shashank Singh,SP Narine,9,13,0,69.23
Shashank Singh,Suyash Sharma,11,12,1,91.67
Shashank Singh,TU Deshpande,27,15,0,180.0
Shivam Mavi,DJ Bravo,18,10,2,180.0
Shubman Gill,A Mishra,18,14,1,128.57
Shubman Gill,A Nortje,34,24,4,141.67
Shubman Gill,A Zampa,14,13,1,107.69
Shubman Gill,AJ Tye,20,13,0,153.85
Shubman Gill,AR Patel,87,59,0,147.46
Shubman Gill,Akash Deep,30,16,0,187.5
Shubman Gill,Akash Madhwal,31,17,2,182.35
Shubman Gill,Arshdeep Singh,65,52,2,125.0
Shubman Gill,Avesh Khan,71,57,4,124.56
Shubman Gill,B Kumar,65,63,4,103.17
Shubman Gill,BB Sran,34,16,0,212.5
Shubman Gill,C Green,43,15,0,286.67
Shubman Gill,C Sakariya,15,15,0,100.0
Shubman Gill,CH Morris,22,26,1,84.62
Shubman Gill,CJ Jordan,31,26,0,119.23
Shubman Gill,CV Varun,42,26,0,161.54
Shubman Gill,DJ Mitchell,32,15,0,213.33
Shubman Gill,DL Chahar,101,72,5,140.28
Shubman Gill,Fazalhaq Farooqi,25,13,0,192.31
Shubman Gill,GJ Maxwell,16,13,2,123.08
Shubman Gill,HH Pandya,19,21,4,90.48
Shubman Gill,HV Patel,63,46,1,136.96
Shubman Gill,Harbhajan Singh,9,11,0,81.82
Shubman Gill,Harpreet Brar,36,28,0,128.57
Shubman Gill,Harshit Rana,31,16,0,193.75
Shubman Gill,I Sharma,46,34,1,135.29
Shubman Gill,JC Archer,16,19,3,84.21
Shubman Gill,JD Unadkat,34,32,0,106.25
Shubman Gill,JJ Bumrah,34,38,2,89.47
Shubman Gill,JO Holder,28,19,0,147.37
Shubman Gill,JP Behrendorff,20,18,0,111.11
Shubman Gill,JR Hazlewood,17,18,1,94.44
Shubman Gill,K Kartikeya,34,22,1,154.55
Shubman Gill,K Rabada,78,59,2,132.2
Shubman Gill,KA Jamieson,32,15,1,213.33
Shubman Gill,KH Pandya,53,52,1,101.92
Shubman Gill,KK Ahmed,49,33,2,148.48
Shubman Gill,KV Sharma,14,11,1,127.27
Shubman Gill,Kuldeep Yadav,42,24,0,175.0
Shubman Gill,LS Livingstone,15,10,1,150.0
Shubman Gill,M Ashwin,39,27,1,144.44
Shubman Gill,M Jansen,38,33,0,115.15
Shubman Gill,M Markande,22,15,1,146.67
Shubman Gill,M Prasidh Krishna,16,15,1,106.67
Shubman Gill,M Siddharth,7,13,0,53.85
Shubman Gill,M Theekshana,32,20,1,160.0
Shubman Gill,MJ McClenaghan,10,10,0,100.0
Shubman Gill,MJ Santner,47,31,0,151.61
Shubman Gill,MM Ali,20,11,0,181.82
Shubman Gill,Mohammad Nabi,13,17,0,76.47
Shubman Gill,Mohammed Shami,76,53,3,143.4
Shubman Gill,Mohammed Siraj,65,44,1,147.73
Shubman Gill,Mohsin Khan,16,11,0,145.45
Shubman Gill,Mujeeb Ur Rahman,23,17,0,135.29
Shubman Gill,Mukesh Kumar,14,11,1,127.27
Shubman Gill,Mustafizur Rahman,30,28,1,107.14
Shubman Gill,Navdeep Saini,9,15,1,60.0
Shubman Gill,PJ Cummins,28,17,0,164.71
Shubman Gill,PP Chawla,45,24,1,187.5
Shubman Gill,PVD Chameera,32,22,1,145.45
Shubman Gill,PWH de Silva,19,18,0,105.56
Shubman Gill,R Ashwin,111,69,1,160.87
Shubman Gill,R Parag,21,10,1,210.0
Shubman Gill,RA Jadeja,81,58,1,139.66
Shubman Gill,RD Chahar,75,42,2,178.57
Shubman Gill,RP Meredith,15,11,0,136.36
Shubman Gill,Rashid Khan,27,32,1,84.38
Shubman Gill,Ravi Bishnoi,57,33,0,172.73
Shubman Gill,S Gopal,49,26,0,188.46
Shubman Gill,S Kaul,15,19,1,78.95
Shubman Gill,SL Malinga,20,12,0,166.67
Shubman Gill,SM Curran,47,38,1,123.68
Shubman Gill,SN Thakur,47,44,2,106.82
Shubman Gill,SP Narine,34,24,2,141.67
Shubman Gill,Sandeep Sharma,31,32,2,96.88
Shubman Gill,Shahbaz Ahmed,28,20,1,140.0
Shubman Gill,Simarjeet Singh,25,12,0,208.33
Shubman Gill,Suyash Sharma,15,14,0,107.14
Shubman Gill,Swapnil Singh,9,11,0,81.82
Shubman Gill,T Natarajan,52,33,0,157.58
Shubman Gill,TA Boult,75,71,2,105.63
Shubman Gill,TU Deshpande,68,42,2,161.9
Shubman Gill,Umran Malik,21,11,1,190.91
Shubman Gill,V Nigam,22,13,0,169.23
Shubman Gill,VG Arora,37,24,1,154.17
Shubman Gill,VR Aaron,25,18,1,138.89
Shubman Gill,Vijaykumar Vyshak,18,10,0,180.0
Shubman Gill,Washington Sundar,27,19,0,142.11
Shubman Gill,YS Chahal,62,51,2,121.57
Shubman Gill,Yash Thakur,25,14,1,178.57
Shubman Gill,Yudhvir Singh,30,13,0,230.77
Shubman Gill,Zeeshan Ansari,35,22,0,159.09
Sikandar Raza,K Gowtham,19,14,0,135.71
Sikandar Raza,Ravi Bishnoi,19,11,1,172.73
T Kohler-Cadmore,PJ Cummins,8,10,1,80.0
T Stubbs,B Kumar,18,11,2,163.64
T Stubbs,CV Varun,27,16,2,168.75
T Stubbs,JJ Bumrah,8,13,1,61.54
T Stubbs,KH Pandya,17,14,0,121.43
T Stubbs,M Pathirana,11,17,2,64.71
T Stubbs,Naveen-ul-Haq,27,12,0,225.0
T Stubbs,SP Narine,21,16,1,131.25
T Stubbs,Sandeep Sharma,34,15,1,226.67
T Stubbs,YS Chahal,21,12,0,175.0
TG Southee,DJ Bravo,30,16,1,187.5
TH David,A Nortje,16,12,0,133.33
TH David,AD Russell,19,12,1,158.33
TH David,Arshdeep Singh,25,12,0,208.33
TH David,Avesh Khan,9,12,0,75.0
TH David,B Kumar,32,16,1,200.0
TH David,CV Varun,21,14,1,150.0
TH David,KK Ahmed,35,16,1,218.75
TH David,Mohammed Shami,26,12,0,216.67
TH David,Mohsin Khan,36,16,0,225.0
TH David,Mukesh Kumar,46,13,1,353.85
TH David,NT Ellis,21,10,0,210.0
TH David,Naveen-ul-Haq,20,13,0,153.85
TH David,Rashid Khan,17,15,2,113.33
TH David,SM Curran,41,17,0,241.18
TH David,SN Thakur,33,12,1,275.0
TH David,Sandeep Sharma,20,10,1,200.0
TH David,T Natarajan,47,16,1,293.75
TH David,YS Chahal,12,10,1,120.0
TK Curran,CV Varun,11,12,0,91.67
TK Curran,SP Narine,27,12,0,225.0
TL Suman,A Kumble,24,18,1,133.33
TL Suman,A Mishra,8,14,0,57.14
TL Suman,A Nehra,21,12,0,175.0
TL Suman,DP Nannes,13,14,0,92.86
TL Suman,DW Steyn,21,18,2,116.67
TL Suman,Harbhajan Singh,25,20,3,125.0
TL Suman,I Sharma,9,16,0,56.25
TL Suman,IK Pathan,21,11,0,190.91
TL Suman,JH Kallis,8,16,0,50.0
TL Suman,MC Henriques,18,14,1,128.57
TL Suman,P Kumar,27,17,0,158.82
TL Suman,PJ Sangwan,8,13,2,61.54
TL Suman,PP Chawla,17,14,1,121.43
TL Suman,R Vinay Kumar,24,16,1,150.0
TL Suman,SB Jakati,13,16,1,81.25
TL Suman,SJ Srivastava,19,15,0,126.67
TL Suman,SK Raina,31,16,0,193.75
TL Suman,SK Trivedi,16,12,1,133.33
TL Suman,SK Warne,20,17,0,117.65
TL Suman,SL Malinga,11,11,0,100.0
TL Suman,T Thushara,11,13,0,84.62
TL Suman,Yuvraj Singh,26,15,0,173.33
TM Dilshan,A Ashish Reddy,16,13,0,123.08
TM Dilshan,A Chandila,10,10,0,100.0
TM Dilshan,A Kumble,13,17,1,76.47
TM Dilshan,A Mishra,13,13,0,100.0
TM Dilshan,A Symonds,16,14,1,114.29
TM Dilshan,AB Dinda,21,20,2,105.0
TM Dilshan,AC Thomas,9,11,0,81.82
TM Dilshan,AD Mathews,10,11,0,90.91
TM Dilshan,AG Murtaza,10,10,0,100.0
TM Dilshan,B Kumar,11,23,0,47.83
TM Dilshan,DR Smith,15,12,1,125.0
TM Dilshan,DW Steyn,11,18,1,61.11
TM Dilshan,GB Hogg,16,14,0,114.29
TM Dilshan,Harbhajan Singh,41,34,1,120.59
TM Dilshan,Harmeet Singh,13,12,1,108.33
TM Dilshan,I Sharma,18,14,2,128.57
TM Dilshan,J Botha,25,21,1,119.05
TM Dilshan,JA Morkel,16,13,2,123.08
TM Dilshan,JE Taylor,12,10,0,120.0
TM Dilshan,JP Duminy,5,10,0,50.0
TM Dilshan,JP Faulkner,10,10,0,100.0
TM Dilshan,KA Pollard,26,27,0,96.3
TM Dilshan,KK Cooper,16,12,0,133.33
TM Dilshan,KP Appanna,10,12,0,83.33
TM Dilshan,L Balaji,20,19,1,105.26
TM Dilshan,M Kartik,8,12,0,66.67
TM Dilshan,M Muralitharan,11,11,1,100.0
TM Dilshan,MG Johnson,6,11,1,54.55
TM Dilshan,MM Patel,22,38,2,57.89
TM Dilshan,PP Ojha,22,23,1,95.65
TM Dilshan,Pankaj Singh,38,22,0,172.73
TM Dilshan,R Sharma,15,15,1,100.0
TM Dilshan,R Vinay Kumar,19,11,0,172.73
TM Dilshan,RA Jadeja,18,16,0,112.5
TM Dilshan,RG Sharma,13,13,0,100.0
TM Dilshan,RP Singh,38,43,2,88.37
TM Dilshan,RR Powar,29,15,0,193.33
TM Dilshan,S Sreesanth,14,15,3,93.33
TM Dilshan,SK Trivedi,54,32,0,168.75
TM Dilshan,SK Warne,21,21,2,100.0
TM Dilshan,SL Malinga,61,47,2,129.79
TM Dilshan,SR Watson,14,13,1,107.69
TM Dilshan,Shoaib Ahmed,28,13,0,215.38
TM Dilshan,V Pratap Singh,17,10,1,170.0
TM Dilshan,YK Pathan,13,15,1,86.67
TM Head,A Kamboj,30,20,1,150.0
TM Head,A Nortje,29,11,0,263.64
TM Head,AS Rajpoot,16,13,0,123.08
TM Head,Arshdeep Singh,22,16,2,137.5
TM Head,Avesh Khan,44,18,1,244.44
TM Head,DL Chahar,24,24,0,100.0
TM Head,HH Pandya,41,21,0,195.24
TM Head,Harshit Rana,21,11,0,190.91
TM Head,JJ Bumrah,22,20,1,110.0
TM Head,K Rabada,20,12,0,166.67
TM Head,KH Pandya,10,10,1,100.0
TM Head,LH Ferguson,25,10,1,250.0
TM Head,M Theekshana,22,14,1,157.14
TM Head,Mohammed Siraj,19,12,1,158.33
TM Head,Mukesh Kumar,34,13,0,261.54
TM Head,PP Chawla,11,11,1,100.0
TM Head,R Ashwin,9,19,0,47.37
TM Head,Rashid Khan,17,12,1,141.67
TM Head,Ravi Bishnoi,28,13,0,215.38
TM Head,SP Narine,17,16,1,106.25
TM Head,Sandeep Sharma,35,28,2,125.0
TM Head,TA Boult,27,25,1,108.0
TM Head,UT Yadav,26,11,0,236.36
TM Head,VG Arora,24,11,2,218.18
TM Head,WG Jacks,29,19,2,152.63
TM Head,YS Chahal,48,22,1,218.18
TM Head,Yash Dayal,27,13,0,207.69
TR Birt,R Vinay Kumar,26,11,1,236.36
Tilak Varma,AD Russell,27,18,1,150.0
Tilak Varma,AR Patel,32,18,0,177.78
Tilak Varma,Akash Deep,31,20,1,155.0
Tilak Varma,Arshdeep Singh,37,17,1,217.65
Tilak Varma,Avesh Khan,30,22,0,136.36
Tilak Varma,B Kumar,19,11,2,172.73
Tilak Varma,CV Varun,32,21,1,152.38
Tilak Varma,DJ Bravo,17,14,0,121.43
Tilak Varma,HV Patel,37,20,0,185.0
Tilak Varma,JO Holder,21,16,2,131.25
Tilak Varma,K Rabada,28,15,0,186.67
Tilak Varma,KH Pandya,20,16,0,125.0
Tilak Varma,KK Ahmed,13,12,2,108.33
Tilak Varma,KR Sen,9,11,0,81.82
Tilak Varma,Kuldeep Yadav,64,43,0,148.84
Tilak Varma,Lalit Yadav,11,13,0,84.62
Tilak Varma,M Markande,36,21,0,171.43
Tilak Varma,M Prasidh Krishna,8,10,2,80.0
Tilak Varma,M Theekshana,26,19,0,136.84
Tilak Varma,MM Sharma,25,14,0,178.57
Tilak Varma,MP Stoinis,14,14,0,100.0
Tilak Varma,Mohammed Siraj,25,15,1,166.67
Tilak Varma,Mukesh Kumar,26,13,4,200.0
Tilak Varma,PJ Cummins,34,24,1,141.67
Tilak Varma,R Ashwin,60,48,1,125.0
Tilak Varma,R Sai Kishore,16,14,0,114.29
Tilak Varma,RA Jadeja,49,37,1,132.43
Tilak Varma,Rashid Khan,26,25,2,104.0
Tilak Varma,Rasikh Salam,10,10,0,100.0
Tilak Varma,Ravi Bishnoi,49,29,1,168.97
Tilak Varma,SP Narine,13,11,0,118.18
Tilak Varma,Shahbaz Ahmed,25,10,0,250.0
Tilak Varma,Simarjeet Singh,6,10,0,60.0
Tilak Varma,Suyash Sharma,22,19,1,115.79
Tilak Varma,TA Boult,34,28,0,121.43
Tilak Varma,V Nigam,24,16,0,150.0
Tilak Varma,Vijaykumar Vyshak,19,12,1,158.33
Tilak Varma,YS Chahal,72,44,1,163.64
UBT Chand,Iqbal Abdulla,19,10,0,190.0
UBT Chand,JH Kallis,16,10,0,160.0
UBT Chand,M Kartik,12,12,0,100.0
UBT Chand,MM Sharma,15,13,2,115.38
UBT Chand,P Kumar,15,16,2,93.75
UBT Chand,R Vinay Kumar,15,13,1,115.38
UBT Chand,S Badree,14,10,0,140.0
UBT Chand,SP Narine,4,10,0,40.0
UBT Chand,YS Chahal,18,16,1,112.5
UT Khawaja,J Yadav,15,11,0,136.36
V Kohli,A Ashish Reddy,27,22,1,122.73
V Kohli,A Chandila,15,15,0,100.0
V Kohli,A Kamboj,17,11,0,154.55
V Kohli,A Mishra,159,97,3,163.92
V Kohli,A Nehra,49,45,6,108.89
V Kohli,A Nortje,18,17,1,105.88
V Kohli,A Symonds,24,10,1,240.0
V Kohli,A Zampa,33,16,0,206.25
V Kohli,AB Dinda,36,28,3,128.57
V Kohli,AD Mathews,9,13,1,69.23
V Kohli,AD Russell,88,65,2,135.38
V Kohli,AJ Tye,43,36,0,119.44
V Kohli,AR Patel,97,86,1,112.79
V Kohli,AS Rajpoot,33,16,0,206.25
V Kohli,Abhishek Sharma,28,19,0,147.37
V Kohli,Akash Singh,20,13,1,153.85
V Kohli,Ankit Sharma,13,19,0,68.42
V Kohli,Anureet Singh,26,16,1,162.5
V Kohli,Arshad Khan,26,15,1,173.33
V Kohli,Arshdeep Singh,101,58,2,174.14
V Kohli,Avesh Khan,75,44,3,170.45
V Kohli,Azhar Mahmood,6,10,1,60.0
V Kohli,Azmatullah Omarzai,15,16,1,93.75
V Kohli,B Kumar,129,91,5,141.76
V Kohli,B Lee,17,16,0,106.25
V Kohli,BCJ Cutting,11,10,0,110.0
V Kohli,Basil Thampi,29,25,1,116.0
V Kohli,Bipul Sharma,21,15,1,140.0
V Kohli,C Sakariya,17,17,0,100.0
V Kohli,CH Morris,109,73,2,149.32
V Kohli,CJ Anderson,16,12,0,133.33
V Kohli,CJ Dala,24,11,0,218.18
V Kohli,CR Brathwaite,12,10,0,120.0
V Kohli,CRD Fernando,22,13,0,169.23
V Kohli,CV Varun,55,48,1,114.58
V Kohli,DE Bollinger,26,23,1,113.04
V Kohli,DJ Bravo,157,103,2,152.43
V Kohli,DL Chahar,80,58,1,137.93
V Kohli,DP Nannes,19,14,1,135.71
V Kohli,DS Kulkarni,100,79,4,126.58
V Kohli,DT Christian,22,25,1,88.0
V Kohli,DW Steyn,18,18,0,100.0
V Kohli,GJ Maxwell,14,11,0,127.27
V Kohli,HF Gurney,24,13,1,184.62
V Kohli,HH Pandya,57,48,2,118.75
V Kohli,HV Patel,80,47,2,170.21
V Kohli,Harbhajan Singh,87,66,1,131.82
V Kohli,Harmeet Singh,18,14,0,128.57
V Kohli,Harpreet Brar,74,67,2,110.45
V Kohli,Harshit Rana,33,24,1,137.5
V Kohli,I Sharma,95,64,1,148.44
V Kohli,IC Pandey,7,10,0,70.0
V Kohli,IK Pathan,78,60,4,130.0
V Kohli,Imran Tahir,34,26,1,130.77
V Kohli,Iqbal Abdulla,11,12,0,91.67
V Kohli,JA Morkel,73,52,2,140.38
V Kohli,JC Archer,47,40,1,117.5
V Kohli,JD Unadkat,74,66,2,112.12
V Kohli,JH Kallis,29,34,3,85.29
V Kohli,JJ Bumrah,149,97,5,153.61
V Kohli,JO Holder,9,10,2,90.0
V Kohli,JP Behrendorff,13,13,2,100.0
V Kohli,JP Duminy,8,11,0,72.73
V Kohli,JP Faulkner,10,13,1,76.92
V Kohli,JR Hazlewood,11,11,0,100.0
V Kohli,K Gowtham,24,27,1,88.89
V Kohli,K Rabada,36,32,3,112.5
V Kohli,KA Jamieson,12,10,1,120.0
V Kohli,KA Pollard,44,31,3,141.94
V Kohli,KC Cariappa,37,15,1,246.67
V Kohli,KH Pandya,116,105,1,110.48
V Kohli,KK Ahmed,46,25,1,184.0
V Kohli,KL Nagarkoti,11,11,0,100.0
V Kohli,KV Sharma,89,45,0,197.78
V Kohli,KW Richardson,12,15,1,80.0
V Kohli,Kamran Khan,20,11,1,181.82
V Kohli,Kartik Tyagi,19,13,1,146.15
V Kohli,Kuldeep Yadav,75,64,1,117.19
V Kohli,L Balaji,23,25,3,92.0
V Kohli,LH Ferguson,60,40,0,150.0
V Kohli,LS Livingstone,23,14,0,164.29
V Kohli,M Ashwin,38,34,0,111.76
V Kohli,M Jansen,26,19,1,136.84
V Kohli,M Markande,36,33,1,109.09
V Kohli,M Morkel,58,55,3,105.45
V Kohli,M Muralitharan,50,39,2,128.21
V Kohli,M Prasidh Krishna,56,34,3,164.71
V Kohli,M Theekshana,28,22,0,127.27
V Kohli,MA Starc,59,31,1,190.32
V Kohli,MC Henriques,37,25,1,148.0
V Kohli,MG Johnson,28,21,0,133.33
V Kohli,MJ McClenaghan,39,40,4,97.5
V Kohli,MJ Santner,41,34,1,120.59
V Kohli,MM Patel,20,25,1,80.0
V Kohli,MM Sharma,90,62,1,145.16
V Kohli,MP Stoinis,18,13,0,138.46
V Kohli,MR Marsh,28,21,0,133.33
V Kohli,MS Gony,60,53,1,113.21
V Kohli,Mayank Dagar,13,12,0,108.33
V Kohli,Mohammed Shami,107,77,5,138.96
V Kohli,Mukesh Kumar,8,10,2,80.0
V Kohli,Mustafizur Rahman,66,47,2,140.43
V Kohli,N Burger,19,15,0,126.67
V Kohli,N Rana,16,10,1,160.0
V Kohli,NLTC Perera,62,32,1,193.75
V Kohli,Noor Ahmad,63,44,2,143.18
V Kohli,P Awana,38,27,2,140.74
V Kohli,P Kumar,69,58,1,118.97
V Kohli,P Negi,45,34,0,132.35
V Kohli,PJ Cummins,48,32,0,150.0
V Kohli,PJ Sangwan,37,27,0,137.04
V Kohli,PP Chawla,140,105,3,133.33
V Kohli,PP Ojha,31,31,1,100.0
V Kohli,PV Tambe,49,34,1,144.12
V Kohli,PVD Chameera,12,14,2,85.71
V Kohli,PWH de Silva,27,20,0,135.0
V Kohli,Pankaj Singh,23,17,1,135.29
V Kohli,R Ashwin,181,149,1,121.48
V Kohli,R Bhatia,40,26,0,153.85
V Kohli,R McLaren,18,15,0,120.0
V Kohli,R Parag,39,23,0,169.57
V Kohli,R Sai Kishore,27,24,0,112.5
V Kohli,R Sharma,46,34,1,135.29
V Kohli,R Tewatia,40,34,0,117.65
V Kohli,R Vinay Kumar,26,21,1,123.81
V Kohli,RA Jadeja,179,160,5,111.87
V Kohli,RD Chahar,41,37,0,110.81
V Kohli,RJ Harris,21,19,2,110.53
V Kohli,RP Singh,62,37,2,167.57
V Kohli,RS Bopara,12,11,1,109.09
V Kohli,Rashid Khan,86,69,2,124.64
V Kohli,Ravi Bishnoi,36,41,1,87.8
V Kohli,S Badree,14,11,0,127.27
V Kohli,S Gopal,56,35,2,160.0
V Kohli,S Kaul,18,13,0,138.46
V Kohli,S Kaushik,50,22,0,227.27
V Kohli,S Lamichhane,29,18,0,161.11
V Kohli,S Nadeem,44,42,1,104.76
V Kohli,S Sreesanth,24,29,0,82.76
V Kohli,SB Jakati,74,57,2,129.82
V Kohli,SK Raina,54,44,1,122.73
V Kohli,SK Trivedi,33,29,2,113.79
V Kohli,SK Warne,16,28,1,57.14
V Kohli,SL Malinga,34,34,0,100.0
V Kohli,SM Curran,110,65,3,169.23
V Kohli,SN Thakur,70,43,2,162.79
V Kohli,SP Narine,136,129,4,105.43
V Kohli,SR Watson,19,25,1,76.0
V Kohli,Sandeep Sharma,131,87,7,150.57
V Kohli,Shahbaz Ahmed,14,18,0,77.78
V Kohli,Shakib Al Hasan,56,45,1,124.44
V Kohli,Shivam Mavi,21,14,0,150.0
V Kohli,Suyash Sharma,20,10,0,200.0
V Kohli,T Natarajan,54,32,1,168.75
V Kohli,TA Boult,83,66,1,125.76
V Kohli,TG Southee,60,46,0,130.43
V Kohli,TU Deshpande,32,16,0,200.0
V Kohli,UT Yadav,157,85,4,184.71
V Kohli,V Kaverappa,18,11,0,163.64
V Kohli,V Nigam,13,11,1,118.18
V Kohli,VR Aaron,20,13,0,153.85
V Kohli,YS Chahal,63,47,1,134.04
V Kohli,Yash Dayal,48,26,0,184.62
V Kohli,Yuvraj Singh,30,20,0,150.0
V Kohli,Z Khan,64,43,4,148.84
V Sehwag,A Kumble,15,11,0,136.36
V Sehwag,A Mishra,50,25,1,200.0
V Sehwag,A Nehra,65,37,3,175.68
V Sehwag,A Singh,22,15,0,146.67
V Sehwag,A Symonds,39,14,1,278.57
V Sehwag,AA Chavan,34,22,0,154.55
V Sehwag,AB Dinda,14,14,1,100.0
V Sehwag,AD Mascarenhas,47,28,1,167.86
V Sehwag,AD Mathews,39,21,0,185.71
V Sehwag,B Kumar,27,18,1,150.0
V Sehwag,B Lee,30,26,1,115.38
V Sehwag,BW Hilfenhaus,19,16,2,118.75
V Sehwag,DE Bollinger,16,10,1,160.0
V Sehwag,DR Smith,17,11,0,154.55
V Sehwag,DS Kulkarni,20,15,2,133.33
V Sehwag,DT Christian,29,15,0,193.33
V Sehwag,DW Steyn,33,35,2,94.29
V Sehwag,GB Hogg,25,16,2,156.25
V Sehwag,Harbhajan Singh,55,40,2,137.5
V Sehwag,Harmeet Singh,13,16,2,81.25
V Sehwag,I Sharma,15,22,1,68.18
V Sehwag,IC Pandey,29,20,1,145.0
V Sehwag,IK Pathan,24,16,2,150.0
V Sehwag,JA Morkel,59,42,1,140.48
V Sehwag,JD Ryder,30,10,1,300.0
V Sehwag,JD Unadkat,9,10,2,90.0
V Sehwag,JH Kallis,60,34,2,176.47
V Sehwag,JJ Bumrah,20,11,0,181.82
V Sehwag,Joginder Sharma,26,13,1,200.0
V Sehwag,KA Pollard,37,14,0,264.29
V Sehwag,L Balaji,39,26,1,150.0
V Sehwag,LJ Wright,33,11,0,300.0
V Sehwag,M Kartik,27,16,1,168.75
V Sehwag,M Morkel,24,28,1,85.71
V Sehwag,M Muralitharan,18,15,1,120.0
V Sehwag,M Ntini,12,10,0,120.0
V Sehwag,MA Starc,10,12,0,83.33
V Sehwag,MM Patel,52,37,3,140.54
V Sehwag,MM Sharma,33,24,2,137.5
V Sehwag,MS Gony,42,22,2,190.91
V Sehwag,Mohammed Shami,18,18,1,100.0
V Sehwag,NM Coulter-Nile,5,11,0,45.45
V Sehwag,P Awana,10,12,2,83.33
V Sehwag,P Kumar,79,44,3,179.55
V Sehwag,PP Chawla,59,33,2,178.79
V Sehwag,PP Ojha,18,24,2,75.0
V Sehwag,Pankaj Singh,33,16,1,206.25
V Sehwag,R Ashwin,42,25,1,168.0
V Sehwag,R Sharma,43,31,0,138.71
V Sehwag,R Vinay Kumar,62,29,2,213.79
V Sehwag,RA Jadeja,55,25,0,220.0
V Sehwag,RJ Harris,16,14,0,114.29
V Sehwag,RP Singh,83,51,1,162.75
V Sehwag,S Sreesanth,18,19,1,94.74
V Sehwag,SC Ganguly,23,11,0,209.09
V Sehwag,SL Malinga,41,36,1,113.89
V Sehwag,SP Narine,23,12,0,191.67
V Sehwag,SR Watson,32,24,3,133.33
V Sehwag,ST Jayasuriya,29,11,0,263.64
V Sehwag,SW Tait,17,10,1,170.0
V Sehwag,UT Yadav,26,24,2,108.33
V Sehwag,VR Aaron,16,11,0,145.45
V Sehwag,VRV Singh,20,10,0,200.0
V Sehwag,VS Malik,24,10,0,240.0
V Sehwag,WPUJC Vaas,27,21,2,128.57
V Sehwag,YS Chahal,10,12,2,83.33
V Sehwag,Z Khan,56,33,3,169.7
V Shankar,AD Russell,18,13,1,138.46
V Shankar,AR Patel,20,18,1,111.11
V Shankar,Arshdeep Singh,13,10,1,130.0
V Shankar,BCJ Cutting,23,12,0,191.67
V Shankar,CJ Jordan,9,10,0,90.0
V Shankar,CV Varun,41,16,1,256.25
V Shankar,DJ Bravo,57,24,1,237.5
V Shankar,DL Chahar,11,12,1,91.67
V Shankar,Harbhajan Singh,12,11,0,109.09
V Shankar,Harshit Rana,6,10,0,60.0
V Shankar,JC Archer,27,17,0,158.82
V Shankar,JD Unadkat,24,13,1,184.62
V Shankar,JJ Bumrah,23,23,1,100.0
V Shankar,KH Pandya,21,12,0,175.0
V Shankar,Kuldeep Yadav,31,24,1,129.17
V Shankar,LH Ferguson,33,14,0,235.71
V Shankar,M Prasidh Krishna,13,10,0,130.0
V Shankar,Mohammed Siraj,25,15,0,166.67
V Shankar,Mukesh Kumar,16,10,0,160.0
V Shankar,PJ Sangwan,22,13,0,169.23
V Shankar,PP Chawla,18,15,2,120.0
V Shankar,R Ashwin,15,12,1,125.0
V Shankar,R Tewatia,19,25,0,76.0
V Shankar,RA Jadeja,25,40,0,62.5
V Shankar,RD Chahar,7,11,0,63.64
V Shankar,Ravi Bishnoi,11,16,0,68.75
V Shankar,S Gopal,19,16,1,118.75
V Shankar,SN Thakur,39,23,0,169.57
V Shankar,SP Narine,28,19,1,147.37
V Shankar,Suyash Sharma,20,13,0,153.85
V Shankar,TU Deshpande,18,10,0,180.0
V Shankar,UT Yadav,8,10,0,80.0
V Shankar,V Nigam,9,10,0,90.0
V Shankar,Vijaykumar Vyshak,18,12,2,150.0
V Shankar,YS Chahal,18,13,2,138.46
V Suryavanshi,B Kumar,15,10,1,150.0
VR Aaron,L Balaji,15,11,0,136.36
VR Iyer,A Nortje,14,14,1,100.0
VR Iyer,AF Milne,19,12,0,158.33
VR Iyer,AR Patel,26,23,2,113.04
VR Iyer,AS Joseph,33,17,1,194.12
VR Iyer,Akash Singh,17,15,0,113.33
VR Iyer,Arshdeep Singh,17,13,1,130.77
VR Iyer,Avesh Khan,20,14,0,142.86
VR Iyer,B Kumar,49,36,0,136.11
VR Iyer,Basil Thampi,6,11,0,54.55
VR Iyer,C Green,21,11,1,190.91
VR Iyer,DJ Bravo,5,10,1,50.0
VR Iyer,DJ Willey,9,15,1,60.0
VR Iyer,DL Chahar,25,19,2,131.58
VR Iyer,DR Sams,21,15,0,140.0
VR Iyer,FA Allen,26,15,0,173.33
VR Iyer,HH Pandya,21,13,1,161.54
VR Iyer,HR Shokeen,24,11,0,218.18
VR Iyer,HV Patel,30,28,3,107.14
VR Iyer,Harpreet Brar,14,10,0,140.0
VR Iyer,J Little,19,10,1,190.0
VR Iyer,JD Unadkat,25,18,0,138.89
VR Iyer,JJ Bumrah,33,27,2,122.22
VR Iyer,JR Hazlewood,22,13,0,169.23
VR Iyer,K Rabada,21,15,1,140.0
VR Iyer,KH Pandya,12,14,1,85.71
VR Iyer,Kuldeep Yadav,10,11,0,90.91
VR Iyer,M Ashwin,19,11,0,172.73
VR Iyer,M Jansen,14,18,3,77.78
VR Iyer,Mohammed Shami,27,19,0,142.11
VR Iyer,Mohammed Siraj,31,34,0,91.18
VR Iyer,N Thushara,17,11,0,154.55
VR Iyer,NT Ellis,27,19,0,142.11
VR Iyer,PJ Cummins,32,13,0,246.15
VR Iyer,PP Chawla,18,22,1,81.82
VR Iyer,PWH de Silva,21,11,1,190.91
VR Iyer,R Ashwin,36,31,0,116.13
VR Iyer,RD Chahar,26,25,1,104.0
VR Iyer,RP Meredith,37,15,1,246.67
VR Iyer,Rashid Khan,32,28,1,114.29
VR Iyer,Ravi Bishnoi,30,25,1,120.0
VR Iyer,SN Thakur,26,13,2,200.0
VR Iyer,T Natarajan,29,13,2,223.08
VR Iyer,TA Boult,19,21,0,90.48
VR Iyer,Vijaykumar Vyshak,13,14,0,92.86
VR Iyer,YS Chahal,39,20,2,195.0
VR Iyer,Yash Dayal,39,16,1,243.75
VVS Laxman,A Kumble,20,13,0,153.85
VVS Laxman,DJ Bravo,18,13,1,138.46
VVS Laxman,DW Steyn,8,11,0,72.73
VVS Laxman,I Sharma,15,16,0,93.75
VVS Laxman,JA Morkel,5,11,1,45.45
VVS Laxman,JH Kallis,15,11,0,136.36
VVS Laxman,S Sreesanth,19,15,1,126.67
VVS Laxman,SR Watson,10,13,0,76.92
VVS Laxman,TM Dilshan,16,12,1,133.33
VVS Laxman,Z Khan,13,19,0,68.42
Vishnu Vinod,Mohammed Shami,12,10,0,120.0
Vivrant Sharma,JP Behrendorff,13,11,0,118.18
Vivrant Sharma,PP Chawla,23,13,0,176.92
W Jaffer,RP Singh,12,10,0,120.0
WA Mota,L Balaji,11,11,0,100.0
WG Jacks,CV Varun,18,13,0,138.46
WG Jacks,E Malinga,17,10,0,170.0
WG Jacks,MM Sharma,33,11,0,300.0
WG Jacks,Noor Ahmad,17,13,1,130.77
WG Jacks,R Sai Kishore,28,14,0,200.0
WG Jacks,Rashid Khan,40,22,1,181.82
WG Jacks,SP Narine,12,15,0,80.0
WG Jacks,Zeeshan Ansari,14,11,1,127.27
WP Saha,A Kumble,11,13,1,84.62
WP Saha,A Mishra,30,28,2,107.14
WP Saha,A Nortje,13,10,2,130.0
WP Saha,A Zampa,8,10,1,80.0
WP Saha,AD Russell,14,11,1,127.27
WP Saha,AR Patel,31,20,0,155.0
WP Saha,Arshdeep Singh,50,31,2,161.29
WP Saha,Avesh Khan,24,15,1,160.0
WP Saha,B Kumar,48,37,1,129.73
WP Saha,CH Morris,9,11,0,81.82
WP Saha,CV Varun,20,19,0,105.26
WP Saha,DJ Bravo,36,36,3,100.0
WP Saha,DL Chahar,67,51,3,131.37
WP Saha,DL Vettori,8,10,0,80.0
WP Saha,DS Kulkarni,22,17,0,129.41
WP Saha,DW Steyn,17,12,1,141.67
WP Saha,HH Pandya,26,11,0,236.36
WP Saha,Harbhajan Singh,58,39,0,148.72
WP Saha,Harpreet Brar,14,16,0,87.5
WP Saha,JA Morkel,12,13,0,92.31
WP Saha,JD Unadkat,47,28,1,167.86
WP Saha,JH Kallis,24,10,1,240.0
WP Saha,JJ Bumrah,57,54,2,105.56
WP Saha,JP Behrendorff,15,15,0,100.0
WP Saha,JP Duminy,11,11,0,100.0
WP Saha,JP Faulkner,25,20,1,125.0
WP Saha,JR Hazlewood,9,15,0,60.0
WP Saha,JR Hopes,17,10,0,170.0
WP Saha,K Rabada,58,38,4,152.63
WP Saha,KA Pollard,20,10,0,200.0
WP Saha,KH Pandya,62,53,2,116.98
WP Saha,KK Ahmed,37,27,1,137.04
WP Saha,KV Sharma,32,30,1,106.67
WP Saha,Kuldeep Yadav,27,18,1,150.0
WP Saha,L Balaji,33,15,1,220.0
WP Saha,M Ashwin,8,10,2,80.0
WP Saha,M Morkel,39,32,3,121.88
WP Saha,M Muralitharan,13,10,0,130.0
WP Saha,M Prasidh Krishna,11,10,1,110.0
WP Saha,M Theekshana,13,14,0,92.86
WP Saha,MA Starc,15,11,0,136.36
WP Saha,MC Henriques,32,23,2,139.13
WP Saha,MG Johnson,19,12,0,158.33
WP Saha,MJ McClenaghan,34,24,2,141.67
WP Saha,MM Sharma,12,10,3,120.0
WP Saha,MS Gony,29,17,1,170.59
WP Saha,Mohammed Shami,30,16,2,187.5
WP Saha,Mohammed Siraj,37,38,4,97.37
WP Saha,Mohsin Khan,32,18,1,177.78
WP Saha,Mukesh Choudhary,26,21,0,123.81
WP Saha,NM Coulter-Nile,22,19,2,115.79
WP Saha,Naveen-ul-Haq,9,10,0,90.0
WP Saha,P Kumar,35,26,0,134.62
WP Saha,PH Solanki,9,12,0,75.0
WP Saha,PP Chawla,100,61,3,163.93
WP Saha,R Ashwin,33,27,0,122.22
WP Saha,RA Jadeja,48,42,2,114.29
WP Saha,RP Singh,24,19,0,126.32
WP Saha,Ravi Bishnoi,20,22,0,90.91
WP Saha,S Aravind,33,18,1,183.33
WP Saha,SL Malinga,40,29,0,137.93
WP Saha,SN Thakur,21,19,0,110.53
WP Saha,SP Narine,74,62,4,119.35
WP Saha,Sandeep Sharma,16,17,0,94.12
WP Saha,Shahbaz Ahmed,20,11,1,181.82
WP Saha,Shakib Al Hasan,17,18,1,94.44
WP Saha,Shivam Mavi,17,15,0,113.33
WP Saha,Simarjeet Singh,19,14,0,135.71
WP Saha,Swapnil Singh,7,10,1,70.0
WP Saha,TA Boult,40,31,3,129.03
WP Saha,TG Southee,18,12,2,150.0
WP Saha,TU Deshpande,32,21,0,152.38
WP Saha,UT Yadav,111,77,2,144.16
WP Saha,VRV Singh,17,13,0,130.77
WP Saha,Washington Sundar,22,15,0,146.67
WP Saha,YS Chahal,58,51,3,113.73
WP Saha,Z Khan,39,20,0,195.0
Washington Sundar,A Mishra,7,10,1,70.0
Washington Sundar,BA Stokes,16,10,1,160.0
Washington Sundar,GJ Maxwell,18,15,0,120.0
Washington Sundar,HH Pandya,19,11,1,172.73
Washington Sundar,JD Unadkat,29,15,1,193.33
Washington Sundar,JJ Bumrah,12,14,2,85.71
Washington Sundar,K Rabada,27,22,3,122.73
Washington Sundar,KH Pandya,5,11,2,45.45
Washington Sundar,Mohammed Shami,14,11,1,127.27
Washington Sundar,Rashid Khan,7,10,1,70.0
Washington Sundar,Ravi Bishnoi,20,22,2,90.91
Washington Sundar,Sandeep Sharma,11,11,1,100.0
Washington Sundar,TA Boult,37,19,1,194.74
Washington Sundar,Zeeshan Ansari,12,10,0,120.0
Y Nagar,DJ Bravo,8,12,0,66.67
Y Nagar,R Ashwin,11,14,0,78.57
Y Nagar,R Vinay Kumar,17,18,2,94.44
Y Nagar,RA Jadeja,12,18,0,66.67
Y Venugopal Rao,A Kumble,26,14,1,185.71
Y Venugopal Rao,A Mithun,18,11,0,163.64
Y Venugopal Rao,A Nehra,23,15,2,153.33
Y Venugopal Rao,A Singh,15,10,0,150.0
Y Venugopal Rao,AB Dinda,16,10,0,160.0
Y Venugopal Rao,B Akhil,10,10,0,100.0
Y Venugopal Rao,B Lee,11,11,1,100.0
Y Venugopal Rao,CRD Fernando,13,11,0,118.18
Y Venugopal Rao,DJ Bravo,26,18,1,144.44
Y Venugopal Rao,DL Vettori,11,14,1,78.57
Y Venugopal Rao,GD McGrath,13,16,1,81.25
Y Venugopal Rao,HV Patel,12,11,0,109.09
Y Venugopal Rao,I Sharma,13,18,2,72.22
Y Venugopal Rao,J Botha,18,10,0,180.0
Y Venugopal Rao,JA Morkel,17,15,1,113.33
Y Venugopal Rao,KA Pollard,19,15,1,126.67
Y Venugopal Rao,L Balaji,17,11,0,154.55
Y Venugopal Rao,M Kartik,27,13,0,207.69
Y Venugopal Rao,M Muralitharan,21,25,1,84.0
Y Venugopal Rao,MF Maharoof,24,14,1,171.43
Y Venugopal Rao,MM Patel,9,13,0,69.23
Y Venugopal Rao,MS Gony,8,11,0,72.73
Y Venugopal Rao,ND Doshi,4,11,1,36.36
Y Venugopal Rao,P Kumar,13,10,1,130.0
Y Venugopal Rao,PP Chawla,11,20,2,55.0
Y Venugopal Rao,R Ashwin,14,14,2,100.0
Y Venugopal Rao,R Vinay Kumar,19,21,1,90.48
Y Venugopal Rao,RA Jadeja,24,15,1,160.0
Y Venugopal Rao,RJ Harris,20,12,0,166.67
Y Venugopal Rao,S Sreesanth,5,14,1,35.71
Y Venugopal Rao,SB Jakati,31,23,1,134.78
Y Venugopal Rao,SK Trivedi,26,10,1,260.0
Y Venugopal Rao,SK Warne,18,19,1,94.74
Y Venugopal Rao,SL Malinga,9,10,3,90.0
Y Venugopal Rao,ST Jayasuriya,20,12,0,166.67
Y Venugopal Rao,Shakib Al Hasan,10,13,1,76.92
Y Venugopal Rao,Yuvraj Singh,27,18,2,150.0
YBK Jaiswal,A Nortje,13,17,1,76.47
YBK Jaiswal,AR Patel,25,14,0,178.57
YBK Jaiswal,AU Rashid,30,22,0,136.36
YBK Jaiswal,Akash Singh,39,17,0,229.41
YBK Jaiswal,Arshdeep Singh,58,35,2,165.71
YBK Jaiswal,Avesh Khan,27,19,1,142.11
YBK Jaiswal,B Kumar,101,57,0,177.19
YBK Jaiswal,C Green,15,10,1,150.0
YBK Jaiswal,CV Varun,24,19,0,126.32
YBK Jaiswal,DJ Willey,14,14,1,100.0
YBK Jaiswal,DS Rathi,15,13,0,115.38
YBK Jaiswal,G Coetzee,22,12,0,183.33
YBK Jaiswal,GJ Maxwell,28,16,0,175.0
YBK Jaiswal,HH Pandya,4,11,1,36.36
YBK Jaiswal,HV Patel,15,16,1,93.75
YBK Jaiswal,Harpreet Brar,19,19,2,100.0
YBK Jaiswal,Harshit Rana,32,15,0,213.33
YBK Jaiswal,JC Archer,15,10,0,150.0
YBK Jaiswal,JJ Bumrah,19,16,1,118.75
YBK Jaiswal,JO Holder,7,10,0,70.0
YBK Jaiswal,JR Hazlewood,81,32,3,253.12
YBK Jaiswal,K Rabada,14,17,1,82.35
YBK Jaiswal,KH Pandya,14,12,0,116.67
YBK Jaiswal,KK Ahmed,58,28,2,207.14
YBK Jaiswal,LH Ferguson,16,14,1,114.29
YBK Jaiswal,M Jansen,55,28,1,196.43
YBK Jaiswal,M Prasidh Krishna,30,12,0,250.0
YBK Jaiswal,M Theekshana,18,18,0,100.0
YBK Jaiswal,MJ Henry,13,10,0,130.0
YBK Jaiswal,MM Ali,21,23,2,91.3
YBK Jaiswal,MP Stoinis,35,25,3,140.0
YBK Jaiswal,Mohammad Nabi,19,11,0,172.73
YBK Jaiswal,Mohammed Shami,38,31,0,122.58
YBK Jaiswal,Mohammed Siraj,60,44,1,136.36
YBK Jaiswal,Mohsin Khan,31,20,1,155.0
YBK Jaiswal,Mukesh Choudhary,22,12,0,183.33
YBK Jaiswal,PJ Cummins,27,14,0,192.86
YBK Jaiswal,PP Chawla,46,23,0,200.0
YBK Jaiswal,Prince Yadav,10,10,0,100.0
YBK Jaiswal,R Ashwin,11,13,0,84.62
YBK Jaiswal,R Dhawan,16,10,0,160.0
YBK Jaiswal,RA Jadeja,21,13,0,161.54
YBK Jaiswal,RD Chahar,37,23,1,160.87
YBK Jaiswal,RP Meredith,45,19,0,236.84
YBK Jaiswal,Rashid Khan,21,21,1,100.0
YBK Jaiswal,Ravi Bishnoi,14,15,0,93.33
YBK Jaiswal,SH Johnson,22,14,0,157.14
YBK Jaiswal,SM Curran,46,31,1,148.39
YBK Jaiswal,SN Thakur,45,22,0,204.55
YBK Jaiswal,Sandeep Sharma,53,30,1,176.67
YBK Jaiswal,Shivam Mavi,9,11,1,81.82
YBK Jaiswal,Simarjeet Singh,10,12,2,83.33
YBK Jaiswal,Suyash Sharma,28,17,0,164.71
YBK Jaiswal,T Natarajan,10,10,1,100.0
YBK Jaiswal,TA Boult,23,13,2,176.92
YBK Jaiswal,TU Deshpande,15,12,2,125.0
YBK Jaiswal,UT Yadav,18,13,1,138.46
YBK Jaiswal,VG Arora,26,15,1,173.33
YBK Jaiswal,Washington Sundar,27,14,0,192.86
YBK Jaiswal,YS Chahal,19,12,0,158.33
YBK Jaiswal,Yash Dayal,61,32,2,190.62
YK Pathan,A Mishra,94,61,1,154.1
YK Pathan,A Nehra,37,21,1,176.19
YK Pathan,AB Dinda,19,17,1,111.76
YK Pathan,AD Mathews,19,23,0,82.61
YK Pathan,AD Russell,25,12,1,208.33
YK Pathan,AG Murtaza,36,19,0,189.47
YK Pathan,AN Ahmed,17,12,0,141.67
YK Pathan,AR Patel,24,27,0,88.89
YK Pathan,Ankit Sharma,11,10,1,110.0
YK Pathan,B Kumar,50,42,4,119.05
YK Pathan,BB Sran,10,11,0,90.91
YK Pathan,BCJ Cutting,13,12,0,108.33
YK Pathan,CH Morris,30,26,1,115.38
YK Pathan,DJ Bravo,73,55,3,132.73
YK Pathan,DL Vettori,38,16,0,237.5
YK Pathan,DR Smith,23,19,1,121.05
YK Pathan,DS Kulkarni,20,19,1,105.26
YK Pathan,DW Steyn,82,47,2,174.47
YK Pathan,GD McGrath,17,11,0,154.55
YK Pathan,Harbhajan Singh,46,35,0,131.43
YK Pathan,I Sharma,22,14,0,157.14
YK Pathan,IK Pathan,18,17,0,105.88
YK Pathan,Imran Tahir,28,15,2,186.67
YK Pathan,JA Morkel,30,28,2,107.14
YK Pathan,JC Archer,13,11,1,118.18
YK Pathan,JD Unadkat,18,11,1,163.64
YK Pathan,JEC Franklin,11,14,1,78.57
YK Pathan,JH Kallis,13,15,0,86.67
YK Pathan,JJ Bumrah,18,21,2,85.71
YK Pathan,JP Faulkner,16,11,0,145.45
YK Pathan,KA Pollard,31,23,2,134.78
YK Pathan,KV Sharma,80,43,1,186.05
YK Pathan,L Balaji,48,28,1,171.43
YK Pathan,LR Shukla,22,16,1,137.5
YK Pathan,M Ashwin,32,15,0,213.33
YK Pathan,M Kartik,13,15,1,86.67
YK Pathan,M Morkel,25,18,1,138.89
YK Pathan,M Muralitharan,43,34,1,126.47
YK Pathan,MC Henriques,22,20,2,110.0
YK Pathan,MF Maharoof,20,20,2,100.0
YK Pathan,MG Johnson,18,15,1,120.0
YK Pathan,MJ McClenaghan,18,13,0,138.46
YK Pathan,MM Patel,12,12,1,100.0
YK Pathan,MM Sharma,40,30,5,133.33
YK Pathan,Mohammed Shami,23,15,0,153.33
YK Pathan,Mustafizur Rahman,26,23,1,113.04
YK Pathan,NLTC Perera,24,16,0,150.0
YK Pathan,NM Coulter-Nile,19,11,1,172.73
YK Pathan,P Kumar,32,21,1,152.38
YK Pathan,PP Chawla,22,22,3,100.0
YK Pathan,PP Ojha,93,47,3,197.87
YK Pathan,R Ashwin,56,40,3,140.0
YK Pathan,R Bhatia,9,10,1,90.0
YK Pathan,R Dhawan,15,11,1,136.36
YK Pathan,R Sharma,38,18,0,211.11
YK Pathan,R Vinay Kumar,66,42,4,157.14
YK Pathan,RA Jadeja,61,46,0,132.61
YK Pathan,RP Singh,43,27,1,159.26
YK Pathan,S Aravind,28,19,1,147.37
YK Pathan,SB Jakati,28,30,2,93.33
YK Pathan,SK Trivedi,22,23,1,95.65
YK Pathan,SL Malinga,74,55,0,134.55
YK Pathan,SN Thakur,31,22,1,140.91
YK Pathan,SR Watson,39,21,1,185.71
YK Pathan,STR Binny,16,10,0,160.0
YK Pathan,UT Yadav,22,22,2,100.0
YK Pathan,Umar Gul,32,13,1,246.15
YK Pathan,VR Aaron,35,22,2,159.09
YK Pathan,WD Parnell,32,23,2,139.13
YK Pathan,WPUJC Vaas,35,15,0,233.33
YK Pathan,YS Chahal,13,20,2,65.0
YK Pathan,Yuvraj Singh,40,16,1,250.0
YK Pathan,Z Khan,34,21,1,161.9
YS Chahal,Imran Tahir,1,13,1,7.69
YS Chahal,LH Ferguson,3,11,0,27.27
YV Takawale,GD McGrath,10,13,0,76.92
YV Takawale,M Morkel,40,23,0,173.91
YV Takawale,MM Patel,16,19,0,84.21
YV Takawale,S Badree,16,12,0,133.33
YV Takawale,SK Trivedi,12,12,1,100.0
YV Takawale,SP Narine,9,13,1,69.23
YV Takawale,Sohail Tanvir,3,12,0,25.0
Yashpal Singh,MM Patel,3,12,1,25.0
Yuvraj Singh,A Kumble,30,17,1,176.47
Yuvraj Singh,A Mishra,29,35,2,82.86
Yuvraj Singh,AB Dinda,39,13,0,300.0
Yuvraj Singh,AR Patel,63,33,1,190.91
Yuvraj Singh,B Lee,11,10,0,110.0
Yuvraj Singh,BA Stokes,13,10,0,130.0
Yuvraj Singh,CH Gayle,14,11,0,127.27
Yuvraj Singh,CH Morris,25,18,2,138.89
Yuvraj Singh,DE Bollinger,16,11,0,145.45
Yuvraj Singh,DJ Bravo,21,18,2,116.67
Yuvraj Singh,DL Vettori,28,19,1,147.37
Yuvraj Singh,DS Kulkarni,18,18,1,100.0
Yuvraj Singh,DT Christian,15,25,2,60.0
Yuvraj Singh,DW Steyn,20,22,1,90.91
Yuvraj Singh,GJ Maxwell,15,14,1,107.14
Yuvraj Singh,HH Pandya,12,13,1,92.31
Yuvraj Singh,Harbhajan Singh,45,58,1,77.59
Yuvraj Singh,I Sharma,20,15,1,133.33
Yuvraj Singh,IK Pathan,23,16,1,143.75
Yuvraj Singh,Imran Tahir,46,31,1,148.39
Yuvraj Singh,JH Kallis,70,38,2,184.21
Yuvraj Singh,JJ Bumrah,5,14,1,35.71
Yuvraj Singh,JP Duminy,14,27,2,51.85
Yuvraj Singh,JP Faulkner,23,20,1,115.0
Yuvraj Singh,K Rabada,26,12,1,216.67
Yuvraj Singh,KA Pollard,32,16,2,200.0
Yuvraj Singh,KMA Paul,12,13,0,92.31
Yuvraj Singh,KV Sharma,9,15,1,60.0
Yuvraj Singh,Kuldeep Yadav,39,16,0,243.75
Yuvraj Singh,L Balaji,31,26,2,119.23
Yuvraj Singh,M Kartik,19,13,0,146.15
Yuvraj Singh,M Morkel,21,22,0,95.45
Yuvraj Singh,M Muralitharan,34,33,0,103.03
Yuvraj Singh,MG Johnson,20,15,0,133.33
Yuvraj Singh,MJ McClenaghan,38,22,2,172.73
Yuvraj Singh,MM Sharma,43,24,1,179.17
Yuvraj Singh,MS Gony,6,12,1,50.0
Yuvraj Singh,Mohammed Shami,44,33,0,133.33
Yuvraj Singh,P Kumar,21,26,1,80.77
Yuvraj Singh,PJ Sangwan,14,13,1,107.69
Yuvraj Singh,PP Chawla,37,26,2,142.31
Yuvraj Singh,PP Ojha,28,20,1,140.0
Yuvraj Singh,Parvez Rasool,14,14,2,100.0
Yuvraj Singh,R Ashwin,33,41,0,80.49
Yuvraj Singh,R Bhatia,41,29,0,141.38
Yuvraj Singh,R Dhawan,24,24,1,100.0
Yuvraj Singh,R Sharma,19,15,0,126.67
Yuvraj Singh,R Tewatia,13,12,1,108.33
Yuvraj Singh,RA Jadeja,17,24,1,70.83
Yuvraj Singh,RG Sharma,25,17,0,147.06
Yuvraj Singh,S Aravind,21,11,0,190.91
Yuvraj Singh,S Nadeem,27,16,0,168.75
Yuvraj Singh,S Randiv,11,15,0,73.33
Yuvraj Singh,SB Jakati,12,13,0,92.31
Yuvraj Singh,SC Ganguly,11,13,0,84.62
Yuvraj Singh,SK Raina,47,51,2,92.16
Yuvraj Singh,SK Trivedi,47,39,2,120.51
Yuvraj Singh,SK Warne,69,40,1,172.5
Yuvraj Singh,SL Malinga,39,30,3,130.0
Yuvraj Singh,SN Thakur,12,11,1,109.09
Yuvraj Singh,SP Narine,35,48,1,72.92
Yuvraj Singh,SR Watson,51,32,1,159.38
Yuvraj Singh,Sandeep Sharma,19,15,0,126.67
Yuvraj Singh,Shoaib Malik,12,10,0,120.0
Yuvraj Singh,TA Boult,7,13,0,53.85
Yuvraj Singh,TG Southee,36,25,0,144.0
Yuvraj Singh,UT Yadav,53,36,4,147.22
Yuvraj Singh,Y Venugopal Rao,18,13,1,138.46
Yuvraj Singh,YK Pathan,39,23,0,169.57
Yuvraj Singh,YS Chahal,34,15,1,226.67
Yuvraj Singh,Z Khan,12,12,2,100.0
Z Khan,DE Bollinger,10,11,2,90.91
